canonical_name,name_slug,id,name,real_name,promotion,height,weight,date_born,nationality,debut,retired,image_url,image_large,team,description,source,birth_date,height_cm,weight_kg,extract,debut_year,link,url,real_name_slug,biography
"""A Bryan Kendrick""",a bryan kendrick,79408,"""A Bryan Kendrick""",,,,,,,,,,,,,,,,,,,,,,
"""Bob Dylan""",bob dylan,27412,"""Bob Dylan""",,,,,,,,,,,,,,,,,,,,,,
"""Mr. Wrestling"" Tim Woods",mr wrestling tim woods,136450,"""Mr. Wrestling"" Tim Woods",,,,,,,,,,,,,,,,,,,,,,
2 Cold Scorpio,2 cold scorpio,976,2 Cold Scorpio,,,,,,,,,,,,,,,,,,,,,,
2 Cold Scorpio & Bull Pain & Dudley Dudley & Ian Rotten & Marty Jannetty & Pitbull #1 & Pitbull #2 & Raven & Stevie Richards & The Vampire Warrior & Tommy Dreamer,2 cold scorpio bull pain dudley dudley ian rotten marty jannetty pitbull 1 pitbull 2 raven stevie richards the vampire warrior tommy dreamer,8606,2 Cold Scorpio & Bull Pain & Dudley Dudley & Ian Rotten & Marty Jannetty & Pitbull #1 & Pitbull #2 & Raven & Stevie Richards & The Vampire Warrior & Tommy Dreamer,,,,,,,,,,,,,,,,,,,,,,
8-Ball,8 ball,148784,8-Ball,,,,,,,,,,,,,,,,,,,,,,
8-Ball & Ahmed Johnson & Blackjack Bradshaw & Cactus Jack & Chainsaw Charlie & Chainz & D-Lo Brown & Dude Love & Faarooq & Henry O. Godwinn & Honky Tonk Man & Jeff Jarrett & Kama Mustafa & Ken Shamrock & Kurrgan & Mankind & Marc Mero & Mark Henry & Mosh & Owen Hart & Phineas I. Godwinn & Savio Vega & Skull & Steve Blackman & The Artist Formerly Known As Goldust & The Rock & Thrasher & Tom Brandi & Vader,8 ball ahmed johnson blackjack bradshaw cactus jack chainsaw charlie chainz d lo brown dude love faarooq henry o godwinn honky tonk man jeff jarrett kama mustafa ken shamrock kurrgan mankind marc mero mark henry mosh owen hart phineas i godwinn savio vega skull steve blackman the artist formerly known as goldust the rock thrasher tom brandi vader,152104,8-Ball & Ahmed Johnson & Blackjack Bradshaw & Cactus Jack & Chainsaw Charlie & Chainz & D-Lo Brown & Dude Love & Faarooq & Henry O. Godwinn & Honky Tonk Man & Jeff Jarrett & Kama Mustafa & Ken Shamrock & Kurrgan & Mankind & Marc Mero & Mark Henry & Mosh & Owen Hart & Phineas I. Godwinn & Savio Vega & Skull & Steve Blackman & The Artist Formerly Known As Goldust & The Rock & Thrasher & Tom Brandi & Vader,,,,,,,,,,,,,,,,,,,,,,
8-Ball & Animal & Bradshaw & Brian Christopher & Droz & Faarooq & Gillberg & Hawk & Jeff Hardy & Johnny Grunge & Matt Hardy & Mideon & Rocco Rock & Scott Taylor & Skull & Steve Blackman & The Godfather & Tiger Ali Singh & Viscera,8 ball animal bradshaw brian christopher droz faarooq gillberg hawk jeff hardy johnny grunge matt hardy mideon rocco rock scott taylor skull steve blackman the godfather tiger ali singh viscera,149422,8-Ball & Animal & Bradshaw & Brian Christopher & Droz & Faarooq & Gillberg & Hawk & Jeff Hardy & Johnny Grunge & Matt Hardy & Mideon & Rocco Rock & Scott Taylor & Skull & Steve Blackman & The Godfather & Tiger Ali Singh & Viscera,,,,,,,,,,,,,,,,,,,,,,
8-Ball & Animal & Bradshaw & Droz & Faarooq & Skull,8 ball animal bradshaw droz faarooq skull,149998,8-Ball & Animal & Bradshaw & Droz & Faarooq & Skull,,,,,,,,,,,,,,,,,,,,,,
8-Ball & Bob Holly & Bradshaw & Dan Severn & Dennis Knight & Dick Togo & Faarooq & Giant Silva & Golga & Jesus Castillo Jr. & Kurrgan & Marc Mero & Mark Canterbury & Men's Teioh & Miguel Perez Jr. & Mosh & Papi Chulo & Scott Taylor & Sho Funaki & Skull & Thrasher & Tiger Ali Singh,8 ball bob holly bradshaw dan severn dennis knight dick togo faarooq giant silva golga jesus castillo jr kurrgan marc mero mark canterbury men s teioh miguel perez jr mosh papi chulo scott taylor sho funaki skull thrasher tiger ali singh,150738,8-Ball & Bob Holly & Bradshaw & Dan Severn & Dennis Knight & Dick Togo & Faarooq & Giant Silva & Golga & Jesus Castillo Jr. & Kurrgan & Marc Mero & Mark Canterbury & Men's Teioh & Miguel Perez Jr. & Mosh & Papi Chulo & Scott Taylor & Sho Funaki & Skull & Thrasher & Tiger Ali Singh,,,,,,,,,,,,,,,,,,,,,,
8-Ball & Bodacious Bart & Bombastic Bob & Bradshaw & Brian Christopher & Chainz & D-Lo Brown & Faarooq & Flash Funk & Henry O. Godwinn & Jacques Rougeau & Jesus Castillo Jr. & Jose Estrada Jr. & Kama Mustafa & Mark Henry & Miguel Perez Jr. & Mosh & Phineas I. Godwinn & Pierre Ouellette & Recon & Ricky Morton & Robert Gibson & Savio Vega & Scott Taylor & Skull & Sniper & Steve Blackman & Thrasher,8 ball bodacious bart bombastic bob bradshaw brian christopher chainz d lo brown faarooq flash funk henry o godwinn jacques rougeau jesus castillo jr jose estrada jr kama mustafa mark henry miguel perez jr mosh phineas i godwinn pierre ouellette recon ricky morton robert gibson savio vega scott taylor skull sniper steve blackman thrasher,151768,8-Ball & Bodacious Bart & Bombastic Bob & Bradshaw & Brian Christopher & Chainz & D-Lo Brown & Faarooq & Flash Funk & Henry O. Godwinn & Jacques Rougeau & Jesus Castillo Jr. & Jose Estrada Jr. & Kama Mustafa & Mark Henry & Miguel Perez Jr. & Mosh & Phineas I. Godwinn & Pierre Ouellette & Recon & Ricky Morton & Robert Gibson & Savio Vega & Scott Taylor & Skull & Sniper & Steve Blackman & Thrasher,,,,,,,,,,,,,,,,,,,,,,
8-Ball & Jeff Hardy & Johnny Grunge & Matt Hardy & Rocco Rock & Skull,8 ball jeff hardy johnny grunge matt hardy rocco rock skull,149388,8-Ball & Jeff Hardy & Johnny Grunge & Matt Hardy & Rocco Rock & Skull,,,,,,,,,,,,,,,,,,,,,,
911,911,4412,911,,,,,,,,,,,,,,,,,,,,,,
911 & Mikey Whipwreck & Taz,911 mikey whipwreck taz,8441,911 & Mikey Whipwreck & Taz,,,,,,,,,,,,,,,,,,,,,,
A Parking Attendant,a parking attendant,145542,A Parking Attendant,,,,,,,,,,,,,,,,,,,,,,
A-1 & Rory McAllister,a 1 rory mcallister,126246,A-1 & Rory McAllister,,,,,,,,,,,,,,,,,,,,,,
A-Kid,a kid,17032,A-Kid,,,,,,,,,,,,,,,,,,,,,,
A-Train,a train,127302,A-Train,,,,,,,,,,,,,,,,,,,,,,
A-Train & B-2 & Batista & Bill DeMott & Booker T. & Charlie Haas & Chavo Guerrero & Chris Jericho & Chris Nowinski & Christian & Eddie Guerrero & Edge & Goldust & Jamal & Jeff Hardy & John Cena & Kane & Matt Hardy & Maven & Rey Mysterio & Rikishi & Rob Van Dam & Rosey & Shawn Michaels & Shelton Benjamin & Tajiri & Test & The Undertaker & Tommy Dreamer,a train b 2 batista bill demott booker t charlie haas chavo guerrero chris jericho chris nowinski christian eddie guerrero edge goldust jamal jeff hardy john cena kane matt hardy maven rey mysterio rikishi rob van dam rosey shawn michaels shelton benjamin tajiri test the undertaker tommy dreamer,131502,A-Train & B-2 & Batista & Bill DeMott & Booker T. & Charlie Haas & Chavo Guerrero & Chris Jericho & Chris Nowinski & Christian & Eddie Guerrero & Edge & Goldust & Jamal & Jeff Hardy & John Cena & Kane & Matt Hardy & Maven & Rey Mysterio & Rikishi & Rob Van Dam & Rosey & Shawn Michaels & Shelton Benjamin & Tajiri & Test & The Undertaker & Tommy Dreamer,,,,,,,,,,,,,,,,,,,,,,
A-Train & Billy Gunn & Booker T. & Bradshaw & Charlie Haas & Chris Jericho & Christian & Ernest Miller & Goldberg & John Cena & Kane & Kurt Angle & Mark Henry & Matt Hardy & Matt Morgan & Mick Foley & Nunzio & Randy Orton & Rene Dupree & Rhyno & Rico & Rikishi & Rob Van Dam & Scott Steiner & Shelton Benjamin & Spike Dudley & Tajiri & The Big Show & The Hurricane,a train billy gunn booker t bradshaw charlie haas chris jericho christian ernest miller goldberg john cena kane kurt angle mark henry matt hardy matt morgan mick foley nunzio randy orton rene dupree rhyno rico rikishi rob van dam scott steiner shelton benjamin spike dudley tajiri the big show the hurricane,128430,A-Train & Billy Gunn & Booker T. & Bradshaw & Charlie Haas & Chris Jericho & Christian & Ernest Miller & Goldberg & John Cena & Kane & Kurt Angle & Mark Henry & Matt Hardy & Matt Morgan & Mick Foley & Nunzio & Randy Orton & Rene Dupree & Rhyno & Rico & Rikishi & Rob Van Dam & Scott Steiner & Shelton Benjamin & Spike Dudley & Tajiri & The Big Show & The Hurricane,,,,,,,,,,,,,,,,,,,,,,
A-Train & Billy Gunn & Bradshaw & Charlie Haas & Ernest Miller & Hardcore Holly & John Cena & Kurt Angle & Nunzio & Rhyno & Rikishi & Shelton Benjamin & Tajiri & The Big Show,a train billy gunn bradshaw charlie haas ernest miller hardcore holly john cena kurt angle nunzio rhyno rikishi shelton benjamin tajiri the big show,128394,A-Train & Billy Gunn & Bradshaw & Charlie Haas & Ernest Miller & Hardcore Holly & John Cena & Kurt Angle & Nunzio & Rhyno & Rikishi & Shelton Benjamin & Tajiri & The Big Show,,,,,,,,,,,,,,,,,,,,,,
A-Train & Bradshaw & Charlie Haas & Chuck Palumbo & Danny Basham & Doug Basham & Eddie Guerrero & Johnny Stamboli & Matt Morgan & Nathan Jones & Orlando Jordan & Rey Mysterio & Rhyno & Rikishi & Scotty 2 Hotty & Shelton Benjamin & The Big Show & Ultimo Dragon,a train bradshaw charlie haas chuck palumbo danny basham doug basham eddie guerrero johnny stamboli matt morgan nathan jones orlando jordan rey mysterio rhyno rikishi scotty 2 hotty shelton benjamin the big show ultimo dragon,128846,A-Train & Bradshaw & Charlie Haas & Chuck Palumbo & Danny Basham & Doug Basham & Eddie Guerrero & Johnny Stamboli & Matt Morgan & Nathan Jones & Orlando Jordan & Rey Mysterio & Rhyno & Rikishi & Scotty 2 Hotty & Shelton Benjamin & The Big Show & Ultimo Dragon,,,,,,,,,,,,,,,,,,,,,,
A-Train & Brother Love & Chris Kanyon & Chuck Palumbo & Conquistador Uno & Conqusitador Dos & Danny Basham & Doink the Clown (Nick Dinsmore) & Doug Basham & Faarooq & Funaki & John Hennigan & Johnny Stamboli & Matt Cappotelli & Matt Hardy & Nunzio & Orlando Jordan & Sean O'Haire & Shannon Moore & Spanky & The Brooklyn Brawler & The Easter Bunny,a train brother love chris kanyon chuck palumbo conquistador uno conqusitador dos danny basham doink the clown nick dinsmore doug basham faarooq funaki john hennigan johnny stamboli matt cappotelli matt hardy nunzio orlando jordan sean o haire shannon moore spanky the brooklyn brawler the easter bunny,129910,A-Train & Brother Love & Chris Kanyon & Chuck Palumbo & Conquistador Uno & Conqusitador Dos & Danny Basham & Doink the Clown (Nick Dinsmore) & Doug Basham & Faarooq & Funaki & John Hennigan & Johnny Stamboli & Matt Cappotelli & Matt Hardy & Nunzio & Orlando Jordan & Sean O'Haire & Shannon Moore & Spanky & The Brooklyn Brawler & The Easter Bunny,,,,,,,,,,,,,,,,,,,,,,
A. C. Conner & Bob Cook,a c conner bob cook,156440,A. C. Conner & Bob Cook,,,,,,,,,,,,,,,,,,,,,,
A. C. Conner & Major Yates,a c conner major yates,155464,A. C. Conner & Major Yates,,,,,,,,,,,,,,,,,,,,,,
A. J. Kirsch & Dave Dutra,a j kirsch dave dutra,72410,A. J. Kirsch & Dave Dutra,,,,,,,,,,,,,,,,,,,,,,
A. J. Petruzzi,a j petruzzi,174036,A. J. Petruzzi,,,,,,,,,,,,,,,,,,,,,,
A. J. Powers & Jimmy Snuka,a j powers jimmy snuka,9606,A. J. Powers & Jimmy Snuka,,,,,,,,,,,,,,,,,,,,,,
A.J. Lee,a j lee,35283,A.J. Lee,,,,,,,,,,,,,,,,,,,,,,
A.J. Styles,a j styles,17207,A.J. Styles,,,,,,,,,,,,,,,,,,,,,,
A.J. Styles & Akira Tozawa & Ciampa & Dolph Ziggler & Dominik Mysterio & Jinder Mahal & Mustafa Ali & R-Truth & Reggie & Rey Mysterio & Ricochet & Shanky & Shelton Benjamin & Shinsuke Nakamura & T-BAR & The Miz & Veer Mahaan,a j styles akira tozawa ciampa dolph ziggler dominik mysterio jinder mahal mustafa ali r truth reggie rey mysterio ricochet shanky shelton benjamin shinsuke nakamura t bar the miz veer mahaan,64260,A.J. Styles & Akira Tozawa & Ciampa & Dolph Ziggler & Dominik Mysterio & Jinder Mahal & Mustafa Ali & R-Truth & Reggie & Rey Mysterio & Ricochet & Shanky & Shelton Benjamin & Shinsuke Nakamura & T-BAR & The Miz & Veer Mahaan,,,,,,,,,,,,,,,,,,,,,,
A.J. Styles & Akira Tozawa & Dominik Mysterio & Dragon Lee & El Grande Americano (II) & Finn Bálor & Grayson Waller & Ivar & JD McDonagh & Jimmy Uso & Kofi Kingston & L.A. Knight & Otis & Penta & Rusev & Sheamus,a j styles akira tozawa dominik mysterio dragon lee el grande americano ii finn balor grayson waller ivar jd mcdonagh jimmy uso kofi kingston l a knight otis penta rusev sheamus,54708,A.J. Styles & Akira Tozawa & Dominik Mysterio & Dragon Lee & El Grande Americano (II) & Finn Bálor & Grayson Waller & Ivar & JD McDonagh & Jimmy Uso & Kofi Kingston & L.A. Knight & Otis & Penta & Rusev & Sheamus,,,,,,,,,,,,,,,,,,,,,,
A.J. Styles & Alberto Del Rio & Braun Strowman & Bray Wyatt & Brock Lesnar & Chris Jericho & Curtis Axel & Dean Ambrose & Dolph Ziggler & Erick Rowan & Goldust & Jack Swagger & Kane & Kevin Owens & Kofi Kingston & Luke Harper & Mark Henry & Neville & R-Truth & Roman Reigns & Rusev & Ryback & Sami Zayn & Sheamus & Stardust & The Big Show & The Miz & Titus O'Neil & Tyler Breeze,a j styles alberto del rio braun strowman bray wyatt brock lesnar chris jericho curtis axel dean ambrose dolph ziggler erick rowan goldust jack swagger kane kevin owens kofi kingston luke harper mark henry neville r truth roman reigns rusev ryback sami zayn sheamus stardust the big show the miz titus o neil tyler breeze,85200,A.J. Styles & Alberto Del Rio & Braun Strowman & Bray Wyatt & Brock Lesnar & Chris Jericho & Curtis Axel & Dean Ambrose & Dolph Ziggler & Erick Rowan & Goldust & Jack Swagger & Kane & Kevin Owens & Kofi Kingston & Luke Harper & Mark Henry & Neville & R-Truth & Roman Reigns & Rusev & Ryback & Sami Zayn & Sheamus & Stardust & The Big Show & The Miz & Titus O'Neil & Tyler Breeze,,,,,,,,,,,,,,,,,,,,,,
A.J. Styles & Aleister Black & Big E & Braun Strowman & Brock Lesnar & Cesaro & Dolph Ziggler & Edge & Elias & Erick Rowan & John Morrison & Karl Anderson & Keith Lee & Kevin Owens & King Corbin & Kofi Kingston & Luke Gallows & MVP & Matt Riddle & Randy Orton & Rey Mysterio & Ricochet & Robert Roode & Roman Reigns & Samoa Joe & Seth Rollins & Shelton Benjamin & Shinsuke Nakamura & The Miz,a j styles aleister black big e braun strowman brock lesnar cesaro dolph ziggler edge elias erick rowan john morrison karl anderson keith lee kevin owens king corbin kofi kingston luke gallows mvp matt riddle randy orton rey mysterio ricochet robert roode roman reigns samoa joe seth rollins shelton benjamin shinsuke nakamura the miz,70698,A.J. Styles & Aleister Black & Big E & Braun Strowman & Brock Lesnar & Cesaro & Dolph Ziggler & Edge & Elias & Erick Rowan & John Morrison & Karl Anderson & Keith Lee & Kevin Owens & King Corbin & Kofi Kingston & Luke Gallows & MVP & Matt Riddle & Randy Orton & Rey Mysterio & Ricochet & Robert Roode & Roman Reigns & Samoa Joe & Seth Rollins & Shelton Benjamin & Shinsuke Nakamura & The Miz,,,,,,,,,,,,,,,,,,,,,,
A.J. Styles & Andrade & Braun Strowman & Bron Breakker & CM Punk & Carmelo Hayes & Chad Gable & Damian Priest & Dominik Mysterio & Drew McIntyre & Finn Bálor & IShowSpeed & Jacob Fatu & Jimmy Uso & Joe Hendry & John Cena & L.A. Knight & Logan Paul & Ludwig Kaiser & Otis & Penta & Rey Mysterio & Roman Reigns & Sami Zayn & Santos Escobar & Seth Rollins & Sheamus & Shinsuke Nakamura & The Miz,a j styles andrade braun strowman bron breakker cm punk carmelo hayes chad gable damian priest dominik mysterio drew mcintyre finn balor ishowspeed jacob fatu jimmy uso joe hendry john cena l a knight logan paul ludwig kaiser otis penta rey mysterio roman reigns sami zayn santos escobar seth rollins sheamus shinsuke nakamura the miz,56554,A.J. Styles & Andrade & Braun Strowman & Bron Breakker & CM Punk & Carmelo Hayes & Chad Gable & Damian Priest & Dominik Mysterio & Drew McIntyre & Finn Bálor & IShowSpeed & Jacob Fatu & Jimmy Uso & Joe Hendry & John Cena & L.A. Knight & Logan Paul & Ludwig Kaiser & Otis & Penta & Rey Mysterio & Roman Reigns & Sami Zayn & Santos Escobar & Seth Rollins & Sheamus & Shinsuke Nakamura & The Miz,,,,,,,,,,,,,,,,,,,,,,
A.J. Styles & Angel & Angelo Dawkins & Apollo Crews & Cedric Alexander & Cesaro & Chad Gable & Commander Azeez & Dolph Ziggler & Drew Gulak & Erik & Humberto & Ivar & Jinder Mahal & Mansoor & Montez Ford & Otis & R-Truth & Ricochet & Robert Roode & Sami Zayn & Shanky & Shelton Benjamin & T-BAR,a j styles angel angelo dawkins apollo crews cedric alexander cesaro chad gable commander azeez dolph ziggler drew gulak erik humberto ivar jinder mahal mansoor montez ford otis r truth ricochet robert roode sami zayn shanky shelton benjamin t bar,66356,A.J. Styles & Angel & Angelo Dawkins & Apollo Crews & Cedric Alexander & Cesaro & Chad Gable & Commander Azeez & Dolph Ziggler & Drew Gulak & Erik & Humberto & Ivar & Jinder Mahal & Mansoor & Montez Ford & Otis & R-Truth & Ricochet & Robert Roode & Sami Zayn & Shanky & Shelton Benjamin & T-BAR,,,,,,,,,,,,,,,,,,,,,,
A.J. Styles & Angelo Dawkins & Austin Theory & Bad Bunny & Big E & Chad Gable & Damian Priest & Dolph Ziggler & Dominik Mysterio & Drew McIntyre & Happy Corbin & Johnny Knoxville & Kevin Owens & Kofi Kingston & Madcap Moss & Montez Ford & Omos & Otis & Randy Orton & Rey Mysterio & Rick Boogs & Ricochet & Riddle & Ridge Holland & Robert Roode & Sami Zayn & Shane McMahon & Sheamus & Shinsuke Nakamura,a j styles angelo dawkins austin theory bad bunny big e chad gable damian priest dolph ziggler dominik mysterio drew mcintyre happy corbin johnny knoxville kevin owens kofi kingston madcap moss montez ford omos otis randy orton rey mysterio rick boogs ricochet riddle ridge holland robert roode sami zayn shane mcmahon sheamus shinsuke nakamura,65702,A.J. Styles & Angelo Dawkins & Austin Theory & Bad Bunny & Big E & Chad Gable & Damian Priest & Dolph Ziggler & Dominik Mysterio & Drew McIntyre & Happy Corbin & Johnny Knoxville & Kevin Owens & Kofi Kingston & Madcap Moss & Montez Ford & Omos & Otis & Randy Orton & Rey Mysterio & Rick Boogs & Ricochet & Riddle & Ridge Holland & Robert Roode & Sami Zayn & Shane McMahon & Sheamus & Shinsuke Nakamura,,,,,,,,,,,,,,,,,,,,,,
A.J. Styles & Apollo Crews & Austin Theory & Bronson Reed & Butch & Cameron Grimes & Chad Gable & Erik & Giovanni Vinci & Grayson Waller & Ivar & JD McDonagh & Karrion Kross & Ludwig Kaiser & Matt Riddle & Omos & Otis & Rick Boogs & Ridge Holland & Santos Escobar & Sheamus & Shinsuke Nakamura & The Miz & Tommaso Ciampa,a j styles apollo crews austin theory bronson reed butch cameron grimes chad gable erik giovanni vinci grayson waller ivar jd mcdonagh karrion kross ludwig kaiser matt riddle omos otis rick boogs ridge holland santos escobar sheamus shinsuke nakamura the miz tommaso ciampa,60682,A.J. Styles & Apollo Crews & Austin Theory & Bronson Reed & Butch & Cameron Grimes & Chad Gable & Erik & Giovanni Vinci & Grayson Waller & Ivar & JD McDonagh & Karrion Kross & Ludwig Kaiser & Matt Riddle & Omos & Otis & Rick Boogs & Ridge Holland & Santos Escobar & Sheamus & Shinsuke Nakamura & The Miz & Tommaso Ciampa,,,,,,,,,,,,,,,,,,,,,,
A.J. Styles & Big E & Bobby Lashley & Braun Strowman & Carlito & Cesaro & Christian & Damian Priest & Daniel Bryan & Dolph Ziggler & Dominik Mysterio & Elias & Jeff Hardy & John Morrison & Kane & King Corbin & Mustafa Ali & Otis & Randy Orton & Rey Mysterio & Ricochet & Riddle & Sami Zayn & Seth Rollins & Sheamus & Shinsuke Nakamura & The Hurricane & The Miz & Xavier Woods,a j styles big e bobby lashley braun strowman carlito cesaro christian damian priest daniel bryan dolph ziggler dominik mysterio elias jeff hardy john morrison kane king corbin mustafa ali otis randy orton rey mysterio ricochet riddle sami zayn seth rollins sheamus shinsuke nakamura the hurricane the miz xavier woods,68594,A.J. Styles & Big E & Bobby Lashley & Braun Strowman & Carlito & Cesaro & Christian & Damian Priest & Daniel Bryan & Dolph Ziggler & Dominik Mysterio & Elias & Jeff Hardy & John Morrison & Kane & King Corbin & Mustafa Ali & Otis & Randy Orton & Rey Mysterio & Ricochet & Riddle & Sami Zayn & Seth Rollins & Sheamus & Shinsuke Nakamura & The Hurricane & The Miz & Xavier Woods,,,,,,,,,,,,,,,,,,,,,,
AJ & Aksana & Alicia Fox & Brie Bella & Kaitlyn & Kelly Kelly & Natalya & Nikki Bella & Rosa Mendes & Tamina,aj aksana alicia fox brie bella kaitlyn kelly kelly natalya nikki bella rosa mendes tamina,107722,AJ & Aksana & Alicia Fox & Brie Bella & Kaitlyn & Kelly Kelly & Natalya & Nikki Bella & Rosa Mendes & Tamina,,,,,,,,,,,,,,,,,,,,,,
AJ & Alicia Fox & Brie Bella & Eve Torres & Gail Kim & Kaitlyn & Melina & Natalya & Nikki Bella & Rosa Mendes & Tamina,aj alicia fox brie bella eve torres gail kim kaitlyn melina natalya nikki bella rosa mendes tamina,108910,AJ & Alicia Fox & Brie Bella & Eve Torres & Gail Kim & Kaitlyn & Melina & Natalya & Nikki Bella & Rosa Mendes & Tamina,,,,,,,,,,,,,,,,,,,,,,
AJ & Daniel Bryan,aj daniel bryan,103971,AJ & Daniel Bryan,,,,,,,,,,,,,,,,,,,,,,
AJ & Kelly Kelly,aj kelly kelly,108725,AJ & Kelly Kelly,,,,,,,,,,,,,,,,,,,,,,
AJ & Layla,aj layla,92181,AJ & Layla,,,,,,,,,,,,,,,,,,,,,,
AJ & Primo,aj primo,111190,AJ & Primo,,,,,,,,,,,,,,,,,,,,,,
Aaron Aguilera,aaron aguilera,118292,Aaron Aguilera,,,,,,,,,,,,,,,,,,,,,,
Aaron Bolo,aaron bolo,112374,Aaron Bolo,,,,,,,,,,,,,,,,,,,,,,
Aaron Fara & Shady Elnahas,aaron fara shady elnahas,10334,Aaron Fara & Shady Elnahas,,,,,,,,,,,,,,,,,,,,,,
Aaron Ferguson,aaron ferguson,153756,Aaron Ferguson,,,,,,,,,,,,,,,,,,,,,,
Aaron Frye,aaron frye,21160,Aaron Frye,,,,,,,,,,,,,,,,,,,,,,
Aaron Hale & Mike Duatti,aaron hale mike duatti,83270,Aaron Hale & Mike Duatti,,,,,,,,,,,,,,,,,,,,,,
Aaron James,aaron james,108820,Aaron James,,,,,,,,,,,,,,,,,,,,,,
Aaron Mackey,aaron mackey,22212,Aaron Mackey,,,,,,,,,,,,,,,,,,,,,,
Aaron Relic & Jay Hatton,aaron relic jay hatton,105164,Aaron Relic & Jay Hatton,,,,,,,,,,,,,,,,,,,,,,
Aaron Rourke & Cappuccino Jones & Marcus Mathers & Mike Cunningham & Sam Holloway,aaron rourke cappuccino jones marcus mathers mike cunningham sam holloway,54600,Aaron Rourke & Cappuccino Jones & Marcus Mathers & Mike Cunningham & Sam Holloway,,,,,,,,,,,,,,,,,,,,,,
Aaron Rourke & Freedom Ramsey,aaron rourke freedom ramsey,56062,Aaron Rourke & Freedom Ramsey,,,,,,,,,,,,,,,,,,,,,,
Aaron Rourke & Marcus Mathers,aaron rourke marcus mathers,54715,Aaron Rourke & Marcus Mathers,,,,,,,,,,,,,,,,,,,,,,
Aaron Schlosser & Vid Vain,aaron schlosser vid vain,127200,Aaron Schlosser & Vid Vain,,,,,,,,,,,,,,,,,,,,,,
Aaron Solow,aaron solow,25590,Aaron Solow,,,,,,,,,,,,,,,,,,,,,,
Aaron Stevens,aaron stevens,122983,Aaron Stevens,,,,,,,,,,,,,,,,,,,,,,
Abbey Laith,abbey laith,24514,Abbey Laith,,,,,,,,,,,,,,,,,,,,,,
Abbey Laith & Aliyah & Bianca BelAir & Billie Kay & Candice LeRae & Dakota Kai & Lacey Evans & Mercedes Martinez & Reina Gonzalez & Rhea Ripley & Sage Beckett & Santana Garrett & Sarah Logan & Taynara Conti & Vanessa Borne & Zeda,abbey laith aliyah bianca belair billie kay candice lerae dakota kai lacey evans mercedes martinez reina gonzalez rhea ripley sage beckett santana garrett sarah logan taynara conti vanessa borne zeda,25818,Abbey Laith & Aliyah & Bianca BelAir & Billie Kay & Candice LeRae & Dakota Kai & Lacey Evans & Mercedes Martinez & Reina Gonzalez & Rhea Ripley & Sage Beckett & Santana Garrett & Sarah Logan & Taynara Conti & Vanessa Borne & Zeda,,,,,,,,,,,,,,,,,,,,,,
Abbey Laith & Bianca BelAir & Dakota Kai & Jessie Elaban & Lacey Evans & Liv Morgan & Mandy Rose & Peyton Royce & Reina Gonzalez & Sarah Logan & Shayna Baszler & Sonya Deville & Zeda,abbey laith bianca belair dakota kai jessie elaban lacey evans liv morgan mandy rose peyton royce reina gonzalez sarah logan shayna baszler sonya deville zeda,25746,Abbey Laith & Bianca BelAir & Dakota Kai & Jessie Elaban & Lacey Evans & Liv Morgan & Mandy Rose & Peyton Royce & Reina Gonzalez & Sarah Logan & Shayna Baszler & Sonya Deville & Zeda,,,,,,,,,,,,,,,,,,,,,,
Abbey Laith & Dakota Kai & Jessie Elaban & Lacey Evans & Liv Morgan & Nikki Cross & Reina Gonzalez & Rhea Ripley & Riddick Moss & Ruby Riot & Sage Beckett & Sonya Deville & Wesley Blake & Zeda,abbey laith dakota kai jessie elaban lacey evans liv morgan nikki cross reina gonzalez rhea ripley riddick moss ruby riot sage beckett sonya deville wesley blake zeda,25534,Abbey Laith & Dakota Kai & Jessie Elaban & Lacey Evans & Liv Morgan & Nikki Cross & Reina Gonzalez & Rhea Ripley & Riddick Moss & Ruby Riot & Sage Beckett & Sonya Deville & Wesley Blake & Zeda,,,,,,,,,,,,,,,,,,,,,,
Abdullah The Butcher,abdullah the butcher,9920,Abdullah The Butcher,,,,,,,,,,,,,,,,,,,,,,
Abdullah The Butcher & Arn Anderson & Big Van Vader & Bill Kazmaier & Dustin Rhodes & Firebreaker Chip & Jimmy Garvin & Jushin Liger & Lex Luger & Marcus Bagwell & Mr. Hughes & Richard Morton & Rick Rude & Ricky Steamboat & Ron Simmons & Scott Steiner & Steve Austin & Thomas Rich & Todd Champion,abdullah the butcher arn anderson big van vader bill kazmaier dustin rhodes firebreaker chip jimmy garvin jushin liger lex luger marcus bagwell mr hughes richard morton rick rude ricky steamboat ron simmons scott steiner steve austin thomas rich todd champion,53082,Abdullah The Butcher & Arn Anderson & Big Van Vader & Bill Kazmaier & Dustin Rhodes & Firebreaker Chip & Jimmy Garvin & Jushin Liger & Lex Luger & Marcus Bagwell & Mr. Hughes & Richard Morton & Rick Rude & Ricky Steamboat & Ron Simmons & Scott Steiner & Steve Austin & Thomas Rich & Todd Champion,,,,,,,,,,,,,,,,,,,,,,
"Abe ""Knuckleball"" Schwartz",abe knuckleball schwartz,158349,"Abe ""Knuckleball"" Schwartz",,,,,,,,,,,,,,,,,,,,,,
Abismo Negro & El Mosco & Histeria & Maniaco,abismo negro el mosco histeria maniaco,153706,Abismo Negro & El Mosco & Histeria & Maniaco,,,,,,,,,,,,,,,,,,,,,,
Abismo Negro & Hysteria & Maniaco,abismo negro hysteria maniaco,153714,Abismo Negro & Hysteria & Maniaco,,,,,,,,,,,,,,,,,,,,,,
Abraham Washington,abraham washington,110344,Abraham Washington,,,,,,,,,,,,,,,,,,,,,,
Ace Darling,ace darling,49394,Ace Darling,,,,,,,,,,,,,,,,,,,,,,
Ace Freeman,ace freeman,136508,Ace Freeman,,,,,,,,,,,,,,,,,,,,,,
Ace Steel,ace steel,118504,Ace Steel,,,,,,,,,,,,,,,,,,,,,,
Action Jackson,action jackson,146320,Action Jackson,,,,,,,,,,,,,,,,,,,,,,
Adam Armor & Wyatt Jones,adam armor wyatt jones,120126,Adam Armor & Wyatt Jones,,,,,,,,,,,,,,,,,,,,,,
Adam Bomb,adam bomb,156426,Adam Bomb,,,,,,,,,,,,,,,,,,,,,,
Adam Bomb & Aldo Montoya & Bart Gunn & Billy Gunn & Bob Backlund & Bushwhacker Butch & Bushwhacker Luke & Crush & Dick Murdoch & Doink the Clown (Ray Apollo) & Duke Droese & Eli Blu & Fatu & Henry O. Godwinn & Jacob Blu & Jimmy Del Ray & King Kong Bundy & Kwang & Lex Luger & Mabel & Mantaur & Mo & Owen Hart & Rick Martel & Sionne & Steven Dunn & The British Bulldog & Timothy Well & Tom Prichard,adam bomb aldo montoya bart gunn billy gunn bob backlund bushwhacker butch bushwhacker luke crush dick murdoch doink the clown ray apollo duke droese eli blu fatu henry o godwinn jacob blu jimmy del ray king kong bundy kwang lex luger mabel mantaur mo owen hart rick martel sionne steven dunn the british bulldog timothy well tom prichard,157636,Adam Bomb & Aldo Montoya & Bart Gunn & Billy Gunn & Bob Backlund & Bushwhacker Butch & Bushwhacker Luke & Crush & Dick Murdoch & Doink the Clown (Ray Apollo) & Duke Droese & Eli Blu & Fatu & Henry O. Godwinn & Jacob Blu & Jimmy Del Ray & King Kong Bundy & Kwang & Lex Luger & Mabel & Mantaur & Mo & Owen Hart & Rick Martel & Sionne & Steven Dunn & The British Bulldog & Timothy Well & Tom Prichard,,,,,,,,,,,,,,,,,,,,,,
Adam Bomb & Aldo Montoya & Bob Holly & Duke Droese & Eli Blu & Fatu & Henry O. Godwinn & Jacob Blu & Jerry Lawler & Jimmy Del Ray & King Kong Bundy & Kwang & Mabel & Mantaur & Mo & Shawn Michaels & Sionne & The 1-2-3 Kid & Tom Prichard,adam bomb aldo montoya bob holly duke droese eli blu fatu henry o godwinn jacob blu jerry lawler jimmy del ray king kong bundy kwang mabel mantaur mo shawn michaels sionne the 1 2 3 kid tom prichard,157586,Adam Bomb & Aldo Montoya & Bob Holly & Duke Droese & Eli Blu & Fatu & Henry O. Godwinn & Jacob Blu & Jerry Lawler & Jimmy Del Ray & King Kong Bundy & Kwang & Mabel & Mantaur & Mo & Shawn Michaels & Sionne & The 1-2-3 Kid & Tom Prichard,,,,,,,,,,,,,,,,,,,,,,
Adam Bomb & Bam Bam Bigelow & Bart Gunn & Bastion Booger & Billy Gunn & Bob Backlund & Crush & Diesel & Doink the Clown (Ray Apollo) & Fatu & Genichiro Tenryu & Greg Valentine & Jeff Jarrett & Kwang & Mabel & Marty Jannetty & Mo & Owen Hart & Randy Savage & Rick Martel & Rick Steiner & Samu & Scott Steiner & Shawn Michaels & Sparky Plugg & Tatanka & The Great Kabuki & Virgil,adam bomb bam bam bigelow bart gunn bastion booger billy gunn bob backlund crush diesel doink the clown ray apollo fatu genichiro tenryu greg valentine jeff jarrett kwang mabel marty jannetty mo owen hart randy savage rick martel rick steiner samu scott steiner shawn michaels sparky plugg tatanka the great kabuki virgil,159704,Adam Bomb & Bam Bam Bigelow & Bart Gunn & Bastion Booger & Billy Gunn & Bob Backlund & Crush & Diesel & Doink the Clown (Ray Apollo) & Fatu & Genichiro Tenryu & Greg Valentine & Jeff Jarrett & Kwang & Mabel & Marty Jannetty & Mo & Owen Hart & Randy Savage & Rick Martel & Rick Steiner & Samu & Scott Steiner & Shawn Michaels & Sparky Plugg & Tatanka & The Great Kabuki & Virgil,,,,,,,,,,,,,,,,,,,,,,
Adam Bomb & Bam Bam Bigelow & Bart Gunn & Bastion Booger & Bob Backlund & Bret Hart & Bushwhacker Butch & Bushwhacker Luke & Crush & Diesel & Doink the Clown (Ray Apollo) & Fatu & Iron Mike Sharpe & Irwin R. Schyster & Jeff Jarrett & Jim Powers & Johnny Polo & Mabel & Marty Jannetty & Mo & Randy Savage & Rick Martel & Samu & Scott Putski & Scott Steiner & Sergeant Slaughter & Shawn Michaels & The 1-2-3 Kid & Virgil,adam bomb bam bam bigelow bart gunn bastion booger bob backlund bret hart bushwhacker butch bushwhacker luke crush diesel doink the clown ray apollo fatu iron mike sharpe irwin r schyster jeff jarrett jim powers johnny polo mabel marty jannetty mo randy savage rick martel samu scott putski scott steiner sergeant slaughter shawn michaels the 1 2 3 kid virgil,159716,Adam Bomb & Bam Bam Bigelow & Bart Gunn & Bastion Booger & Bob Backlund & Bret Hart & Bushwhacker Butch & Bushwhacker Luke & Crush & Diesel & Doink the Clown (Ray Apollo) & Fatu & Iron Mike Sharpe & Irwin R. Schyster & Jeff Jarrett & Jim Powers & Johnny Polo & Mabel & Marty Jannetty & Mo & Randy Savage & Rick Martel & Samu & Scott Putski & Scott Steiner & Sergeant Slaughter & Shawn Michaels & The 1-2-3 Kid & Virgil,,,,,,,,,,,,,,,,,,,,,,
Adam Bomb & Bam Bam Bigelow & Bart Gunn & Billy Gunn & Bob Backlund & Bret Hart & Doink the Clown (Ray Apollo) & Fatu & Jinsei Shinzaki & Masashi Aoyagi & Nobukazu Hirai & Owen Hart & Randy Savage & Rick Martel & Samu & Tatanka & The 1-2-3 Kid,adam bomb bam bam bigelow bart gunn billy gunn bob backlund bret hart doink the clown ray apollo fatu jinsei shinzaki masashi aoyagi nobukazu hirai owen hart randy savage rick martel samu tatanka the 1 2 3 kid,159196,Adam Bomb & Bam Bam Bigelow & Bart Gunn & Billy Gunn & Bob Backlund & Bret Hart & Doink the Clown (Ray Apollo) & Fatu & Jinsei Shinzaki & Masashi Aoyagi & Nobukazu Hirai & Owen Hart & Randy Savage & Rick Martel & Samu & Tatanka & The 1-2-3 Kid,,,,,,,,,,,,,,,,,,,,,,
Adam Bomb & Bam Bam Bigelow & Bastion Booger & Bob Backlund & Diesel & Giant Gonzalez & Irwin R. Schyster & Jacques Rougeau & Jimmy Snuka & MVP & Mabel & Marty Jannetty & Mr. Perfect & Owen Hart & Pierre Ouellette & Randy Savage & Tatanka & The 1-2-3 Kid,adam bomb bam bam bigelow bastion booger bob backlund diesel giant gonzalez irwin r schyster jacques rougeau jimmy snuka mvp mabel marty jannetty mr perfect owen hart pierre ouellette randy savage tatanka the 1 2 3 kid,160374,Adam Bomb & Bam Bam Bigelow & Bastion Booger & Bob Backlund & Diesel & Giant Gonzalez & Irwin R. Schyster & Jacques Rougeau & Jimmy Snuka & MVP & Mabel & Marty Jannetty & Mr. Perfect & Owen Hart & Pierre Ouellette & Randy Savage & Tatanka & The 1-2-3 Kid,,,,,,,,,,,,,,,,,,,,,,
Adam Cole,adam cole,17508,Adam Cole,,,,,,,,,,,,,,,,,,,,,,
"Adam Cole & Aiden English & Andrade ""Cien"" Almas & Apollo Crews & Baron Corbin & Big E & Bray Wyatt & Cesaro & Dolph Ziggler & Elias & Finn Bálor & Goldust & Heath Slater & Jinder Mahal & John Cena & Kofi Kingston & Matt Hardy & Randy Orton & Rey Mysterio & Rhyno & Roman Reigns & Rusev & Sami Zayn & Seth Rollins & Sheamus & The Hurricane & The Miz & Titus O'Neil & Xavier Woods",adam cole aiden english andrade cien almas apollo crews baron corbin big e bray wyatt cesaro dolph ziggler elias finn balor goldust heath slater jinder mahal john cena kofi kingston matt hardy randy orton rey mysterio rhyno roman reigns rusev sami zayn seth rollins sheamus the hurricane the miz titus o neil xavier woods,75726,"Adam Cole & Aiden English & Andrade ""Cien"" Almas & Apollo Crews & Baron Corbin & Big E & Bray Wyatt & Cesaro & Dolph Ziggler & Elias & Finn Bálor & Goldust & Heath Slater & Jinder Mahal & John Cena & Kofi Kingston & Matt Hardy & Randy Orton & Rey Mysterio & Rhyno & Roman Reigns & Rusev & Sami Zayn & Seth Rollins & Sheamus & The Hurricane & The Miz & Titus O'Neil & Xavier Woods",,,,,,,,,,,,,,,,,,,,,,
Adam Cole & Cedric Alexander & Dominik Dijakovic & Drew Gulak & Humberto Carrillo & Keith Lee & Mark Andrews & Shane Thorne & TJP & The Velveteen Dream & Tony Nese & Travis Banks & Tyler Bate & Zack Gibson,adam cole cedric alexander dominik dijakovic drew gulak humberto carrillo keith lee mark andrews shane thorne tjp the velveteen dream tony nese travis banks tyler bate zack gibson,73316,Adam Cole & Cedric Alexander & Dominik Dijakovic & Drew Gulak & Humberto Carrillo & Keith Lee & Mark Andrews & Shane Thorne & TJP & The Velveteen Dream & Tony Nese & Travis Banks & Tyler Bate & Zack Gibson,,,,,,,,,,,,,,,,,,,,,,
Adam Copeland,adam copeland,151503,Adam Copeland,,,,,,,,,,,,,,,,,,,,,,
Adam Croom & Butch Long,adam croom butch long,157668,Adam Croom & Butch Long,,,,,,,,,,,,,,,,,,,,,,
Adam Evans,adam evans,115276,Adam Evans,,,,,,,,,,,,,,,,,,,,,,
Adam Flash,adam flash,3976,Adam Flash,,,,,,,,,,,,,,,,,,,,,,
Adam Green,adam green,114418,Adam Green,,,,,,,,,,,,,,,,,,,,,,
Adam Grove,adam grove,155290,Adam Grove,,,,,,,,,,,,,,,,,,,,,,
Adam James & Josh Carr,adam james josh carr,76090,Adam James & Josh Carr,,,,,,,,,,,,,,,,,,,,,,
Adam Keene & Andrew McMurphy & Tim Hawk,adam keene andrew mcmurphy tim hawk,147988,Adam Keene & Andrew McMurphy & Tim Hawk,,,,,,,,,,,,,,,,,,,,,,
Adam Mercer,adam mercer,36248,Adam Mercer,,,,,,,,,,,,,,,,,,,,,,
Adam O'Brien,adam o brien,152932,Adam O'Brien,,,,,,,,,,,,,,,,,,,,,,
Adam Pearce & Braun Strowman,adam pearce braun strowman,68410,Adam Pearce & Braun Strowman,,,,,,,,,,,,,,,,,,,,,,
Adam Priest & Flex Simmons,adam priest flex simmons,21334,Adam Priest & Flex Simmons,,,,,,,,,,,,,,,,,,,,,,
Adam Roberts & Patrick Bentley,adam roberts patrick bentley,120228,Adam Roberts & Patrick Bentley,,,,,,,,,,,,,,,,,,,,,,
Adam Rose,adam rose,31102,Adam Rose,,,,,,,,,,,,,,,,,,,,,,
Adam Rose & Alex Riley & Big E & Bo Dallas & Cesaro & Curtis Axel & Damien Mizdow & Darren Young & Diego & Erick Rowan & Fandango & Fernando & Goldust & Heath Slater & Hideo Itami & Jack Swagger & Jimmy Uso & Kane & Kofi Kingston & Konnor & Mark Henry & Ryback & Sin Cara (II) & The Miz & Titus O'Neil & Tyson Kidd & Viktor & Xavier Woods & Zack Ryder,adam rose alex riley big e bo dallas cesaro curtis axel damien mizdow darren young diego erick rowan fandango fernando goldust heath slater hideo itami jack swagger jimmy uso kane kofi kingston konnor mark henry ryback sin cara ii the miz titus o neil tyson kidd viktor xavier woods zack ryder,89782,Adam Rose & Alex Riley & Big E & Bo Dallas & Cesaro & Curtis Axel & Damien Mizdow & Darren Young & Diego & Erick Rowan & Fandango & Fernando & Goldust & Heath Slater & Hideo Itami & Jack Swagger & Jimmy Uso & Kane & Kofi Kingston & Konnor & Mark Henry & Ryback & Sin Cara (II) & The Miz & Titus O'Neil & Tyson Kidd & Viktor & Xavier Woods & Zack Ryder,,,,,,,,,,,,,,,,,,,,,,
Adam Rose & Bad News Barrett & Big E & Bray Wyatt & Bubba Ray Dudley & Cesaro & Curtis Axel & Damien Mizdow & Daniel Bryan & Dean Ambrose & Diamond Dallas Page & Dolph Ziggler & Fandango & Goldust & Jack Swagger & Kane & Kofi Kingston & Luke Harper & R-Truth & Rusev & Ryback & Sin Cara (II) & Stardust & The Big Show & The Boogeyman & The Miz & Titus O'Neil & Tyson Kidd & Zack Ryder,adam rose bad news barrett big e bray wyatt bubba ray dudley cesaro curtis axel damien mizdow daniel bryan dean ambrose diamond dallas page dolph ziggler fandango goldust jack swagger kane kofi kingston luke harper r truth rusev ryback sin cara ii stardust the big show the boogeyman the miz titus o neil tyson kidd zack ryder,90718,Adam Rose & Bad News Barrett & Big E & Bray Wyatt & Bubba Ray Dudley & Cesaro & Curtis Axel & Damien Mizdow & Daniel Bryan & Dean Ambrose & Diamond Dallas Page & Dolph Ziggler & Fandango & Goldust & Jack Swagger & Kane & Kofi Kingston & Luke Harper & R-Truth & Rusev & Ryback & Sin Cara (II) & Stardust & The Big Show & The Boogeyman & The Miz & Titus O'Neil & Tyson Kidd & Zack Ryder,,,,,,,,,,,,,,,,,,,,,,
Adam Rose & Bo Dallas & Curtis Axel & Damien Sandow & Darren Young & Diamond Dallas Page & Fandango & Goldust & Heath Slater & Jack Swagger & Kane & Konnor & Mark Henry & R-Truth & Shaquille O'Neal & Tatanka & The Big Show & Tyler Breeze & Viktor,adam rose bo dallas curtis axel damien sandow darren young diamond dallas page fandango goldust heath slater jack swagger kane konnor mark henry r truth shaquille o neal tatanka the big show tyler breeze viktor,84270,Adam Rose & Bo Dallas & Curtis Axel & Damien Sandow & Darren Young & Diamond Dallas Page & Fandango & Goldust & Heath Slater & Jack Swagger & Kane & Konnor & Mark Henry & R-Truth & Shaquille O'Neal & Tatanka & The Big Show & Tyler Breeze & Viktor,,,,,,,,,,,,,,,,,,,,,,
Adam Rose & Cesaro & Curtis Axel & Damien Mizdow & Diego & Erick Rowan & Fernando & Goldust & Heath Slater & Jack Swagger & Jey Uso & Jimmy Uso & Justin Gabriel & Sin Cara (II) & Stardust & The Big Show & The Miz & Titus O'Neil & Tyson Kidd,adam rose cesaro curtis axel damien mizdow diego erick rowan fernando goldust heath slater jack swagger jey uso jimmy uso justin gabriel sin cara ii stardust the big show the miz titus o neil tyson kidd,91520,Adam Rose & Cesaro & Curtis Axel & Damien Mizdow & Diego & Erick Rowan & Fernando & Goldust & Heath Slater & Jack Swagger & Jey Uso & Jimmy Uso & Justin Gabriel & Sin Cara (II) & Stardust & The Big Show & The Miz & Titus O'Neil & Tyson Kidd,,,,,,,,,,,,,,,,,,,,,,
Adam Rose & Curtis Axel & Darren Young & Fandango & Goldust & Heath Slater & Jack Swagger & Kane & Titus O'Neil & Zack Ryder,adam rose curtis axel darren young fandango goldust heath slater jack swagger kane titus o neil zack ryder,89940,Adam Rose & Curtis Axel & Darren Young & Fandango & Goldust & Heath Slater & Jack Swagger & Kane & Titus O'Neil & Zack Ryder,,,,,,,,,,,,,,,,,,,,,,
Adam Windsor,adam windsor,139141,Adam Windsor,,,,,,,,,,,,,,,,,,,,,,
Adrian Adonis,adrian adonis,173015,Adrian Adonis,,,,,,,,,,,,,,,,,,,,,,
Adrian Adonis & Afa & Bob Orton Jr. & Butcher Vachon & Charlie Fulton & Chief Jay Strongbow & Dick Murdoch & Jose Luis Rivera & Paul Orndorff & Rene Goulet & Ron Shaw & Samu & Sergeant Slaughter & Sika & Steve Lombardi & Terry Daniels & The Iron Sheik & Tito Santana & Tony Garea,adrian adonis afa bob orton jr butcher vachon charlie fulton chief jay strongbow dick murdoch jose luis rivera paul orndorff rene goulet ron shaw samu sergeant slaughter sika steve lombardi terry daniels the iron sheik tito santana tony garea,175354,Adrian Adonis & Afa & Bob Orton Jr. & Butcher Vachon & Charlie Fulton & Chief Jay Strongbow & Dick Murdoch & Jose Luis Rivera & Paul Orndorff & Rene Goulet & Ron Shaw & Samu & Sergeant Slaughter & Sika & Steve Lombardi & Terry Daniels & The Iron Sheik & Tito Santana & Tony Garea,,,,,,,,,,,,,,,,,,,,,,
Adrian Alanis,adrian alanis,18334,Adrian Alanis,,,,,,,,,,,,,,,,,,,,,,
Adrian Byrd & Dave Burkhead & Norman Smiley & Rick Fuller & The Dog,adrian byrd dave burkhead norman smiley rick fuller the dog,38890,Adrian Byrd & Dave Burkhead & Norman Smiley & Rick Fuller & The Dog,,,,,,,,,,,,,,,,,,,,,,
Adrian Jaoude,adrian jaoude,20750,Adrian Jaoude,,,,,,,,,,,,,,,,,,,,,,
Adrian Jaoude & Angelo Dawkins & Babatunde & Bin Wang & Brennan Williams & Dallas Harper & Gabriel Ealy & Kenneth Crawford & Niko Bogojevic & Oney Lorcan & Patrick Clark & Tino Sabbatelli & Tucker Knight & Uriel Ealy,adrian jaoude angelo dawkins babatunde bin wang brennan williams dallas harper gabriel ealy kenneth crawford niko bogojevic oney lorcan patrick clark tino sabbatelli tucker knight uriel ealy,28730,Adrian Jaoude & Angelo Dawkins & Babatunde & Bin Wang & Brennan Williams & Dallas Harper & Gabriel Ealy & Kenneth Crawford & Niko Bogojevic & Oney Lorcan & Patrick Clark & Tino Sabbatelli & Tucker Knight & Uriel Ealy,,,,,,,,,,,,,,,,,,,,,,
Adrian Jaoude & Boa & Cezar Bononi & Humberto Carrillo & Otis Dozovic & Raul Mendoza & Rinku Singh & Rocky & Saurav Gurjar & Tucker Knight,adrian jaoude boa cezar bononi humberto carrillo otis dozovic raul mendoza rinku singh rocky saurav gurjar tucker knight,21872,Adrian Jaoude & Boa & Cezar Bononi & Humberto Carrillo & Otis Dozovic & Raul Mendoza & Rinku Singh & Rocky & Saurav Gurjar & Tucker Knight,,,,,,,,,,,,,,,,,,,,,,
Adrian Jaoude & Brennan Williams & Cezar Bononi & Cheng Yuxiang & Christopher Dijak & Dan Matha & Jeet Rama & Kassius Ohno & Kishan Raftar & Marcel Barthel & Ming & Roderick Strong & Shane Thorne & Steve Cutler & The Velveteen Dream & Tian Bing & Wesley Blake,adrian jaoude brennan williams cezar bononi cheng yuxiang christopher dijak dan matha jeet rama kassius ohno kishan raftar marcel barthel ming roderick strong shane thorne steve cutler the velveteen dream tian bing wesley blake,24734,Adrian Jaoude & Brennan Williams & Cezar Bononi & Cheng Yuxiang & Christopher Dijak & Dan Matha & Jeet Rama & Kassius Ohno & Kishan Raftar & Marcel Barthel & Ming & Roderick Strong & Shane Thorne & Steve Cutler & The Velveteen Dream & Tian Bing & Wesley Blake,,,,,,,,,,,,,,,,,,,,,,
Adrian Lester,adrian lester,154756,Adrian Lester,,,,,,,,,,,,,,,,,,,,,,
Adrian Lynch & Jayson Cash,adrian lynch jayson cash,118662,Adrian Lynch & Jayson Cash,,,,,,,,,,,,,,,,,,,,,,
Adrian Nails & Rob Kimball,adrian nails rob kimball,29334,Adrian Nails & Rob Kimball,,,,,,,,,,,,,,,,,,,,,,
Adrian Neville & Aiden English & Alexander Rusev & Baron Corbin & Bray Wyatt & Briley Pierce & Conor O'Brian & Corey Graves & Curt Hawkins & Dante Dash & Kassius Ohno & Knuckles Madsen & Mason Ryan & Mojo Rawley & Sakamoto & Sami Zayn & Yoshi Tatsu,adrian neville aiden english alexander rusev baron corbin bray wyatt briley pierce conor o brian corey graves curt hawkins dante dash kassius ohno knuckles madsen mason ryan mojo rawley sakamoto sami zayn yoshi tatsu,35524,Adrian Neville & Aiden English & Alexander Rusev & Baron Corbin & Bray Wyatt & Briley Pierce & Conor O'Brian & Corey Graves & Curt Hawkins & Dante Dash & Kassius Ohno & Knuckles Madsen & Mason Ryan & Mojo Rawley & Sakamoto & Sami Zayn & Yoshi Tatsu,,,,,,,,,,,,,,,,,,,,,,
Adrian Neville & C. J. Parker & Danny Burch & Jake Carter & Knuckles Madsen & Mason Ryan & Mojo Rawley & Sami Zayn & Sawyer Fulton & Scott Dawson & Xavier Woods,adrian neville c j parker danny burch jake carter knuckles madsen mason ryan mojo rawley sami zayn sawyer fulton scott dawson xavier woods,35382,Adrian Neville & C. J. Parker & Danny Burch & Jake Carter & Knuckles Madsen & Mason Ryan & Mojo Rawley & Sami Zayn & Sawyer Fulton & Scott Dawson & Xavier Woods,,,,,,,,,,,,,,,,,,,,,,
Adrian Serrano,adrian serrano,139014,Adrian Serrano,,,,,,,,,,,,,,,,,,,,,,
Adriana Rizzo,adriana rizzo,11630,Adriana Rizzo,,,,,,,,,,,,,,,,,,,,,,
Adriana Rizzo & Amari Miller & Arianna Grace & Breanna Covington & Brinley Reece & Dani Palmer & Elektra Lopez & Jaida Parker & Karmen Petrovic & Kennedy Cummins & Kiyah Saint & Lola Vice & Nikkita Lyons & Unknown Female Wrestler,adriana rizzo amari miller arianna grace breanna covington brinley reece dani palmer elektra lopez jaida parker karmen petrovic kennedy cummins kiyah saint lola vice nikkita lyons unknown female wrestler,13804,Adriana Rizzo & Amari Miller & Arianna Grace & Breanna Covington & Brinley Reece & Dani Palmer & Elektra Lopez & Jaida Parker & Karmen Petrovic & Kennedy Cummins & Kiyah Saint & Lola Vice & Nikkita Lyons & Unknown Female Wrestler,,,,,,,,,,,,,,,,,,,,,,
Adriana Rizzo & Arianna Grace & Blair Davenport & Brinley Reece & Elektra Lopez & Gigi Dolin & Izzi Dame & Jaida Parker & Jakara Jackson & Karmen Petrovic & Lash Legend & Lola Vice & Stevie Turner & Tatum Paxley & Thea Hail & Wren Sinclair,adriana rizzo arianna grace blair davenport brinley reece elektra lopez gigi dolin izzi dame jaida parker jakara jackson karmen petrovic lash legend lola vice stevie turner tatum paxley thea hail wren sinclair,13736,Adriana Rizzo & Arianna Grace & Blair Davenport & Brinley Reece & Elektra Lopez & Gigi Dolin & Izzi Dame & Jaida Parker & Jakara Jackson & Karmen Petrovic & Lash Legend & Lola Vice & Stevie Turner & Tatum Paxley & Thea Hail & Wren Sinclair,,,,,,,,,,,,,,,,,,,,,,
Adriana Rizzo & Arianna Grace & Brinley Reece & Fallon Henley & Izzi Dame & Jacy Jayne & Jakara Jackson & Jazmyn Nyx & Kendal Grey & Lash Legend & Layla Diggs & Lola Vice & Sol Ruca & Stevie Turner & Tatum Paxley & Thea Hail,adriana rizzo arianna grace brinley reece fallon henley izzi dame jacy jayne jakara jackson jazmyn nyx kendal grey lash legend layla diggs lola vice sol ruca stevie turner tatum paxley thea hail,12828,Adriana Rizzo & Arianna Grace & Brinley Reece & Fallon Henley & Izzi Dame & Jacy Jayne & Jakara Jackson & Jazmyn Nyx & Kendal Grey & Lash Legend & Layla Diggs & Lola Vice & Sol Ruca & Stevie Turner & Tatum Paxley & Thea Hail,,,,,,,,,,,,,,,,,,,,,,
Adrienne Reese,adrienne reese,29634,Adrienne Reese,,,,,,,,,,,,,,,,,,,,,,
Aerial Monroe,aerial monroe,74428,Aerial Monroe,,,,,,,,,,,,,,,,,,,,,,
Afa & Baron Mikel Scicluna & Bobby Duncum & Dominic DeNucci & Frankie Williams & Gorilla Monsoon & Ivan Putski & Johnny Rodz & Pat Patterson & Peter Maivia & Rene Goulet & Sika & Tony Atlas & Tor Kamata,afa baron mikel scicluna bobby duncum dominic denucci frankie williams gorilla monsoon ivan putski johnny rodz pat patterson peter maivia rene goulet sika tony atlas tor kamata,176236,Afa & Baron Mikel Scicluna & Bobby Duncum & Dominic DeNucci & Frankie Williams & Gorilla Monsoon & Ivan Putski & Johnny Rodz & Pat Patterson & Peter Maivia & Rene Goulet & Sika & Tony Atlas & Tor Kamata,,,,,,,,,,,,,,,,,,,,,,
Afa & Fatu & Samu,afa fatu samu,159127,Afa & Fatu & Samu,,,,,,,,,,,,,,,,,,,,,,
Agent Gunn & Agent Maxx,agent gunn agent maxx,51552,Agent Gunn & Agent Maxx,,,,,,,,,,,,,,,,,,,,,,
Aguila,aguila,149826,Aguila,,,,,,,,,,,,,,,,,,,,,,
Ahmed Johnson,ahmed johnson,152080,Ahmed Johnson,,,,,,,,,,,,,,,,,,,,,,
Ahmed Johnson & Bart Gunn & Bret Hart & Cibernetico & Crush & Diesel II & Faarooq & Flash Funk & Goldust & Henry O. Godwinn & Hunter Hearst Helmsley & Jake Roberts & Jerry Lawler & Jesse James & Latin Lover & Mankind & Marc Mero & Mil Mascaras & Owen Hart & Phineas I. Godwinn & Pierroth & Razor Ramon II & Rocky Maivia & Savio Vega & Terry Funk & The British Bulldog & The Sultan & The Undertaker & Vader,ahmed johnson bart gunn bret hart cibernetico crush diesel ii faarooq flash funk goldust henry o godwinn hunter hearst helmsley jake roberts jerry lawler jesse james latin lover mankind marc mero mil mascaras owen hart phineas i godwinn pierroth razor ramon ii rocky maivia savio vega terry funk the british bulldog the sultan the undertaker vader,154064,Ahmed Johnson & Bart Gunn & Bret Hart & Cibernetico & Crush & Diesel II & Faarooq & Flash Funk & Goldust & Henry O. Godwinn & Hunter Hearst Helmsley & Jake Roberts & Jerry Lawler & Jesse James & Latin Lover & Mankind & Marc Mero & Mil Mascaras & Owen Hart & Phineas I. Godwinn & Pierroth & Razor Ramon II & Rocky Maivia & Savio Vega & Terry Funk & The British Bulldog & The Sultan & The Undertaker & Vader,,,,,,,,,,,,,,,,,,,,,,
Aiden English & Alberto Del Rio & Apollo Crews & Baron Corbin & Bo Dallas & Bubba Ray Dudley & Curtis Axel & D-Von Dudley & Dolph Ziggler & Goldust & Jack Swagger & Jey Uso & Jimmy Uso & Konnor & R-Truth & Simon Gotch & Viktor,aiden english alberto del rio apollo crews baron corbin bo dallas bubba ray dudley curtis axel d von dudley dolph ziggler goldust jack swagger jey uso jimmy uso konnor r truth simon gotch viktor,83088,Aiden English & Alberto Del Rio & Apollo Crews & Baron Corbin & Bo Dallas & Bubba Ray Dudley & Curtis Axel & D-Von Dudley & Dolph Ziggler & Goldust & Jack Swagger & Jey Uso & Jimmy Uso & Konnor & R-Truth & Simon Gotch & Viktor,,,,,,,,,,,,,,,,,,,,,,
Aiden English & Alberto Del Rio & Erick Rowan & Fandango & Jey Uso & Kalisto & Kane & Konnor & Mojo Rawley & Simon Gotch & Tyler Breeze & Viktor & Zack Ryder,aiden english alberto del rio erick rowan fandango jey uso kalisto kane konnor mojo rawley simon gotch tyler breeze viktor zack ryder,82868,Aiden English & Alberto Del Rio & Erick Rowan & Fandango & Jey Uso & Kalisto & Kane & Konnor & Mojo Rawley & Simon Gotch & Tyler Breeze & Viktor & Zack Ryder,,,,,,,,,,,,,,,,,,,,,,
Aiden English & Alexander Wolfe & Biff Busick & Blake & Chad Gable & Elias Samson & Hugo Knox & Jason Jordan & Preston Cunningham Jr. & Radomir Petkovic & Rich Swann & Sylvester Lefort & Thomas Kingdon & Unknown Participants,aiden english alexander wolfe biff busick blake chad gable elias samson hugo knox jason jordan preston cunningham jr radomir petkovic rich swann sylvester lefort thomas kingdon unknown participants,31450,Aiden English & Alexander Wolfe & Biff Busick & Blake & Chad Gable & Elias Samson & Hugo Knox & Jason Jordan & Preston Cunningham Jr. & Radomir Petkovic & Rich Swann & Sylvester Lefort & Thomas Kingdon & Unknown Participants,,,,,,,,,,,,,,,,,,,,,,
Aiden English & Angelo Dawkins & Axel Tischer & Bull Dempsey & Cal Bishop & Chad Gable & Dash Wilder & Jason Jordan & Mike Rallis & Preston Cunningham Jr. & Sabby Piscitelli & Sawyer Fulton & Scott Dawson & Simon Gotch & Solomon Crowe & Steve Cutler & Tucker Knight & Tye Dillinger & Uhaa Nation,aiden english angelo dawkins axel tischer bull dempsey cal bishop chad gable dash wilder jason jordan mike rallis preston cunningham jr sabby piscitelli sawyer fulton scott dawson simon gotch solomon crowe steve cutler tucker knight tye dillinger uhaa nation,32052,Aiden English & Angelo Dawkins & Axel Tischer & Bull Dempsey & Cal Bishop & Chad Gable & Dash Wilder & Jason Jordan & Mike Rallis & Preston Cunningham Jr. & Sabby Piscitelli & Sawyer Fulton & Scott Dawson & Simon Gotch & Solomon Crowe & Steve Cutler & Tucker Knight & Tye Dillinger & Uhaa Nation,,,,,,,,,,,,,,,,,,,,,,
Aiden English & Angelo Dawkins & Baron Corbin & Bull Dempsey & Colin Cassady & Dash Wilder & Digg Rawlis & Elias Samson & Enzo Amore & Josh Woods & Marcus Louis & Noah Pang-Potjes & Sabby Piscitelli & Sawyer Fulton & Simon Gotch & Steve Cutler & Sunny Dhinsa & Tye Dillinger & Tyler Breeze,aiden english angelo dawkins baron corbin bull dempsey colin cassady dash wilder digg rawlis elias samson enzo amore josh woods marcus louis noah pang potjes sabby piscitelli sawyer fulton simon gotch steve cutler sunny dhinsa tye dillinger tyler breeze,32720,Aiden English & Angelo Dawkins & Baron Corbin & Bull Dempsey & Colin Cassady & Dash Wilder & Digg Rawlis & Elias Samson & Enzo Amore & Josh Woods & Marcus Louis & Noah Pang-Potjes & Sabby Piscitelli & Sawyer Fulton & Simon Gotch & Steve Cutler & Sunny Dhinsa & Tye Dillinger & Tyler Breeze,,,,,,,,,,,,,,,,,,,,,,
Aiden English & Apollo & Baron Corbin & Bo Dallas & Chad Gable & Curt Hawkins & Curtis Axel & Dash Wilder & Dolph Ziggler & Fandango & Goldust & Heath Slater & Kane & Karl Anderson & Konnor & Luke Gallows & Mike Kanellis & Mojo Rawley & Primo & R-Truth & Rhyno & Scott Dawson & Shelton Benjamin & Sin Cara (II) & Titus O'Neil & Tye Dillinger & Tyler Breeze & Viktor & Zack Ryder,aiden english apollo baron corbin bo dallas chad gable curt hawkins curtis axel dash wilder dolph ziggler fandango goldust heath slater kane karl anderson konnor luke gallows mike kanellis mojo rawley primo r truth rhyno scott dawson shelton benjamin sin cara ii titus o neil tye dillinger tyler breeze viktor zack ryder,75274,Aiden English & Apollo & Baron Corbin & Bo Dallas & Chad Gable & Curt Hawkins & Curtis Axel & Dash Wilder & Dolph Ziggler & Fandango & Goldust & Heath Slater & Kane & Karl Anderson & Konnor & Luke Gallows & Mike Kanellis & Mojo Rawley & Primo & R-Truth & Rhyno & Scott Dawson & Shelton Benjamin & Sin Cara (II) & Titus O'Neil & Tye Dillinger & Tyler Breeze & Viktor & Zack Ryder,,,,,,,,,,,,,,,,,,,,,,
Aiden English & Apollo Crews & Bo Dallas & Braun Strowman & Chad Gable & Curt Hawkins & Curtis Axel & Dolph Ziggler & Epico & Fandango & Goldust & Heath Slater & Jason Jordan & Jey Uso & Jimmy Uso & Jinder Mahal & Kalisto & Killian Dain & Killian Dain & Konnor & Mark Henry & Primo & R-Truth & Rhyno & Sami Zayn & Simon Gotch & Sin Cara (II) & The Big Show & Tian Bing & Titus O'Neil & Tyler Breeze & Viktor,aiden english apollo crews bo dallas braun strowman chad gable curt hawkins curtis axel dolph ziggler epico fandango goldust heath slater jason jordan jey uso jimmy uso jinder mahal kalisto killian dain killian dain konnor mark henry primo r truth rhyno sami zayn simon gotch sin cara ii the big show tian bing titus o neil tyler breeze viktor,78986,Aiden English & Apollo Crews & Bo Dallas & Braun Strowman & Chad Gable & Curt Hawkins & Curtis Axel & Dolph Ziggler & Epico & Fandango & Goldust & Heath Slater & Jason Jordan & Jey Uso & Jimmy Uso & Jinder Mahal & Kalisto & Killian Dain & Killian Dain & Konnor & Mark Henry & Primo & R-Truth & Rhyno & Sami Zayn & Simon Gotch & Sin Cara (II) & The Big Show & Tian Bing & Titus O'Neil & Tyler Breeze & Viktor,,,,,,,,,,,,,,,,,,,,,,
Aiden English & Baron Corbin & Bo Dallas & Brodus Clay & Camacho & Colin Cassady & Curt Hawkins & Danny Burch & El Local & Jason Jordan & Kalisto & Marcus Louis & Mason Ryan & Mojo Rawley & Oliver Grey & Sylvester Lefort & Xavier Woods & Yoshi Tatsu,aiden english baron corbin bo dallas brodus clay camacho colin cassady curt hawkins danny burch el local jason jordan kalisto marcus louis mason ryan mojo rawley oliver grey sylvester lefort xavier woods yoshi tatsu,34428,Aiden English & Baron Corbin & Bo Dallas & Brodus Clay & Camacho & Colin Cassady & Curt Hawkins & Danny Burch & El Local & Jason Jordan & Kalisto & Marcus Louis & Mason Ryan & Mojo Rawley & Oliver Grey & Sylvester Lefort & Xavier Woods & Yoshi Tatsu,,,,,,,,,,,,,,,,,,,,,,
Aiden English & Big Cass & Luke Gallows,aiden english big cass luke gallows,83478,Aiden English & Big Cass & Luke Gallows,,,,,,,,,,,,,,,,,,,,,,
Aiden English & Briley Pierce,aiden english briley pierce,35974,Aiden English & Briley Pierce,,,,,,,,,,,,,,,,,,,,,,
Aiden English & Camacho,aiden english camacho,36074,Aiden English & Camacho,,,,,,,,,,,,,,,,,,,,,,
Aiden English & Chad Gable & Fandango & Heath Slater & Jason Jordan & Konnor & Rhyno & Simon Gotch & Tyler Breeze & Viktor,aiden english chad gable fandango heath slater jason jordan konnor rhyno simon gotch tyler breeze viktor,80494,Aiden English & Chad Gable & Fandango & Heath Slater & Jason Jordan & Konnor & Rhyno & Simon Gotch & Tyler Breeze & Viktor,,,,,,,,,,,,,,,,,,,,,,
Aiden English & Curt Hawkins & Fandango & Heath Slater & Konnor & Rhyno & Simon Gotch & Tyler Breeze & Viktor,aiden english curt hawkins fandango heath slater konnor rhyno simon gotch tyler breeze viktor,80074,Aiden English & Curt Hawkins & Fandango & Heath Slater & Konnor & Rhyno & Simon Gotch & Tyler Breeze & Viktor,,,,,,,,,,,,,,,,,,,,,,
Aiden English & Emma,aiden english emma,36120,Aiden English & Emma,,,,,,,,,,,,,,,,,,,,,,
Aiden English & Epico,aiden english epico,77478,Aiden English & Epico,,,,,,,,,,,,,,,,,,,,,,
Aiden English & Francis Remi Dorian,aiden english francis remi dorian,36404,Aiden English & Francis Remi Dorian,,,,,,,,,,,,,,,,,,,,,,
Aiden English & Kalisto & Simon Gotch & Sin Cara (II),aiden english kalisto simon gotch sin cara ii,83322,Aiden English & Kalisto & Simon Gotch & Sin Cara (II),,,,,,,,,,,,,,,,,,,,,,
Aiden English & Kenny & Konnor & Mikey & Mosh & Simon Gotch & Thrasher & Viktor,aiden english kenny konnor mikey mosh simon gotch thrasher viktor,80928,Aiden English & Kenny & Konnor & Mikey & Mosh & Simon Gotch & Thrasher & Viktor,,,,,,,,,,,,,,,,,,,,,,
Aiden English & Konnor & Simon Gotch & Viktor,aiden english konnor simon gotch viktor,33662,Aiden English & Konnor & Simon Gotch & Viktor,,,,,,,,,,,,,,,,,,,,,,
Aiden English & Mickey Keegan,aiden english mickey keegan,35312,Aiden English & Mickey Keegan,,,,,,,,,,,,,,,,,,,,,,
Aiden English & Simon Gotch,aiden english simon gotch,29909,Aiden English & Simon Gotch,,,,,,,,,,,,,,,,,,,,,,
Aigle Blanc,aigle blanc,10529,Aigle Blanc,,,,,,,,,,,,,,,,,,,,,,
Air Paris & Evan Karagias & Jamie Knoble & Jimmy Yang & Kaz Hayashi & Shannon Moore,air paris evan karagias jamie knoble jimmy yang kaz hayashi shannon moore,36716,Air Paris & Evan Karagias & Jamie Knoble & Jimmy Yang & Kaz Hayashi & Shannon Moore,,,,,,,,,,,,,,,,,,,,,,
Aja Kong,aja kong,155937,Aja Kong,,,,,,,,,,,,,,,,,,,,,,
Aja Smith,aja smith,63435,Aja Smith,,,,,,,,,,,,,,,,,,,,,,
Ajiea Lee Hargrave,ajiea lee hargrave,12530,Ajiea Lee Hargrave,,,,,,,,,,,,,,,,,,,,,,
Akam & Akira Tozawa & Ali & Apollo Crews & Bo Dallas & Brian Kendrick & Buddy Murphy & Cedric Alexander & Cesaro & Chad Gable & Curt Hawkins & Curtis Axel & Dash Wilder & Drew Gulak & EC3 & Elias & Eric Young & Erik & Heath Slater & Humberto Carrillo & Ivar & Jey Uso & Jimmy Uso & Jinder Mahal & Karl Anderson & Luke Gallows & Matt Hardy & Mike Kanellis & Mojo Rawley & No Way Jose & Oney Lorcan & Otis & Rezar & Ricochet & Robert Roode & Rowan & Rusev & Samir Singh & Samoa Joe & Scott Dawson & Shelton Benjamin & Shinsuke Nakamura & Sin Cara (II) & Sunil Singh & The Miz & Titus O'Neil & Tony Nese & Tucker & Xavier Woods & Zack Ryder,akam akira tozawa ali apollo crews bo dallas brian kendrick buddy murphy cedric alexander cesaro chad gable curt hawkins curtis axel dash wilder drew gulak ec3 elias eric young erik heath slater humberto carrillo ivar jey uso jimmy uso jinder mahal karl anderson luke gallows matt hardy mike kanellis mojo rawley no way jose oney lorcan otis rezar ricochet robert roode rowan rusev samir singh samoa joe scott dawson shelton benjamin shinsuke nakamura sin cara ii sunil singh the miz titus o neil tony nese tucker xavier woods zack ryder,72472,Akam & Akira Tozawa & Ali & Apollo Crews & Bo Dallas & Brian Kendrick & Buddy Murphy & Cedric Alexander & Cesaro & Chad Gable & Curt Hawkins & Curtis Axel & Dash Wilder & Drew Gulak & EC3 & Elias & Eric Young & Erik & Heath Slater & Humberto Carrillo & Ivar & Jey Uso & Jimmy Uso & Jinder Mahal & Karl Anderson & Luke Gallows & Matt Hardy & Mike Kanellis & Mojo Rawley & No Way Jose & Oney Lorcan & Otis & Rezar & Ricochet & Robert Roode & Rowan & Rusev & Samir Singh & Samoa Joe & Scott Dawson & Shelton Benjamin & Shinsuke Nakamura & Sin Cara (II) & Sunil Singh & The Miz & Titus O'Neil & Tony Nese & Tucker & Xavier Woods & Zack Ryder,,,,,,,,,,,,,,,,,,,,,,
Akam & Andrade & Rezar,akam andrade rezar,70780,Akam & Andrade & Rezar,,,,,,,,,,,,,,,,,,,,,,
Akam & Konnor & Rezar & Viktor,akam konnor rezar viktor,73898,Akam & Konnor & Rezar & Viktor,,,,,,,,,,,,,,,,,,,,,,
Akam & Murphy & Rezar,akam murphy rezar,70544,Akam & Murphy & Rezar,,,,,,,,,,,,,,,,,,,,,,
Akam & Rezar,akam rezar,13150,Akam & Rezar,,,,,,,,,,,,,,,,,,,,,,
Akebono,akebono,125431,Akebono,,,,,,,,,,,,,,,,,,,,,,
Akeem,akeem,166763,Akeem,,,,,,,,,,,,,,,,,,,,,,
Akeem & Andre the Giant & Arn Anderson & Ax & Bad News Brown & Big Boss Man & Brutus Beefcake & Bushwhacker Butch & Bushwhacker Luke & Greg Valentine & Hercules & Honky Tonk Man & Hulk Hogan & Jake Roberts & Koko B Ware & Marty Jannetty & Mr. Perfect & Randy Savage & Rick Martel & Ron Bass & Ronnie Garvin & Shawn Michaels & Smash & Ted DiBiase & The Barbarian & The Red Rooster & The Warlord & Tito Santana & Tully Blanchard,akeem andre the giant arn anderson ax bad news brown big boss man brutus beefcake bushwhacker butch bushwhacker luke greg valentine hercules honky tonk man hulk hogan jake roberts koko b ware marty jannetty mr perfect randy savage rick martel ron bass ronnie garvin shawn michaels smash ted dibiase the barbarian the red rooster the warlord tito santana tully blanchard,169668,Akeem & Andre the Giant & Arn Anderson & Ax & Bad News Brown & Big Boss Man & Brutus Beefcake & Bushwhacker Butch & Bushwhacker Luke & Greg Valentine & Hercules & Honky Tonk Man & Hulk Hogan & Jake Roberts & Koko B Ware & Marty Jannetty & Mr. Perfect & Randy Savage & Rick Martel & Ron Bass & Ronnie Garvin & Shawn Michaels & Smash & Ted DiBiase & The Barbarian & The Red Rooster & The Warlord & Tito Santana & Tully Blanchard,,,,,,,,,,,,,,,,,,,,,,
Akeem & Andre the Giant & Ax & Bad News Brown & Bret Hart & Dino Bravo & Dusty Rhodes & Earthquake & Haku & Hercules & Honky Tonk Man & Jake Roberts & Jim Neidhart & Jimmy Snuka & Koko B Ware & Marty Jannetty & Mr. Perfect & Randy Savage & Rick Martel & Rick Rude & Roddy Piper & Shawn Michaels & Smash & Ted DiBiase & The Barbarian & The Red Rooster & The Ultimate Warrior & The Warlord & Tito Santana,akeem andre the giant ax bad news brown bret hart dino bravo dusty rhodes earthquake haku hercules honky tonk man jake roberts jim neidhart jimmy snuka koko b ware marty jannetty mr perfect randy savage rick martel rick rude roddy piper shawn michaels smash ted dibiase the barbarian the red rooster the ultimate warrior the warlord tito santana,167882,Akeem & Andre the Giant & Ax & Bad News Brown & Bret Hart & Dino Bravo & Dusty Rhodes & Earthquake & Haku & Hercules & Honky Tonk Man & Jake Roberts & Jim Neidhart & Jimmy Snuka & Koko B Ware & Marty Jannetty & Mr. Perfect & Randy Savage & Rick Martel & Rick Rude & Roddy Piper & Shawn Michaels & Smash & Ted DiBiase & The Barbarian & The Red Rooster & The Ultimate Warrior & The Warlord & Tito Santana,,,,,,,,,,,,,,,,,,,,,,
Akim Manuka,akim manuka,135458,Akim Manuka,,,,,,,,,,,,,,,,,,,,,,
Akio,akio,122244,Akio,,,,,,,,,,,,,,,,,,,,,,
Akio & Billy Kidman & Booker T. & Carlito & Charlie Haas & Chavo Guerrero & Danny Basham & Doug Basham & Eddie Guerrero & Hardcore Holly & Heidenreich & Joey Mercury & Johnny Nitro & Mark Jindrak & Nunzio & Orlando Jordan & Paul London & Rey Mysterio & Scotty 2 Hotty & Shannon Moore & Sho Funaki,akio billy kidman booker t carlito charlie haas chavo guerrero danny basham doug basham eddie guerrero hardcore holly heidenreich joey mercury johnny nitro mark jindrak nunzio orlando jordan paul london rey mysterio scotty 2 hotty shannon moore sho funaki,125054,Akio & Billy Kidman & Booker T. & Carlito & Charlie Haas & Chavo Guerrero & Danny Basham & Doug Basham & Eddie Guerrero & Hardcore Holly & Heidenreich & Joey Mercury & Johnny Nitro & Mark Jindrak & Nunzio & Orlando Jordan & Paul London & Rey Mysterio & Scotty 2 Hotty & Shannon Moore & Sho Funaki,,,,,,,,,,,,,,,,,,,,,,
Akio & Billy Kidman & Charlie Haas & Chris Masters & Danny Basham & Doug Basham & Gene Snitsky & Hardcore Holly & Heidenreich & Luther Reigns & Mark Jindrak & Maven & Nunzio & Orlando Jordan & Paul London & Rhyno & Rob Conway & Rosey & Scotty 2 Hotty & Sho Funaki & Simon Dean & Spike Dudley & Sylvain Grenier & Tajiri & The Hurricane & Tyson Tomko & Val Venis & Viscera & William Regal,akio billy kidman charlie haas chris masters danny basham doug basham gene snitsky hardcore holly heidenreich luther reigns mark jindrak maven nunzio orlando jordan paul london rhyno rob conway rosey scotty 2 hotty sho funaki simon dean spike dudley sylvain grenier tajiri the hurricane tyson tomko val venis viscera william regal,125438,Akio & Billy Kidman & Charlie Haas & Chris Masters & Danny Basham & Doug Basham & Gene Snitsky & Hardcore Holly & Heidenreich & Luther Reigns & Mark Jindrak & Maven & Nunzio & Orlando Jordan & Paul London & Rhyno & Rob Conway & Rosey & Scotty 2 Hotty & Sho Funaki & Simon Dean & Spike Dudley & Sylvain Grenier & Tajiri & The Hurricane & Tyson Tomko & Val Venis & Viscera & William Regal,,,,,,,,,,,,,,,,,,,,,,
Akio & Charlie Haas & Chavo Guerrero & Chris Jericho & Christian & Funaki & Hardcore Holly & Kenzo Suzuki & Luther Reigns & Mark Jindrak & Muhammad Hassan & Orlando Jordan & Paul London & Rene Dupree & Rhyno & Robert Conway & Spike Dudley & Sylvain Grenier & Tajiri & The Big Show & Tyson Tomko & Val Venis & William Regal,akio charlie haas chavo guerrero chris jericho christian funaki hardcore holly kenzo suzuki luther reigns mark jindrak muhammad hassan orlando jordan paul london rene dupree rhyno robert conway spike dudley sylvain grenier tajiri the big show tyson tomko val venis william regal,125756,Akio & Charlie Haas & Chavo Guerrero & Chris Jericho & Christian & Funaki & Hardcore Holly & Kenzo Suzuki & Luther Reigns & Mark Jindrak & Muhammad Hassan & Orlando Jordan & Paul London & Rene Dupree & Rhyno & Robert Conway & Spike Dudley & Sylvain Grenier & Tajiri & The Big Show & Tyson Tomko & Val Venis & William Regal,,,,,,,,,,,,,,,,,,,,,,
Akira Hokuto,akira hokuto,48603,Akira Hokuto,,,,,,,,,,,,,,,,,,,,,,
Akira Maeda,akira maeda,175375,Akira Maeda,,,,,,,,,,,,,,,,,,,,,,
Akira Nogami & Hiro Hase,akira nogami hiro hase,52927,Akira Nogami & Hiro Hase,,,,,,,,,,,,,,,,,,,,,,
Akira Tozawa & Andrade & Angel & Austin Theory & Berto & Brutus Creed & Carlito & Chad Gable & Cruz Del Toro & Dragon Lee & Elton Prince & Grayson Waller & Joaquin Wilde & Julius Creed & Karrion Kross & Kit Wilson & Ludwig Kaiser & Otis & Pete Dunne & R-Truth & Rey Fenix & Santos Escobar & Shinsuke Nakamura & The Miz & Tyler Bate,akira tozawa andrade angel austin theory berto brutus creed carlito chad gable cruz del toro dragon lee elton prince grayson waller joaquin wilde julius creed karrion kross kit wilson ludwig kaiser otis pete dunne r truth rey fenix santos escobar shinsuke nakamura the miz tyler bate,55980,Akira Tozawa & Andrade & Angel & Austin Theory & Berto & Brutus Creed & Carlito & Chad Gable & Cruz Del Toro & Dragon Lee & Elton Prince & Grayson Waller & Joaquin Wilde & Julius Creed & Karrion Kross & Kit Wilson & Ludwig Kaiser & Otis & Pete Dunne & R-Truth & Rey Fenix & Santos Escobar & Shinsuke Nakamura & The Miz & Tyler Bate,,,,,,,,,,,,,,,,,,,,,,
Akira Tozawa & Andrade & Apollo Crews & Buddy Murphy & Cedric Alexander & Drake Maverick & Eric Young & Erick Rowan & Heath Slater & Luke Harper & Mojo Rawley & No Way Jose & R-Truth & Shelton Benjamin & Sin Cara (II) & Sunil Singh & The Brian Kendrick & Titus O'Neil & Tony Nese,akira tozawa andrade apollo crews buddy murphy cedric alexander drake maverick eric young erick rowan heath slater luke harper mojo rawley no way jose r truth shelton benjamin sin cara ii sunil singh the brian kendrick titus o neil tony nese,71350,Akira Tozawa & Andrade & Apollo Crews & Buddy Murphy & Cedric Alexander & Drake Maverick & Eric Young & Erick Rowan & Heath Slater & Luke Harper & Mojo Rawley & No Way Jose & R-Truth & Shelton Benjamin & Sin Cara (II) & Sunil Singh & The Brian Kendrick & Titus O'Neil & Tony Nese,,,,,,,,,,,,,,,,,,,,,,
"Akira Tozawa & Angel & Apollo Crews & Ashante ""Thee"" Adonis & Berto & Brutus Creed & Cameron Grimes & Cedric Alexander & Cruz Del Toro & Elton Prince & Ivar & JD McDonagh & Jinder Mahal & Joaquin Wilde & Julius Creed & Karl Anderson & Kit Wilson & Luke Gallows & Omos & Otis & Ricochet & Sanga & Veer",akira tozawa angel apollo crews ashante thee adonis berto brutus creed cameron grimes cedric alexander cruz del toro elton prince ivar jd mcdonagh jinder mahal joaquin wilde julius creed karl anderson kit wilson luke gallows omos otis ricochet sanga veer,58664,"Akira Tozawa & Angel & Apollo Crews & Ashante ""Thee"" Adonis & Berto & Brutus Creed & Cameron Grimes & Cedric Alexander & Cruz Del Toro & Elton Prince & Ivar & JD McDonagh & Jinder Mahal & Joaquin Wilde & Julius Creed & Karl Anderson & Kit Wilson & Luke Gallows & Omos & Otis & Ricochet & Sanga & Veer",,,,,,,,,,,,,,,,,,,,,,
Akira Tozawa & Angel & Apollo Crews & Baron Corbin & Bronson Reed & Cedric Alexander & Chad Gable & Dexter Lumis & Dolph Ziggler & Elias & Erik & Humberto & Ivar & JD McDonagh & Johnny Gargano & Matt Riddle & Otis & Ricochet & Riddick Moss & Shelton Benjamin & Von Wagner & Xyon Quinn & ma.çé & mån.sôör,akira tozawa angel apollo crews baron corbin bronson reed cedric alexander chad gable dexter lumis dolph ziggler elias erik humberto ivar jd mcdonagh johnny gargano matt riddle otis ricochet riddick moss shelton benjamin von wagner xyon quinn ma ce man soor,61332,Akira Tozawa & Angel & Apollo Crews & Baron Corbin & Bronson Reed & Cedric Alexander & Chad Gable & Dexter Lumis & Dolph Ziggler & Elias & Erik & Humberto & Ivar & JD McDonagh & Johnny Gargano & Matt Riddle & Otis & Ricochet & Riddick Moss & Shelton Benjamin & Von Wagner & Xyon Quinn & ma.çé & mån.sôör,,,,,,,,,,,,,,,,,,,,,,
Akira Tozawa & Angel Garza & Cedric Alexander & Damian Priest & Drew Gulak & Erik & Humberto Carrillo & Ivar & Jeff Hardy & Jinder Mahal & Mansoor & Mustafa Ali & R-Truth & Shelton Benjamin,akira tozawa angel garza cedric alexander damian priest drew gulak erik humberto carrillo ivar jeff hardy jinder mahal mansoor mustafa ali r truth shelton benjamin,67774,Akira Tozawa & Angel Garza & Cedric Alexander & Damian Priest & Drew Gulak & Erik & Humberto Carrillo & Ivar & Jeff Hardy & Jinder Mahal & Mansoor & Mustafa Ali & R-Truth & Shelton Benjamin,,,,,,,,,,,,,,,,,,,,,,
Akira Tozawa & Angel Garza & Cedric Alexander & Drew Gulak & Elias & Erik & Gran Metalik & Humberto Carrillo & Jaxson Ryker & Kalisto & King Corbin & Lince Dorado & MACE & Murphy & Mustafa Ali & Ricochet & SLAPJACK & Shelton Benjamin & Shinsuke Nakamura & T-BAR & Tucker,akira tozawa angel garza cedric alexander drew gulak elias erik gran metalik humberto carrillo jaxson ryker kalisto king corbin lince dorado mace murphy mustafa ali ricochet slapjack shelton benjamin shinsuke nakamura t bar tucker,68242,Akira Tozawa & Angel Garza & Cedric Alexander & Drew Gulak & Elias & Erik & Gran Metalik & Humberto Carrillo & Jaxson Ryker & Kalisto & King Corbin & Lince Dorado & MACE & Murphy & Mustafa Ali & Ricochet & SLAPJACK & Shelton Benjamin & Shinsuke Nakamura & T-BAR & Tucker,,,,,,,,,,,,,,,,,,,,,,
Akira Tozawa & Apollo Crews & Cedric Alexander & Commander Azeez & Damian Priest & Dolph Ziggler & Drew Gulak & Erik & Finn Bálor & Ivar & Jinder Mahal & Mansoor & R-Truth & Reggie & Robert Roode & Shanky & Shelton Benjamin & T-BAR & Tommaso Ciampa,akira tozawa apollo crews cedric alexander commander azeez damian priest dolph ziggler drew gulak erik finn balor ivar jinder mahal mansoor r truth reggie robert roode shanky shelton benjamin t bar tommaso ciampa,65162,Akira Tozawa & Apollo Crews & Cedric Alexander & Commander Azeez & Damian Priest & Dolph Ziggler & Drew Gulak & Erik & Finn Bálor & Ivar & Jinder Mahal & Mansoor & R-Truth & Reggie & Robert Roode & Shanky & Shelton Benjamin & T-BAR & Tommaso Ciampa,,,,,,,,,,,,,,,,,,,,,,
Akira Tozawa & Ariya Daivari & Brian Kendrick & Dave Mastiff & Dominik Dijakovic & Drew Gulak & Eric Bugenhagen & Fabian Aichner & Humberto Carrillo & Joe Coffey & Ligero & Mark Coffey & Matt Riddle & Rinku Singh & Saurav Gurjar & Steve Cutler & Travis Banks & Tyler Bate & Wesley Blake,akira tozawa ariya daivari brian kendrick dave mastiff dominik dijakovic drew gulak eric bugenhagen fabian aichner humberto carrillo joe coffey ligero mark coffey matt riddle rinku singh saurav gurjar steve cutler travis banks tyler bate wesley blake,72840,Akira Tozawa & Ariya Daivari & Brian Kendrick & Dave Mastiff & Dominik Dijakovic & Drew Gulak & Eric Bugenhagen & Fabian Aichner & Humberto Carrillo & Joe Coffey & Ligero & Mark Coffey & Matt Riddle & Rinku Singh & Saurav Gurjar & Steve Cutler & Travis Banks & Tyler Bate & Wesley Blake,,,,,,,,,,,,,,,,,,,,,,
Akira Tozawa & Enzo Amore,akira tozawa enzo amore,76628,Akira Tozawa & Enzo Amore,,,,,,,,,,,,,,,,,,,,,,
Akira Tozawa & Giovanni Vinci & Johnny Gargano & Kofi Kingston & Ludwig Kaiser & Otis & Sanga & Tommaso Ciampa & Veer & Xavier Woods,akira tozawa giovanni vinci johnny gargano kofi kingston ludwig kaiser otis sanga tommaso ciampa veer xavier woods,59762,Akira Tozawa & Giovanni Vinci & Johnny Gargano & Kofi Kingston & Ludwig Kaiser & Otis & Sanga & Tommaso Ciampa & Veer & Xavier Woods,,,,,,,,,,,,,,,,,,,,,,
Akira Tozawa & Humberto Carrillo,akira tozawa humberto carrillo,68438,Akira Tozawa & Humberto Carrillo,,,,,,,,,,,,,,,,,,,,,,
Akira Tozawa & Kalisto,akira tozawa kalisto,71176,Akira Tozawa & Kalisto,,,,,,,,,,,,,,,,,,,,,,
Akira Tozawa & Ninja #1 & Ninja #2 & Ninja #3,akira tozawa ninja 1 ninja 2 ninja 3,69630,Akira Tozawa & Ninja #1 & Ninja #2 & Ninja #3,,,,,,,,,,,,,,,,,,,,,,
Akira Tozawa & Tajiri,akira tozawa tajiri,28258,Akira Tozawa & Tajiri,,,,,,,,,,,,,,,,,,,,,,
Akira Tozawa & Tamina,akira tozawa tamina,64917,Akira Tozawa & Tamina,,,,,,,,,,,,,,,,,,,,,,
Aksana,aksana,34652,Aksana,,,,,,,,,,,,,,,,,,,,,,
Aksana & Alicia Fox & Brie Bella & Cameron & Emma & Eva Marie & Layla & Naomi & Natalya & Nikki Bella & Rosa Mendes & Summer Rae & Tamina Snuka,aksana alicia fox brie bella cameron emma eva marie layla naomi natalya nikki bella rosa mendes summer rae tamina snuka,95042,Aksana & Alicia Fox & Brie Bella & Cameron & Emma & Eva Marie & Layla & Naomi & Natalya & Nikki Bella & Rosa Mendes & Summer Rae & Tamina Snuka,,,,,,,,,,,,,,,,,,,,,,
Al Bermice,al bermice,168888,Al Bermice,,,,,,,,,,,,,,,,,,,,,,
Al Brown & Gene Miller & Terry Richards,al brown gene miller terry richards,153276,Al Brown & Gene Miller & Terry Richards,,,,,,,,,,,,,,,,,,,,,,
Al Burke,al burke,161392,Al Burke,,,,,,,,,,,,,,,,,,,,,,
Al Coleman & Brian Donahue,al coleman brian donahue,164948,Al Coleman & Brian Donahue,,,,,,,,,,,,,,,,,,,,,,
Al Costello & Roy Heffernan,al costello roy heffernan,135937,Al Costello & Roy Heffernan,,,,,,,,,,,,,,,,,,,,,,
Al Fleming,al fleming,142560,Al Fleming,,,,,,,,,,,,,,,,,,,,,,
Al Green,al green,39382,Al Green,,,,,,,,,,,,,,,,,,,,,,
Al Jackson,al jackson,153142,Al Jackson,,,,,,,,,,,,,,,,,,,,,,
Al Kinsey & Mario Mancini,al kinsey mario mancini,170078,Al Kinsey & Mario Mancini,,,,,,,,,,,,,,,,,,,,,,
Al Kirkland & Bob Bryant,al kirkland bob bryant,170536,Al Kirkland & Bob Bryant,,,,,,,,,,,,,,,,,,,,,,
Al Mayo & John Weiss,al mayo john weiss,168576,Al Mayo & John Weiss,,,,,,,,,,,,,,,,,,,,,,
Al Navarro,al navarro,170012,Al Navarro,,,,,,,,,,,,,,,,,,,,,,
Al Perez,al perez,167066,Al Perez,,,,,,,,,,,,,,,,,,,,,,
Al Phillips & Brian Knighton & Mark Schrader,al phillips brian knighton mark schrader,151634,Al Phillips & Brian Knighton & Mark Schrader,,,,,,,,,,,,,,,,,,,,,,
Al Phillips & Troy Ace,al phillips troy ace,52328,Al Phillips & Troy Ace,,,,,,,,,,,,,,,,,,,,,,
Al Smith,al smith,136680,Al Smith,,,,,,,,,,,,,,,,,,,,,,
Al Snow,al snow,4738,Al Snow,,,,,,,,,,,,,,,,,,,,,,
Al Snow & Albert & Big Boss Man & Billy & Booker T. & Bradshaw & Christian & Chuck & Diamond Dallas Page & Faarooq & Goldust & Jeff Hardy & Kane & Kurt Angle & Lance Storm & Matt Hardy & Maven & Mr. Perfect & Perry Saturn & Rikishi & Rob Van Dam & Scotty 2 Hotty & Steve Austin & Test & The Big Show & The Godfather & The Hurricane & The Undertaker & Val Venis,al snow albert big boss man billy booker t bradshaw christian chuck diamond dallas page faarooq goldust jeff hardy kane kurt angle lance storm matt hardy maven mr perfect perry saturn rikishi rob van dam scotty 2 hotty steve austin test the big show the godfather the hurricane the undertaker val venis,138490,Al Snow & Albert & Big Boss Man & Billy & Booker T. & Bradshaw & Christian & Chuck & Diamond Dallas Page & Faarooq & Goldust & Jeff Hardy & Kane & Kurt Angle & Lance Storm & Matt Hardy & Maven & Mr. Perfect & Perry Saturn & Rikishi & Rob Van Dam & Scotty 2 Hotty & Steve Austin & Test & The Big Show & The Godfather & The Hurricane & The Undertaker & Val Venis,,,,,,,,,,,,,,,,,,,,,,
Al Snow & Albert & Billy Gunn & Bradshaw & Bull Buchanan & Crash Holly & Drew Carey & Faarooq & Grandmaster Sexay & Haku & Hardcore Holly & Honky Tonk Man & Jeff Hardy & K-Kwik & Kane & Matt Hardy & Perry Saturn & Raven & Rikishi & Scotty 2 Hotty & Steve Blackman & Tazz & Test & The Big Show & The Goodfather & The Rock & The Undertaker & Val Venis & William Regal,al snow albert billy gunn bradshaw bull buchanan crash holly drew carey faarooq grandmaster sexay haku hardcore holly honky tonk man jeff hardy k kwik kane matt hardy perry saturn raven rikishi scotty 2 hotty steve blackman tazz test the big show the goodfather the rock the undertaker val venis william regal,143030,Al Snow & Albert & Billy Gunn & Bradshaw & Bull Buchanan & Crash Holly & Drew Carey & Faarooq & Grandmaster Sexay & Haku & Hardcore Holly & Honky Tonk Man & Jeff Hardy & K-Kwik & Kane & Matt Hardy & Perry Saturn & Raven & Rikishi & Scotty 2 Hotty & Steve Blackman & Tazz & Test & The Big Show & The Goodfather & The Rock & The Undertaker & Val Venis & William Regal,,,,,,,,,,,,,,,,,,,,,,
Al Snow & Albert & Billy Kidman & Chavo Guerrero & Chris Jericho & Christian & D-Von Dudley & Faarooq & Hardcore Holly & Hugh Morrus & Kurt Angle & Lance Storm & Mark Henry & Randy Orton & Test & The Big Valbowski & The Godfather & The Hurricane,al snow albert billy kidman chavo guerrero chris jericho christian d von dudley faarooq hardcore holly hugh morrus kurt angle lance storm mark henry randy orton test the big valbowski the godfather the hurricane,133610,Al Snow & Albert & Billy Kidman & Chavo Guerrero & Chris Jericho & Christian & D-Von Dudley & Faarooq & Hardcore Holly & Hugh Morrus & Kurt Angle & Lance Storm & Mark Henry & Randy Orton & Test & The Big Valbowski & The Godfather & The Hurricane,,,,,,,,,,,,,,,,,,,,,,
Al Snow & Amish Roadkill & Balls Mahoney & Big Guido & Danny Doring & Little Guido & Stevie Richards & The Big Show & Tommy Dreamer & Tony Mamaluke,al snow amish roadkill balls mahoney big guido danny doring little guido stevie richards the big show tommy dreamer tony mamaluke,121914,Al Snow & Amish Roadkill & Balls Mahoney & Big Guido & Danny Doring & Little Guido & Stevie Richards & The Big Show & Tommy Dreamer & Tony Mamaluke,,,,,,,,,,,,,,,,,,,,,,
Al Snow & Balls Mahoney & Bobby Lashley & Carlito & Edge & Finlay & Justin Credible & Kurt Angle & Little Guido & Mark Henry & Matt Hardy & Randy Orton & Shelton Benjamin & Stevie Richards & Tatanka & Terry Funk & The Sandman & Tommy Dreamer & Tony Mamaluke,al snow balls mahoney bobby lashley carlito edge finlay justin credible kurt angle little guido mark henry matt hardy randy orton shelton benjamin stevie richards tatanka terry funk the sandman tommy dreamer tony mamaluke,121956,Al Snow & Balls Mahoney & Bobby Lashley & Carlito & Edge & Finlay & Justin Credible & Kurt Angle & Little Guido & Mark Henry & Matt Hardy & Randy Orton & Shelton Benjamin & Stevie Richards & Tatanka & Terry Funk & The Sandman & Tommy Dreamer & Tony Mamaluke,,,,,,,,,,,,,,,,,,,,,,
Al Snow & Bart Gunn & Bob Backlund & Doink the Clown (Matt Borne) & Flash Funk & Gangrel & Gillberg & Irwin R. Schyster & Jim Neidhart & Pete Gas & Repo Man & Scotty 2 Hotty & Sergeant Slaughter & Skinner & Steve Blackman & The Goon,al snow bart gunn bob backlund doink the clown matt borne flash funk gangrel gillberg irwin r schyster jim neidhart pete gas repo man scotty 2 hotty sergeant slaughter skinner steve blackman the goon,118016,Al Snow & Bart Gunn & Bob Backlund & Doink the Clown (Matt Borne) & Flash Funk & Gangrel & Gillberg & Irwin R. Schyster & Jim Neidhart & Pete Gas & Repo Man & Scotty 2 Hotty & Sergeant Slaughter & Skinner & Steve Blackman & The Goon,,,,,,,,,,,,,,,,,,,,,,
Al Snow & Batista & Chris Jericho & Christian & Jamal & Jeff Hardy & Kane & Lance Storm & Maven & Randy Orton & Rob Van Dam & Rodney Mack & Rosey & Scott Steiner & Steven Richards & Test & The Hurricane & The Rock & Tommy Dreamer,al snow batista chris jericho christian jamal jeff hardy kane lance storm maven randy orton rob van dam rodney mack rosey scott steiner steven richards test the hurricane the rock tommy dreamer,131130,Al Snow & Batista & Chris Jericho & Christian & Jamal & Jeff Hardy & Kane & Lance Storm & Maven & Randy Orton & Rob Van Dam & Rodney Mack & Rosey & Scott Steiner & Steven Richards & Test & The Hurricane & The Rock & Tommy Dreamer,,,,,,,,,,,,,,,,,,,,,,
Al Snow & Big Boss Man & Billy Gunn & Chyna & D-Lo Brown & Dan Severn & Droz & Edge & Gangrel & Gillberg & Goldust & Golga & Jeff Jarrett & Kane & Ken Shamrock & Kurrgan & Mabel & Mark Henry & Owen Hart & Road Dogg & Steve Austin & Steve Blackman & Test & The Blue Meanie & The Godfather & Tiger Ali Singh & Triple H & Val Venis & X-Pac,al snow big boss man billy gunn chyna d lo brown dan severn droz edge gangrel gillberg goldust golga jeff jarrett kane ken shamrock kurrgan mabel mark henry owen hart road dogg steve austin steve blackman test the blue meanie the godfather tiger ali singh triple h val venis x pac,149846,Al Snow & Big Boss Man & Billy Gunn & Chyna & D-Lo Brown & Dan Severn & Droz & Edge & Gangrel & Gillberg & Goldust & Golga & Jeff Jarrett & Kane & Ken Shamrock & Kurrgan & Mabel & Mark Henry & Owen Hart & Road Dogg & Steve Austin & Steve Blackman & Test & The Blue Meanie & The Godfather & Tiger Ali Singh & Triple H & Val Venis & X-Pac,,,,,,,,,,,,,,,,,,,,,,
Al Snow & Big Boss Man & Bob Backlund & Bradshaw & Chris Jericho & Christian & Chyna & Crash Holly & D-Lo Brown & Edge & Faarooq & Gangrel & Grandmaster Sexay & Hardcore Holly & Kane & Mosh & Mr. Ass & Prince Albert & Rikishi & Road Dogg & Scotty 2 Hotty & Steve Blackman & Test & The Big Show & The British Bulldog & The Godfather & Val Venis & Viscera & X-Pac,al snow big boss man bob backlund bradshaw chris jericho christian chyna crash holly d lo brown edge faarooq gangrel grandmaster sexay hardcore holly kane mosh mr ass prince albert rikishi road dogg scotty 2 hotty steve blackman test the big show the british bulldog the godfather val venis viscera x pac,146466,Al Snow & Big Boss Man & Bob Backlund & Bradshaw & Chris Jericho & Christian & Chyna & Crash Holly & D-Lo Brown & Edge & Faarooq & Gangrel & Grandmaster Sexay & Hardcore Holly & Kane & Mosh & Mr. Ass & Prince Albert & Rikishi & Road Dogg & Scotty 2 Hotty & Steve Blackman & Test & The Big Show & The British Bulldog & The Godfather & Val Venis & Viscera & X-Pac,,,,,,,,,,,,,,,,,,,,,,
Al Snow & Billy Gunn & Bradshaw & Bubba Ray Dudley & Christian & Crash Holly & D-Lo Brown & D-Von Dudley & Edge & Gangrel & Grandmaster Sexay & Hardcore Holly & Jeff Hardy & Jerry Lawler & Kurt Angle & Matt Hardy & Mosh & Prince Albert & Scotty 2 Hotty & Steve Blackman & Tazz & Test & The Big Show & The Godfather & Thrasher & Val Venis & X-Pac,al snow billy gunn bradshaw bubba ray dudley christian crash holly d lo brown d von dudley edge gangrel grandmaster sexay hardcore holly jeff hardy jerry lawler kurt angle matt hardy mosh prince albert scotty 2 hotty steve blackman tazz test the big show the godfather thrasher val venis x pac,146400,Al Snow & Billy Gunn & Bradshaw & Bubba Ray Dudley & Christian & Crash Holly & D-Lo Brown & D-Von Dudley & Edge & Gangrel & Grandmaster Sexay & Hardcore Holly & Jeff Hardy & Jerry Lawler & Kurt Angle & Matt Hardy & Mosh & Prince Albert & Scotty 2 Hotty & Steve Blackman & Tazz & Test & The Big Show & The Godfather & Thrasher & Val Venis & X-Pac,,,,,,,,,,,,,,,,,,,,,,
Al Walker,al walker,155434,Al Walker,,,,,,,,,,,,,,,,,,,,,,
Al the Sledgehammer,al the sledgehammer,49322,Al the Sledgehammer,,,,,,,,,,,,,,,,,,,,,,
Alan Burke & Larry Sampson,alan burke larry sampson,161918,Alan Burke & Larry Sampson,,,,,,,,,,,,,,,,,,,,,,
Alan Funk & Mike Sanders,alan funk mike sanders,38395,Alan Funk & Mike Sanders,,,,,,,,,,,,,,,,,,,,,,
Alan Kilby,alan kilby,163431,Alan Kilby,,,,,,,,,,,,,,,,,,,,,,
Alan Kinsey & Iron Mike Sharpe,alan kinsey iron mike sharpe,169706,Alan Kinsey & Iron Mike Sharpe,,,,,,,,,,,,,,,,,,,,,,
Alan Martin,alan martin,166106,Alan Martin,,,,,,,,,,,,,,,,,,,,,,
Alan Reid & Robert Thompson,alan reid robert thompson,161688,Alan Reid & Robert Thompson,,,,,,,,,,,,,,,,,,,,,,
Alan Reynolds & Chris Collins,alan reynolds chris collins,169700,Alan Reynolds & Chris Collins,,,,,,,,,,,,,,,,,,,,,,
Alan Reynolds & Dan Robbins,alan reynolds dan robbins,166616,Alan Reynolds & Dan Robbins,,,,,,,,,,,,,,,,,,,,,,
Alan Reynolds & Randy Jackson,alan reynolds randy jackson,166754,Alan Reynolds & Randy Jackson,,,,,,,,,,,,,,,,,,,,,,
Alan Reynolds & Shinji,alan reynolds shinji,166088,Alan Reynolds & Shinji,,,,,,,,,,,,,,,,,,,,,,
Alan Reynolds & Tom Stone,alan reynolds tom stone,166684,Alan Reynolds & Tom Stone,,,,,,,,,,,,,,,,,,,,,,
Alan Steele & Bobby Rude,alan steele bobby rude,129570,Alan Steele & Bobby Rude,,,,,,,,,,,,,,,,,,,,,,
Alan Storm,alan storm,49632,Alan Storm,,,,,,,,,,,,,,,,,,,,,,
Alba Fyre,alba fyre,10608,Alba Fyre,,,,,,,,,,,,,,,,,,,,,,
Alba Fyre & Amari Miller & Arianna Grace & Cora Jade & Elektra Lopez & Fallon Henley & Indi Hartwell & Ivy Nile & Katana Chance & Kayden Carter & Kiana James & Lash Legend & Nikkita Lyons & Sloane Jacobs & Tatum Paxley & Tiffany Stratton & Valentina Feroz & Wendy Choo & Yulisa Leon,alba fyre amari miller arianna grace cora jade elektra lopez fallon henley indi hartwell ivy nile katana chance kayden carter kiana james lash legend nikkita lyons sloane jacobs tatum paxley tiffany stratton valentina feroz wendy choo yulisa leon,16586,Alba Fyre & Amari Miller & Arianna Grace & Cora Jade & Elektra Lopez & Fallon Henley & Indi Hartwell & Ivy Nile & Katana Chance & Kayden Carter & Kiana James & Lash Legend & Nikkita Lyons & Sloane Jacobs & Tatum Paxley & Tiffany Stratton & Valentina Feroz & Wendy Choo & Yulisa Leon,,,,,,,,,,,,,,,,,,,,,,
Alba Fyre & Amari Miller & Cora Jade & Dani Palmer & Elektra Lopez & Fallon Henley & Indi Hartwell & Ivy Nile & Kiana James & Lash Legend & Lyra Valkyria & Nikkita Lyons & Sol Ruca & Tatum Paxley & Thea Hail & Valentina Feroz & Wendy Choo & Zoey Stark,alba fyre amari miller cora jade dani palmer elektra lopez fallon henley indi hartwell ivy nile kiana james lash legend lyra valkyria nikkita lyons sol ruca tatum paxley thea hail valentina feroz wendy choo zoey stark,15708,Alba Fyre & Amari Miller & Cora Jade & Dani Palmer & Elektra Lopez & Fallon Henley & Indi Hartwell & Ivy Nile & Kiana James & Lash Legend & Lyra Valkyria & Nikkita Lyons & Sol Ruca & Tatum Paxley & Thea Hail & Valentina Feroz & Wendy Choo & Zoey Stark,,,,,,,,,,,,,,,,,,,,,,
Alba Fyre & Asuka & Becky Lynch & Bianca BelAir & Candice LeRae & Chelsea Green & Indi Hartwell & Ivy Nile & Jade Cargill & Jordynne Grace & Kairi Sane & Katana Chance & Kayden Carter & Liv Morgan & Maxxine Dupri & Michin & Naomi & Natalya & Nia Jax & Piper Niven & Roxanne Perez & Shayna Baszler & Shotzi & Tegan Nox & Tiffany Stratton & Valhalla & Xia Li & Zelina Vega & Zoey Stark,alba fyre asuka becky lynch bianca belair candice lerae chelsea green indi hartwell ivy nile jade cargill jordynne grace kairi sane katana chance kayden carter liv morgan maxxine dupri michin naomi natalya nia jax piper niven roxanne perez shayna baszler shotzi tegan nox tiffany stratton valhalla xia li zelina vega zoey stark,59156,Alba Fyre & Asuka & Becky Lynch & Bianca BelAir & Candice LeRae & Chelsea Green & Indi Hartwell & Ivy Nile & Jade Cargill & Jordynne Grace & Kairi Sane & Katana Chance & Kayden Carter & Liv Morgan & Maxxine Dupri & Michin & Naomi & Natalya & Nia Jax & Piper Niven & Roxanne Perez & Shayna Baszler & Shotzi & Tegan Nox & Tiffany Stratton & Valhalla & Xia Li & Zelina Vega & Zoey Stark,,,,,,,,,,,,,,,,,,,,,,
Alba Fyre & B-FAB & Candice LeRae & Chelsea Green & Elektra Lopez & Indi Hartwell & Isla Dawn & Ivy Nile & Katana Chance & Kayden Carter & Maxxine Dupri & Michin & Natalya & Shayna Baszler & Tegan Nox & Valhalla & Xia Li & Zelina Vega & Zoey Stark,alba fyre b fab candice lerae chelsea green elektra lopez indi hartwell isla dawn ivy nile katana chance kayden carter maxxine dupri michin natalya shayna baszler tegan nox valhalla xia li zelina vega zoey stark,59002,Alba Fyre & B-FAB & Candice LeRae & Chelsea Green & Elektra Lopez & Indi Hartwell & Isla Dawn & Ivy Nile & Katana Chance & Kayden Carter & Maxxine Dupri & Michin & Natalya & Shayna Baszler & Tegan Nox & Valhalla & Xia Li & Zelina Vega & Zoey Stark,,,,,,,,,,,,,,,,,,,,,,
Albert & Billy & Bradshaw & Bubba Ray Dudley & Christian & Chuck & D-Von Dudley & Faarooq & Lance Storm & Scotty 2 Hotty,albert billy bradshaw bubba ray dudley christian chuck d von dudley faarooq lance storm scotty 2 hotty,138090,Albert & Billy & Bradshaw & Bubba Ray Dudley & Christian & Chuck & D-Von Dudley & Faarooq & Lance Storm & Scotty 2 Hotty,,,,,,,,,,,,,,,,,,,,,,
Albert & Billy Gunn & Billy Kidman & Bradshaw & Chavo Guerrero & Chuck Palumbo & Crash Holly & Diamond Dallas Page & Faarooq & Funaki & Hugh Morrus & Justin Credible & Lance Storm & Perry Saturn & Raven & Shawn Stasiak & Spike Dudley & Steven Richards & Tazz & The Hurricane & Tommy Dreamer,albert billy gunn billy kidman bradshaw chavo guerrero chuck palumbo crash holly diamond dallas page faarooq funaki hugh morrus justin credible lance storm perry saturn raven shawn stasiak spike dudley steven richards tazz the hurricane tommy dreamer,139266,Albert & Billy Gunn & Billy Kidman & Bradshaw & Chavo Guerrero & Chuck Palumbo & Crash Holly & Diamond Dallas Page & Faarooq & Funaki & Hugh Morrus & Justin Credible & Lance Storm & Perry Saturn & Raven & Shawn Stasiak & Spike Dudley & Steven Richards & Tazz & The Hurricane & Tommy Dreamer,,,,,,,,,,,,,,,,,,,,,,
Albert & Crash Holly,albert crash holly,132238,Albert & Crash Holly,,,,,,,,,,,,,,,,,,,,,,
Albert & Kane,albert kane,140125,Albert & Kane,,,,,,,,,,,,,,,,,,,,,,
Albert & Scotty 2 Hotty,albert scotty 2 hotty,137444,Albert & Scotty 2 Hotty,,,,,,,,,,,,,,,,,,,,,,
Albert & Test,albert test,143319,Albert & Test,,,,,,,,,,,,,,,,,,,,,,
Albert Hardie Jr.,albert hardie jr,20709,Albert Hardie Jr.,,,,,,,,,,,,,,,,,,,,,,
Alberto Del Rio,alberto del rio,36540,Alberto Del Rio,,,,,,,,,,,,,,,,,,,,,,
Alberto Del Rio & Alexander Rusev & Antonio Cesaro & Big E. Langston & CM Punk & Cody Rhodes & Damien Sandow & Dean Ambrose & Dolph Ziggler & El Torito & Erick Rowan & Fandango & Goldust & Jack Swagger & Jey Uso & Jimmy Uso & John Bradshaw Layfield & Kane & Kevin Nash & Kofi Kingston & Luke Harper & R-Truth & Rey Mysterio & Roman Reigns & Ryback & Seth Rollins & Sheamus & The Great Khali & The Miz,alberto del rio alexander rusev antonio cesaro big e langston cm punk cody rhodes damien sandow dean ambrose dolph ziggler el torito erick rowan fandango goldust jack swagger jey uso jimmy uso john bradshaw layfield kane kevin nash kofi kingston luke harper r truth rey mysterio roman reigns ryback seth rollins sheamus the great khali the miz,95974,Alberto Del Rio & Alexander Rusev & Antonio Cesaro & Big E. Langston & CM Punk & Cody Rhodes & Damien Sandow & Dean Ambrose & Dolph Ziggler & El Torito & Erick Rowan & Fandango & Goldust & Jack Swagger & Jey Uso & Jimmy Uso & John Bradshaw Layfield & Kane & Kevin Nash & Kofi Kingston & Luke Harper & R-Truth & Rey Mysterio & Roman Reigns & Ryback & Seth Rollins & Sheamus & The Great Khali & The Miz,,,,,,,,,,,,,,,,,,,,,,
Alberto Del Rio & Alexander Rusev & Bad News Barrett & Curtis Axel & Drew McIntyre & Fandango & Heath Slater & Jack Swagger & Jinder Mahal & Ryback & Titus O'Neil,alberto del rio alexander rusev bad news barrett curtis axel drew mcintyre fandango heath slater jack swagger jinder mahal ryback titus o neil,94950,Alberto Del Rio & Alexander Rusev & Bad News Barrett & Curtis Axel & Drew McIntyre & Fandango & Heath Slater & Jack Swagger & Jinder Mahal & Ryback & Titus O'Neil,,,,,,,,,,,,,,,,,,,,,,
Alberto Del Rio & Apollo Crews & Baron Corbin & Bo Dallas & Curtis Axel & Damien Sandow & Darren Young & Dolph Ziggler & Sheamus & Sin Cara (II) & Stardust & Titus O'Neil & Viktor & Zack Ryder,alberto del rio apollo crews baron corbin bo dallas curtis axel damien sandow darren young dolph ziggler sheamus sin cara ii stardust titus o neil viktor zack ryder,83936,Alberto Del Rio & Apollo Crews & Baron Corbin & Bo Dallas & Curtis Axel & Damien Sandow & Darren Young & Dolph Ziggler & Sheamus & Sin Cara (II) & Stardust & Titus O'Neil & Viktor & Zack Ryder,,,,,,,,,,,,,,,,,,,,,,
Alberto Del Rio & Big E & Bo Dallas & Cesaro & Curtis Axel & Damien Sandow & Diego & Dolph Ziggler & Heath Slater & Kofi Kingston & R-Truth & Ryback & Sheamus & Sin Cara (II) & The Great Khali & Titus O'Neil & Xavier Woods & Zack Ryder,alberto del rio big e bo dallas cesaro curtis axel damien sandow diego dolph ziggler heath slater kofi kingston r truth ryback sheamus sin cara ii the great khali titus o neil xavier woods zack ryder,93444,Alberto Del Rio & Big E & Bo Dallas & Cesaro & Curtis Axel & Damien Sandow & Diego & Dolph Ziggler & Heath Slater & Kofi Kingston & R-Truth & Ryback & Sheamus & Sin Cara (II) & The Great Khali & Titus O'Neil & Xavier Woods & Zack Ryder,,,,,,,,,,,,,,,,,,,,,,
Alberto Del Rio & Big E & Brad Maddox & Brodus Clay & Cody Rhodes & Damien Sandow & Darren Young & David Otunga & Dolph Ziggler & Drew McIntyre & Fandango & Goldust & Heath Slater & Jinder Mahal & Justin Gabriel & Kofi Kingston & Mark Henry & R-Truth & Rey Mysterio & Santino Marella & Sheamus & Sin Cara (II) & The Big Show & The Great Khali & The Miz & Titus O'Neil & Tyson Kidd & Xavier Woods & Yoshi Tatsu & Zack Ryder,alberto del rio big e brad maddox brodus clay cody rhodes damien sandow darren young david otunga dolph ziggler drew mcintyre fandango goldust heath slater jinder mahal justin gabriel kofi kingston mark henry r truth rey mysterio santino marella sheamus sin cara ii the big show the great khali the miz titus o neil tyson kidd xavier woods yoshi tatsu zack ryder,95036,Alberto Del Rio & Big E & Brad Maddox & Brodus Clay & Cody Rhodes & Damien Sandow & Darren Young & David Otunga & Dolph Ziggler & Drew McIntyre & Fandango & Goldust & Heath Slater & Jinder Mahal & Justin Gabriel & Kofi Kingston & Mark Henry & R-Truth & Rey Mysterio & Santino Marella & Sheamus & Sin Cara (II) & The Big Show & The Great Khali & The Miz & Titus O'Neil & Tyson Kidd & Xavier Woods & Yoshi Tatsu & Zack Ryder,,,,,,,,,,,,,,,,,,,,,,
Alberto Del Rio & Big E & Braun Strowman & Bray Wyatt & Erick Rowan & Kevin Owens & Kofi Kingston & Konnor & Luke Harper & Sheamus & Stardust & Tyler Breeze & Viktor & Xavier Woods,alberto del rio big e braun strowman bray wyatt erick rowan kevin owens kofi kingston konnor luke harper sheamus stardust tyler breeze viktor xavier woods,85352,Alberto Del Rio & Big E & Braun Strowman & Bray Wyatt & Erick Rowan & Kevin Owens & Kofi Kingston & Konnor & Luke Harper & Sheamus & Stardust & Tyler Breeze & Viktor & Xavier Woods,,,,,,,,,,,,,,,,,,,,,,
Alberto Del Rio & Brodus Clay & CM Punk & Christian & Cody Rhodes & Damien Sandow & Daniel Bryan & Dolph Ziggler & Ezekiel Jackson & Heath Slater & Jack Swagger & John Cena & Justin Gabriel & Kane & Kofi Kingston & Santino Marella & Tensai & The Big Show & The Great Khali,alberto del rio brodus clay cm punk christian cody rhodes damien sandow daniel bryan dolph ziggler ezekiel jackson heath slater jack swagger john cena justin gabriel kane kofi kingston santino marella tensai the big show the great khali,104132,Alberto Del Rio & Brodus Clay & CM Punk & Christian & Cody Rhodes & Damien Sandow & Daniel Bryan & Dolph Ziggler & Ezekiel Jackson & Heath Slater & Jack Swagger & John Cena & Justin Gabriel & Kane & Kofi Kingston & Santino Marella & Tensai & The Big Show & The Great Khali,,,,,,,,,,,,,,,,,,,,,,
Alberto Del Rio & Chavo Guerrero & Chris Masters & Cody Rhodes & Drew McIntyre & Edge & JTG & Jack Swagger & Kaval & Kofi Kingston & Luke Gallows & Montel Vontavious Porter & Rey Mysterio & The Big Show & Tyler Reks,alberto del rio chavo guerrero chris masters cody rhodes drew mcintyre edge jtg jack swagger kaval kofi kingston luke gallows montel vontavious porter rey mysterio the big show tyler reks,110911,Alberto Del Rio & Chavo Guerrero & Chris Masters & Cody Rhodes & Drew McIntyre & Edge & JTG & Jack Swagger & Kaval & Kofi Kingston & Luke Gallows & Montel Vontavious Porter & Rey Mysterio & The Big Show & Tyler Reks,,,,,,,,,,,,,,,,,,,,,,
Alden Kinsey & Scott Casey,alden kinsey scott casey,171290,Alden Kinsey & Scott Casey,,,,,,,,,,,,,,,,,,,,,,
Aldo Montoya,aldo montoya,153282,Aldo Montoya,,,,,,,,,,,,,,,,,,,,,,
Aldo Montoya & Bam Bam Bigelow & Barry Horowitz & Bob Holly & DDS & Duke Droese & Fatu & Hakushi & Henry O. Godwinn & Hunter Hearst Helmsley & Isaac Yankem & Jean-Pierre Lafitte & Kama & King Kong Bundy & Marty Jannetty & Rad Radford & Savio Vega & Skip & Sycho Sid & The 1-2-3 Kid,aldo montoya bam bam bigelow barry horowitz bob holly dds duke droese fatu hakushi henry o godwinn hunter hearst helmsley isaac yankem jean pierre lafitte kama king kong bundy marty jannetty rad radford savio vega skip sycho sid the 1 2 3 kid,156088,Aldo Montoya & Bam Bam Bigelow & Barry Horowitz & Bob Holly & DDS & Duke Droese & Fatu & Hakushi & Henry O. Godwinn & Hunter Hearst Helmsley & Isaac Yankem & Jean-Pierre Lafitte & Kama & King Kong Bundy & Marty Jannetty & Rad Radford & Savio Vega & Skip & Sycho Sid & The 1-2-3 Kid,,,,,,,,,,,,,,,,,,,,,,
Aldo Montoya & Barry Horowitz & Bob Backlund & Bob Holly & DDS & Diesel & Dory Funk & Doug Gilbert & Duke Droese & Fatu & Hakushi & Henry O. Godwinn & Hunter Hearst Helmsley & Isaac Yankem & Jake Roberts & Jerry Lawler & Jr. & Kama & King Mabel & Marty Jannetty & Owen Hart & Savio Vega & Squat Team #1 & Squat Team #2 & Takao Omori & Tatanka & The 1-2-3 Kid & The British Bulldog & The Ringmaster & Vader & Yokozuna,aldo montoya barry horowitz bob backlund bob holly dds diesel dory funk doug gilbert duke droese fatu hakushi henry o godwinn hunter hearst helmsley isaac yankem jake roberts jerry lawler jr kama king mabel marty jannetty owen hart savio vega squat team 1 squat team 2 takao omori tatanka the 1 2 3 kid the british bulldog the ringmaster vader yokozuna,155664,Aldo Montoya & Barry Horowitz & Bob Backlund & Bob Holly & DDS & Diesel & Dory Funk & Doug Gilbert & Duke Droese & Fatu & Hakushi & Henry O. Godwinn & Hunter Hearst Helmsley & Isaac Yankem & Jake Roberts & Jerry Lawler & Jr. & Kama & King Mabel & Marty Jannetty & Owen Hart & Savio Vega & Squat Team #1 & Squat Team #2 & Takao Omori & Tatanka & The 1-2-3 Kid & The British Bulldog & The Ringmaster & Vader & Yokozuna,,,,,,,,,,,,,,,,,,,,,,
Aleister Black,aleister black,21505,Aleister Black,,,,,,,,,,,,,,,,,,,,,,
Aleister Black & Alexander Wolfe & Babatunde & Dan Matha & Gabriel Ealy & Gurv Sihra & Harv Sihra & Jeet Rama & Killian Dain & Oney Lorcan & Otis Dozovic & Tian Bing & Tucker Knight & Uriel Ealy,aleister black alexander wolfe babatunde dan matha gabriel ealy gurv sihra harv sihra jeet rama killian dain oney lorcan otis dozovic tian bing tucker knight uriel ealy,27630,Aleister Black & Alexander Wolfe & Babatunde & Dan Matha & Gabriel Ealy & Gurv Sihra & Harv Sihra & Jeet Rama & Killian Dain & Oney Lorcan & Otis Dozovic & Tian Bing & Tucker Knight & Uriel Ealy,,,,,,,,,,,,,,,,,,,,,,
Aleister Black & Andrade & Apollo Crews & Baron Corbin & Big E & Bobby Lashley & Braun Strowman & Curt Hawkins & Dean Ambrose & Dolph Ziggler & Drew McIntyre & Elias & Jeff Hardy & Jeff Jarrett & Jinder Mahal & Johnny Gargano & Kofi Kingston & Kurt Angle & Mustafa Ali & Nia Jax & No Way Jose & Pete Dunne & Randy Orton & Rey Mysterio & Samoa Joe & Shelton Benjamin & Shinsuke Nakamura & Titus O'Neil & Xavier Woods,aleister black andrade apollo crews baron corbin big e bobby lashley braun strowman curt hawkins dean ambrose dolph ziggler drew mcintyre elias jeff hardy jeff jarrett jinder mahal johnny gargano kofi kingston kurt angle mustafa ali nia jax no way jose pete dunne randy orton rey mysterio samoa joe shelton benjamin shinsuke nakamura titus o neil xavier woods,73312,Aleister Black & Andrade & Apollo Crews & Baron Corbin & Big E & Bobby Lashley & Braun Strowman & Curt Hawkins & Dean Ambrose & Dolph Ziggler & Drew McIntyre & Elias & Jeff Hardy & Jeff Jarrett & Jinder Mahal & Johnny Gargano & Kofi Kingston & Kurt Angle & Mustafa Ali & Nia Jax & No Way Jose & Pete Dunne & Randy Orton & Rey Mysterio & Samoa Joe & Shelton Benjamin & Shinsuke Nakamura & Titus O'Neil & Xavier Woods,,,,,,,,,,,,,,,,,,,,,,
Alejandro Saez,alejandro saez,83354,Alejandro Saez,,,,,,,,,,,,,,,,,,,,,,
Aleki Lee & Julio Rivera & Pavel Kozlov,aleki lee julio rivera pavel kozlov,74456,Aleki Lee & Julio Rivera & Pavel Kozlov,,,,,,,,,,,,,,,,,,,,,,
Aleksander Jaksic,aleksander jaksic,18860,Aleksander Jaksic,,,,,,,,,,,,,,,,,,,,,,
Aleksander Jaksic & Brendan Vink & Cal Bloom & Cezar Bononi & Chase Parker & Daniel Vidot & Dexter Lumis & Jeet Rama & Marcel Barthel & Mohamed Fahim & Nick Ogarelli & Steve Cutler,aleksander jaksic brendan vink cal bloom cezar bononi chase parker daniel vidot dexter lumis jeet rama marcel barthel mohamed fahim nick ogarelli steve cutler,19476,Aleksander Jaksic & Brendan Vink & Cal Bloom & Cezar Bononi & Chase Parker & Daniel Vidot & Dexter Lumis & Jeet Rama & Marcel Barthel & Mohamed Fahim & Nick Ogarelli & Steve Cutler,,,,,,,,,,,,,,,,,,,,,,
Alex Davis,alex davis,50752,Alex Davis,,,,,,,,,,,,,,,,,,,,,,
Alex G.,alex g,8800,Alex G.,,,,,,,,,,,,,,,,,,,,,,
Alex Keaton & Johnny Silver,alex keaton johnny silver,71742,Alex Keaton & Johnny Silver,,,,,,,,,,,,,,,,,,,,,,
Alex Knight,alex knight,173086,Alex Knight,,,,,,,,,,,,,,,,,,,,,,
Alex Malcom,alex malcom,71218,Alex Malcom,,,,,,,,,,,,,,,,,,,,,,
Alex Porteau,alex porteau,153828,Alex Porteau,,,,,,,,,,,,,,,,,,,,,,
Alex Reynolds,alex reynolds,79168,Alex Reynolds,,,,,,,,,,,,,,,,,,,,,,
Alex Riley,alex riley,29984,Alex Riley,,,,,,,,,,,,,,,,,,,,,,
Alex Riley & Booker T. & CM Punk & Chavo Guerrero & Chris Masters & Daniel Bryan & David Otunga & Diesel & Dolph Ziggler & Drew McIntyre & Ezekiel Jackson & Heath Slater & Hornswoggle & Husky Harris & JTG & Jack Swagger & John Cena & John Morrison & Justin Gabriel & Kane & Kofi Kingston & Mark Henry & Mason Ryan & Michael McGillicutty & R-Truth & Randy Orton & Rey Mysterio & Santino Marella & Sheamus & Ted DiBiase Jr. & The Big Show & The Great Khali & Tyler Reks & Tyson Kidd & Vladimir Kozlov & Wade Barrett & William Regal & Yoshi Tatsu & Zack Ryder,alex riley booker t cm punk chavo guerrero chris masters daniel bryan david otunga diesel dolph ziggler drew mcintyre ezekiel jackson heath slater hornswoggle husky harris jtg jack swagger john cena john morrison justin gabriel kane kofi kingston mark henry mason ryan michael mcgillicutty r truth randy orton rey mysterio santino marella sheamus ted dibiase jr the big show the great khali tyler reks tyson kidd vladimir kozlov wade barrett william regal yoshi tatsu zack ryder,110168,Alex Riley & Booker T. & CM Punk & Chavo Guerrero & Chris Masters & Daniel Bryan & David Otunga & Diesel & Dolph Ziggler & Drew McIntyre & Ezekiel Jackson & Heath Slater & Hornswoggle & Husky Harris & JTG & Jack Swagger & John Cena & John Morrison & Justin Gabriel & Kane & Kofi Kingston & Mark Henry & Mason Ryan & Michael McGillicutty & R-Truth & Randy Orton & Rey Mysterio & Santino Marella & Sheamus & Ted DiBiase Jr. & The Big Show & The Great Khali & Tyler Reks & Tyson Kidd & Vladimir Kozlov & Wade Barrett & William Regal & Yoshi Tatsu & Zack Ryder,,,,,,,,,,,,,,,,,,,,,,
Alex Riley & Booker T. & Chris Jericho & Cody Rhodes & David Otunga & Dolph Ziggler & Epico & Ezekiel Jackson & Hunico & Jack Swagger & Jerry Lawler & Jey Uso & Jim Duggan & Jinder Mahal & Justin Gabriel & Kharma & Kofi Kingston & Michael Cole & Mick Foley & Primo & R-Truth & Randy Orton & Ricardo Rodriguez & Road Dogg & Santino Marella & The Big Show & The Great Khali & The Miz & Wade Barrett,alex riley booker t chris jericho cody rhodes david otunga dolph ziggler epico ezekiel jackson hunico jack swagger jerry lawler jey uso jim duggan jinder mahal justin gabriel kharma kofi kingston michael cole mick foley primo r truth randy orton ricardo rodriguez road dogg santino marella the big show the great khali the miz wade barrett,106476,Alex Riley & Booker T. & Chris Jericho & Cody Rhodes & David Otunga & Dolph Ziggler & Epico & Ezekiel Jackson & Hunico & Jack Swagger & Jerry Lawler & Jey Uso & Jim Duggan & Jinder Mahal & Justin Gabriel & Kharma & Kofi Kingston & Michael Cole & Mick Foley & Primo & R-Truth & Randy Orton & Ricardo Rodriguez & Road Dogg & Santino Marella & The Big Show & The Great Khali & The Miz & Wade Barrett,,,,,,,,,,,,,,,,,,,,,,
Alex Riley & CM Punk & Christian & Cody Rhodes & Curt Hawkins & Daniel Bryan & David Otunga & Derrick Bateman & Dolph Ziggler & Drew McIntyre & Ezekiel Jackson & Heath Slater & JTG & Jack Swagger & Jey Uso & Jimmy Uso & Jinder Mahal & John Morrison & Johnny Curtis & Justin Gabriel & Kofi Kingston & Mason Ryan & Matt Striker & Michael McGillicutty & Percy Watson & Primo & R-Truth & Santino Marella & Sheamus & Sin Cara Negro & Ted DiBiase Jr. & The Miz & Titus O'Neil & Trent Beretta & Tyler Reks & Tyson Kidd & Wade Barrett & William Regal & Yoshi Tatsu & Zack Ryder,alex riley cm punk christian cody rhodes curt hawkins daniel bryan david otunga derrick bateman dolph ziggler drew mcintyre ezekiel jackson heath slater jtg jack swagger jey uso jimmy uso jinder mahal john morrison johnny curtis justin gabriel kofi kingston mason ryan matt striker michael mcgillicutty percy watson primo r truth santino marella sheamus sin cara negro ted dibiase jr the miz titus o neil trent beretta tyler reks tyson kidd wade barrett william regal yoshi tatsu zack ryder,107936,Alex Riley & CM Punk & Christian & Cody Rhodes & Curt Hawkins & Daniel Bryan & David Otunga & Derrick Bateman & Dolph Ziggler & Drew McIntyre & Ezekiel Jackson & Heath Slater & JTG & Jack Swagger & Jey Uso & Jimmy Uso & Jinder Mahal & John Morrison & Johnny Curtis & Justin Gabriel & Kofi Kingston & Mason Ryan & Matt Striker & Michael McGillicutty & Percy Watson & Primo & R-Truth & Santino Marella & Sheamus & Sin Cara Negro & Ted DiBiase Jr. & The Miz & Titus O'Neil & Trent Beretta & Tyler Reks & Tyson Kidd & Wade Barrett & William Regal & Yoshi Tatsu & Zack Ryder,,,,,,,,,,,,,,,,,,,,,,
Alex Riley & CM Punk & Daniel Bryan & Ezekiel Jackson & Jey Uso & Jimmy Uso & John Morrison & Mark Henry & Primo & Santino Marella & Sheamus & Ted DiBiase Jr. & The Miz & Vladimir Kozlov & William Regal,alex riley cm punk daniel bryan ezekiel jackson jey uso jimmy uso john morrison mark henry primo santino marella sheamus ted dibiase jr the miz vladimir kozlov william regal,110912,Alex Riley & CM Punk & Daniel Bryan & Ezekiel Jackson & Jey Uso & Jimmy Uso & John Morrison & Mark Henry & Primo & Santino Marella & Sheamus & Ted DiBiase Jr. & The Miz & Vladimir Kozlov & William Regal,,,,,,,,,,,,,,,,,,,,,,
Alex Riley & Camacho & Curt Hawkins & Darren Young & David Otunga & Derrick Bateman & Drew McIntyre & Epico & Ezekiel Jackson & Heath Slater & Hunico & Jey Uso & Jimmy Uso & Jinder Mahal & Johnny Curtis & Justin Gabriel & Michael McGillicutty & Percy Watson & Primo & Ted DiBiase Jr. & Titus O'Neil & Tyler Reks & Tyson Kidd & Yoshi Tatsu,alex riley camacho curt hawkins darren young david otunga derrick bateman drew mcintyre epico ezekiel jackson heath slater hunico jey uso jimmy uso jinder mahal johnny curtis justin gabriel michael mcgillicutty percy watson primo ted dibiase jr titus o neil tyler reks tyson kidd yoshi tatsu,106224,Alex Riley & Camacho & Curt Hawkins & Darren Young & David Otunga & Derrick Bateman & Drew McIntyre & Epico & Ezekiel Jackson & Heath Slater & Hunico & Jey Uso & Jimmy Uso & Jinder Mahal & Johnny Curtis & Justin Gabriel & Michael McGillicutty & Percy Watson & Primo & Ted DiBiase Jr. & Titus O'Neil & Tyler Reks & Tyson Kidd & Yoshi Tatsu,,,,,,,,,,,,,,,,,,,,,,
Alex Riley & Cody Rhodes & Eli Cottonwood & Husky Harris & John Morrison & Kaval & Kofi Kingston & Lucky Cannon & Mark Henry & Michael McGillicutty & Montel Vontavious Porter & Percy Watson & The Miz & Zack Ryder,alex riley cody rhodes eli cottonwood husky harris john morrison kaval kofi kingston lucky cannon mark henry michael mcgillicutty montel vontavious porter percy watson the miz zack ryder,111566,Alex Riley & Cody Rhodes & Eli Cottonwood & Husky Harris & John Morrison & Kaval & Kofi Kingston & Lucky Cannon & Mark Henry & Michael McGillicutty & Montel Vontavious Porter & Percy Watson & The Miz & Zack Ryder,,,,,,,,,,,,,,,,,,,,,,
Alex Riley & Curt Hawkins & Darren Young & David Otunga & Drew McIntyre & Ezekiel Jackson & Heath Slater & JTG & Jey Uso & Jimmy Uso & Jinder Mahal & Michael McGillicutty & The Great Khali & The Miz & Titus O'Neil & Tyler Reks & Tyson Kidd & William Regal & Yoshi Tatsu,alex riley curt hawkins darren young david otunga drew mcintyre ezekiel jackson heath slater jtg jey uso jimmy uso jinder mahal michael mcgillicutty the great khali the miz titus o neil tyler reks tyson kidd william regal yoshi tatsu,104842,Alex Riley & Curt Hawkins & Darren Young & David Otunga & Drew McIntyre & Ezekiel Jackson & Heath Slater & JTG & Jey Uso & Jimmy Uso & Jinder Mahal & Michael McGillicutty & The Great Khali & The Miz & Titus O'Neil & Tyler Reks & Tyson Kidd & William Regal & Yoshi Tatsu,,,,,,,,,,,,,,,,,,,,,,
Alex Riley & Daniel Bryan & David Otunga & Drew McIntyre & Heath Slater & JTG & Jack Swagger & Jey Uso & Jimmy Uso & Jinder Mahal & Johnny Curtis & Justin Gabriel & Michael McGillicutty & Santino Marella & Ted DiBiase Jr. & Trent Barreta & Tyson Kidd & Wade Barrett & Zack Ryder,alex riley daniel bryan david otunga drew mcintyre heath slater jtg jack swagger jey uso jimmy uso jinder mahal johnny curtis justin gabriel michael mcgillicutty santino marella ted dibiase jr trent barreta tyson kidd wade barrett zack ryder,108822,Alex Riley & Daniel Bryan & David Otunga & Drew McIntyre & Heath Slater & JTG & Jack Swagger & Jey Uso & Jimmy Uso & Jinder Mahal & Johnny Curtis & Justin Gabriel & Michael McGillicutty & Santino Marella & Ted DiBiase Jr. & Trent Barreta & Tyson Kidd & Wade Barrett & Zack Ryder,,,,,,,,,,,,,,,,,,,,,,
Alex Riley & Daniel Bryan & Drew McIntyre & Ezekiel Jackson & John Morrison & Justin Gabriel & Sheamus & Sin Cara & Ted DiBiase Jr.,alex riley daniel bryan drew mcintyre ezekiel jackson john morrison justin gabriel sheamus sin cara ted dibiase jr,108138,Alex Riley & Daniel Bryan & Drew McIntyre & Ezekiel Jackson & John Morrison & Justin Gabriel & Sheamus & Sin Cara & Ted DiBiase Jr.,,,,,,,,,,,,,,,,,,,,,,
Alex Riley & Darren Young & David Hart Smith & David Otunga & Mark Henry & Michael McGillicutty & Primo & Santino Marella & Vladimir Kozlov & William Regal & Yoshi Tatsu,alex riley darren young david hart smith david otunga mark henry michael mcgillicutty primo santino marella vladimir kozlov william regal yoshi tatsu,110366,Alex Riley & Darren Young & David Hart Smith & David Otunga & Mark Henry & Michael McGillicutty & Primo & Santino Marella & Vladimir Kozlov & William Regal & Yoshi Tatsu,,,,,,,,,,,,,,,,,,,,,,
Alex Sage,alex sage,121396,Alex Sage,,,,,,,,,,,,,,,,,,,,,,
Alex Shelley,alex shelley,54357,Alex Shelley,,,,,,,,,,,,,,,,,,,,,,
Alex Shelley & Andrade & Angelo Dawkins & Axiom & Chris Sabin & Johnny Gargano & Montez Ford & Nathan Frazer & Rey Fenix & Tommaso Ciampa,alex shelley andrade angelo dawkins axiom chris sabin johnny gargano montez ford nathan frazer rey fenix tommaso ciampa,55262,Alex Shelley & Andrade & Angelo Dawkins & Axiom & Chris Sabin & Johnny Gargano & Montez Ford & Nathan Frazer & Rey Fenix & Tommaso Ciampa,,,,,,,,,,,,,,,,,,,,,,
Alex Silva,alex silva,108908,Alex Silva,,,,,,,,,,,,,,,,,,,,,,
Alex Wright,alex wright,36626,Alex Wright,,,,,,,,,,,,,,,,,,,,,,
Alex Wright & Arn Anderson & Big Bubba & Bobby Eaton & Booker T. & Bunkhouse Buck & Chris Benoit & Chris Jericho & Ciclope & David Taylor & Dean Malenko & Diamond Dallas Page & Disco Inferno & Eddy Guerrero & Galaxy & Hugh Morrus & Ice Train & Jack Boot & Jacques Rougeau & Jeff Jarrett & Jim Duggan & Jim Powers & Jimmy Graffiti & Joe Gomez & Johnny Grunge & Jr. & Juventud Guerrera & Kenny Kaos & Kevin Nash & Kevin Sullivan & Konnan & La Parka & Lex Luger & Lord Steven Regal & Marcus Bagwell & Mark Starr & Meng & Michael Wallstreet & Mike Enos & Mr. JL & Pez Whatley & Pierre Ouellette & Prince Iaukea & Rey Misterio & Rick Steiner & Roadblock & Robbie Rage & Ron Studd & Scott Hall & Scott Norton & Scotty Riggs & Sgt. Craig Pittman & Steve McMichael & Stevie Ray & Syxx & The Barbarian & The Renegade & Tony Rumble & Ultimate Dragon & Villano IV,alex wright arn anderson big bubba bobby eaton booker t bunkhouse buck chris benoit chris jericho ciclope david taylor dean malenko diamond dallas page disco inferno eddy guerrero galaxy hugh morrus ice train jack boot jacques rougeau jeff jarrett jim duggan jim powers jimmy graffiti joe gomez johnny grunge jr juventud guerrera kenny kaos kevin nash kevin sullivan konnan la parka lex luger lord steven regal marcus bagwell mark starr meng michael wallstreet mike enos mr jl pez whatley pierre ouellette prince iaukea rey misterio rick steiner roadblock robbie rage ron studd scott hall scott norton scotty riggs sgt craig pittman steve mcmichael stevie ray syxx the barbarian the renegade tony rumble ultimate dragon villano iv,49774,Alex Wright & Arn Anderson & Big Bubba & Bobby Eaton & Booker T. & Bunkhouse Buck & Chris Benoit & Chris Jericho & Ciclope & David Taylor & Dean Malenko & Diamond Dallas Page & Disco Inferno & Eddy Guerrero & Galaxy & Hugh Morrus & Ice Train & Jack Boot & Jacques Rougeau & Jeff Jarrett & Jim Duggan & Jim Powers & Jimmy Graffiti & Joe Gomez & Johnny Grunge & Jr. & Juventud Guerrera & Kenny Kaos & Kevin Nash & Kevin Sullivan & Konnan & La Parka & Lex Luger & Lord Steven Regal & Marcus Bagwell & Mark Starr & Meng & Michael Wallstreet & Mike Enos & Mr. JL & Pez Whatley & Pierre Ouellette & Prince Iaukea & Rey Misterio & Rick Steiner & Roadblock & Robbie Rage & Ron Studd & Scott Hall & Scott Norton & Scotty Riggs & Sgt. Craig Pittman & Steve McMichael & Stevie Ray & Syxx & The Barbarian & The Renegade & Tony Rumble & Ultimate Dragon & Villano IV,,,,,,,,,,,,,,,,,,,,,,
Alex Wright & Arn Anderson & Big Bubba Rogers & Big Train Bart & Bobby Eaton & Bobby Walker & Booker T. & Brian Knobbs & Brian Pillman & Buddy Lee Parker & Bunkhouse Buck & Chris Benoit & Chris Kanyon & Cobra & Dave Sullivan & Diamond Dallas Page & Dick Slater & Disco Inferno & Eddy Guerrero & Fidel Sierra & Hugh Morrus & Hulk Hogan & James Earl Wright & Jerry Sags & Jim Duggan & Joey Maggs & Johnny B. Badd & Kensuke Sasaki & Kevin Sullivan & Kurasawa & Lex Luger & Lord Steven Regal & Marcus Bagwell & Mark Starr & Maxx Muscle & Meng & Mike Winner & Mr. JL & One Man Gang & Paul Orndorff & Pez Whatley & Ric Flair & Ricky Santana & Road Warrior Hawk & Scott Armstrong & Scott Norton & Scotty Riggs & Sgt. Craig Pittman & Shark & Squire David Taylor & Steve Armstrong & Stevie Ray & Sting & Super Assassin #1 & Super Assassin #2 & The Giant & The Yeti & V. K. Wallstreet & Zodiac,alex wright arn anderson big bubba rogers big train bart bobby eaton bobby walker booker t brian knobbs brian pillman buddy lee parker bunkhouse buck chris benoit chris kanyon cobra dave sullivan diamond dallas page dick slater disco inferno eddy guerrero fidel sierra hugh morrus hulk hogan james earl wright jerry sags jim duggan joey maggs johnny b badd kensuke sasaki kevin sullivan kurasawa lex luger lord steven regal marcus bagwell mark starr maxx muscle meng mike winner mr jl one man gang paul orndorff pez whatley ric flair ricky santana road warrior hawk scott armstrong scott norton scotty riggs sgt craig pittman shark squire david taylor steve armstrong stevie ray sting super assassin 1 super assassin 2 the giant the yeti v k wallstreet zodiac,51468,Alex Wright & Arn Anderson & Big Bubba Rogers & Big Train Bart & Bobby Eaton & Bobby Walker & Booker T. & Brian Knobbs & Brian Pillman & Buddy Lee Parker & Bunkhouse Buck & Chris Benoit & Chris Kanyon & Cobra & Dave Sullivan & Diamond Dallas Page & Dick Slater & Disco Inferno & Eddy Guerrero & Fidel Sierra & Hugh Morrus & Hulk Hogan & James Earl Wright & Jerry Sags & Jim Duggan & Joey Maggs & Johnny B. Badd & Kensuke Sasaki & Kevin Sullivan & Kurasawa & Lex Luger & Lord Steven Regal & Marcus Bagwell & Mark Starr & Maxx Muscle & Meng & Mike Winner & Mr. JL & One Man Gang & Paul Orndorff & Pez Whatley & Ric Flair & Ricky Santana & Road Warrior Hawk & Scott Armstrong & Scott Norton & Scotty Riggs & Sgt. Craig Pittman & Shark & Squire David Taylor & Steve Armstrong & Stevie Ray & Sting & Super Assassin #1 & Super Assassin #2 & The Giant & The Yeti & V. K. Wallstreet & Zodiac,,,,,,,,,,,,,,,,,,,,,,
Alex Wright & Barry Darsow & Barry Horowitz & Bobby Blaze & Bobby Duncum & Bobby Eaton & Booker T. & Buddy Lee Parker & Chavo Guerrero Jr. & Chip Minton & Chris Adams & Chris Benoit & Chris Jericho & Ciclope & Damien & Dean Malenko & Disco Inferno & Eddy Guerrero & El Dandy & Ernest Miller & Glacier & Hammer & Hector Garza & Horace Hogan & Johnny Swinger & Jr. & Jr. & Jr. & Juventud Guerrera & Kanyon & Kaz Hayashi & Kendall Windham & Kenny Kaos & Kidman & Konnan & La Parka & Lenny Lane & Lex Luger & Lizmark & Lodi & Mike Enos & Norman Smiley & Perry Saturn & Prince Iaukea & Psicosis & Rey Misterio & Scott Hall & Scott Norton & Scott Putski & Scott Steiner & Scotty Riggs & Silver King & Steve McMichael & Stevie Ray & Super Calo & The Disciple & The Giant & The Renegade & Tokyo Magnum & Villano V & Vincent & Wrath,alex wright barry darsow barry horowitz bobby blaze bobby duncum bobby eaton booker t buddy lee parker chavo guerrero jr chip minton chris adams chris benoit chris jericho ciclope damien dean malenko disco inferno eddy guerrero el dandy ernest miller glacier hammer hector garza horace hogan johnny swinger jr jr jr juventud guerrera kanyon kaz hayashi kendall windham kenny kaos kidman konnan la parka lenny lane lex luger lizmark lodi mike enos norman smiley perry saturn prince iaukea psicosis rey misterio scott hall scott norton scott putski scott steiner scotty riggs silver king steve mcmichael stevie ray super calo the disciple the giant the renegade tokyo magnum villano v vincent wrath,44488,Alex Wright & Barry Darsow & Barry Horowitz & Bobby Blaze & Bobby Duncum & Bobby Eaton & Booker T. & Buddy Lee Parker & Chavo Guerrero Jr. & Chip Minton & Chris Adams & Chris Benoit & Chris Jericho & Ciclope & Damien & Dean Malenko & Disco Inferno & Eddy Guerrero & El Dandy & Ernest Miller & Glacier & Hammer & Hector Garza & Horace Hogan & Johnny Swinger & Jr. & Jr. & Jr. & Juventud Guerrera & Kanyon & Kaz Hayashi & Kendall Windham & Kenny Kaos & Kidman & Konnan & La Parka & Lenny Lane & Lex Luger & Lizmark & Lodi & Mike Enos & Norman Smiley & Perry Saturn & Prince Iaukea & Psicosis & Rey Misterio & Scott Hall & Scott Norton & Scott Putski & Scott Steiner & Scotty Riggs & Silver King & Steve McMichael & Stevie Ray & Super Calo & The Disciple & The Giant & The Renegade & Tokyo Magnum & Villano V & Vincent & Wrath,,,,,,,,,,,,,,,,,,,,,,
Alex Wright & Barry Darsow & Bobby Blaze & Booker T. & Brad Armstrong & Chavo Guerrero Jr. & Chris Adams & Chris Benoit & Chris Jericho & Ciclope & Curt Hennig & Damien & Dean Malenko & Diamond Dallas Page & Disco Inferno & Eddy Guerrero & El Dandy & Ernest Miller & Fit Finlay & Glacier & Greg Valentine & Hector Garza & Hollywood Hogan & Hugh Morrus & Jim Duggan & John Nord & Johnny Grunge & Jr. & Jr. & Juventud Guerrera & Kendall Windham & La Parka & Lex Luger & Lizmark & Lord Steven Regal & Louie Spicolli & Marcus Bagwell & Meng & Mortis & Norman Smiley & Prince Iaukea & Randy Savage & Ray Traylor & Rey Misterio & Rick Steiner & Rocco Rock & Scott Steiner & Silver King & Squire David Taylor & Steve McMichael & Stevie Ray & Super Calo & The Barbarian & The Giant & The Renegade & Ultimo Dragon & Villano IV & Villano V & Vincent & Wrath & Yuji Nagata,alex wright barry darsow bobby blaze booker t brad armstrong chavo guerrero jr chris adams chris benoit chris jericho ciclope curt hennig damien dean malenko diamond dallas page disco inferno eddy guerrero el dandy ernest miller fit finlay glacier greg valentine hector garza hollywood hogan hugh morrus jim duggan john nord johnny grunge jr jr juventud guerrera kendall windham la parka lex luger lizmark lord steven regal louie spicolli marcus bagwell meng mortis norman smiley prince iaukea randy savage ray traylor rey misterio rick steiner rocco rock scott steiner silver king squire david taylor steve mcmichael stevie ray super calo the barbarian the giant the renegade ultimo dragon villano iv villano v vincent wrath yuji nagata,47558,Alex Wright & Barry Darsow & Bobby Blaze & Booker T. & Brad Armstrong & Chavo Guerrero Jr. & Chris Adams & Chris Benoit & Chris Jericho & Ciclope & Curt Hennig & Damien & Dean Malenko & Diamond Dallas Page & Disco Inferno & Eddy Guerrero & El Dandy & Ernest Miller & Fit Finlay & Glacier & Greg Valentine & Hector Garza & Hollywood Hogan & Hugh Morrus & Jim Duggan & John Nord & Johnny Grunge & Jr. & Jr. & Juventud Guerrera & Kendall Windham & La Parka & Lex Luger & Lizmark & Lord Steven Regal & Louie Spicolli & Marcus Bagwell & Meng & Mortis & Norman Smiley & Prince Iaukea & Randy Savage & Ray Traylor & Rey Misterio & Rick Steiner & Rocco Rock & Scott Steiner & Silver King & Squire David Taylor & Steve McMichael & Stevie Ray & Super Calo & The Barbarian & The Giant & The Renegade & Ultimo Dragon & Villano IV & Villano V & Vincent & Wrath & Yuji Nagata,,,,,,,,,,,,,,,,,,,,,,
Alex Wright & Big Ron & Big Vito & Chavo Guerrero Jr. & Chuck Palumbo & Corporal Cajun & Crowbar & Disqo & Elix Skipper & Heavy D & Jim Duggan & Johnny The Bull & Kevin Nash & Konnan & Kwee Wee & Lance Storm & Mike Sanders & Sgt. AWOL & Shawn Stasiak & The Franchise,alex wright big ron big vito chavo guerrero jr chuck palumbo corporal cajun crowbar disqo elix skipper heavy d jim duggan johnny the bull kevin nash konnan kwee wee lance storm mike sanders sgt awol shawn stasiak the franchise,37498,Alex Wright & Big Ron & Big Vito & Chavo Guerrero Jr. & Chuck Palumbo & Corporal Cajun & Crowbar & Disqo & Elix Skipper & Heavy D & Jim Duggan & Johnny The Bull & Kevin Nash & Konnan & Kwee Wee & Lance Storm & Mike Sanders & Sgt. AWOL & Shawn Stasiak & The Franchise,,,,,,,,,,,,,,,,,,,,,,
Alex Wright & Big Vito & Booker T. & Brian Adams & Bryan Clark & Chuck Palumbo & Corporal Cajun & Crowbar & David Flair & Disco Inferno & Don Harris & Ernest Miller & Goldberg & Jeff Jarrett & Jim Duggan & Jr. & Kevin Nash & Konnan & Kwee Wee & Lance Storm & Lt. Loco & Mark Jindrak & Mike Sanders & Rey Misterio & Ron Harris & Scott Steiner & Sean O'Haire & Shawn Stasiak & Sting,alex wright big vito booker t brian adams bryan clark chuck palumbo corporal cajun crowbar david flair disco inferno don harris ernest miller goldberg jeff jarrett jim duggan jr kevin nash konnan kwee wee lance storm lt loco mark jindrak mike sanders rey misterio ron harris scott steiner sean o haire shawn stasiak sting,37468,Alex Wright & Big Vito & Booker T. & Brian Adams & Bryan Clark & Chuck Palumbo & Corporal Cajun & Crowbar & David Flair & Disco Inferno & Don Harris & Ernest Miller & Goldberg & Jeff Jarrett & Jim Duggan & Jr. & Kevin Nash & Konnan & Kwee Wee & Lance Storm & Lt. Loco & Mark Jindrak & Mike Sanders & Rey Misterio & Ron Harris & Scott Steiner & Sean O'Haire & Shawn Stasiak & Sting,,,,,,,,,,,,,,,,,,,,,,
Alex Wright & Billy Kidman & Brian Adams & Bryan Clark & Disco Inferno & Elix Skipper & Ernest Miller & Fit Finlay & General Rection & Jr. & Konnan & Kwee Wee & Lance Storm & Mark Jindrak & Mike Sanders & Norman Smiley & Rey Misterio & Sean O'Haire,alex wright billy kidman brian adams bryan clark disco inferno elix skipper ernest miller fit finlay general rection jr konnan kwee wee lance storm mark jindrak mike sanders norman smiley rey misterio sean o haire,37260,Alex Wright & Billy Kidman & Brian Adams & Bryan Clark & Disco Inferno & Elix Skipper & Ernest Miller & Fit Finlay & General Rection & Jr. & Konnan & Kwee Wee & Lance Storm & Mark Jindrak & Mike Sanders & Norman Smiley & Rey Misterio & Sean O'Haire,,,,,,,,,,,,,,,,,,,,,,
Alexa Bliss & Alicia Fox & Bayley & Billie Kay & Candice LeRae & Carmella & Charlotte Flair & Dana Brooke & Ember Moon & Io Shirai & Kacy Catanzaro & Kairi Sane & Lacey Evans & Liv Morgan & Mandy Rose & Maria Kanellis & Mickie James & Naomi & Natalya & Nia Jax & Nikki Cross & Peyton Royce & Rhea Ripley & Ruby Riott & Sarah Logan & Sonya Deville & Tamina & Xia Li & Zelina Vega,alexa bliss alicia fox bayley billie kay candice lerae carmella charlotte flair dana brooke ember moon io shirai kacy catanzaro kairi sane lacey evans liv morgan mandy rose maria kanellis mickie james naomi natalya nia jax nikki cross peyton royce rhea ripley ruby riott sarah logan sonya deville tamina xia li zelina vega,73306,Alexa Bliss & Alicia Fox & Bayley & Billie Kay & Candice LeRae & Carmella & Charlotte Flair & Dana Brooke & Ember Moon & Io Shirai & Kacy Catanzaro & Kairi Sane & Lacey Evans & Liv Morgan & Mandy Rose & Maria Kanellis & Mickie James & Naomi & Natalya & Nia Jax & Nikki Cross & Peyton Royce & Rhea Ripley & Ruby Riott & Sarah Logan & Sonya Deville & Tamina & Xia Li & Zelina Vega,,,,,,,,,,,,,,,,,,,,,,
Alexa Bliss & Alicia Fox & Bayley & Billie Kay & Carmella & Charlotte Flair & Dakota Kai & Dana Brooke & Ember Moon & Jillian Hall & Lacey Evans & Lana & Liv Morgan & Mandy Rose & Mickie James & Naomi & Natalya & Nia Jax & Nikki Cross & Peyton Royce & Rhea Ripley & Ruby Riott & Santana Garrett & Shayna Baszler & Shotzi Blackheart & Tamina & Toni Storm & Torrie Wilson & Victoria,alexa bliss alicia fox bayley billie kay carmella charlotte flair dakota kai dana brooke ember moon jillian hall lacey evans lana liv morgan mandy rose mickie james naomi natalya nia jax nikki cross peyton royce rhea ripley ruby riott santana garrett shayna baszler shotzi blackheart tamina toni storm torrie wilson victoria,68588,Alexa Bliss & Alicia Fox & Bayley & Billie Kay & Carmella & Charlotte Flair & Dakota Kai & Dana Brooke & Ember Moon & Jillian Hall & Lacey Evans & Lana & Liv Morgan & Mandy Rose & Mickie James & Naomi & Natalya & Nia Jax & Nikki Cross & Peyton Royce & Rhea Ripley & Ruby Riott & Santana Garrett & Shayna Baszler & Shotzi Blackheart & Tamina & Toni Storm & Torrie Wilson & Victoria,,,,,,,,,,,,,,,,,,,,,,
Alexa Bliss & Asuka & Charlotte Flair & Kairi Sane & Sol Ruca & Zaria,alexa bliss asuka charlotte flair kairi sane sol ruca zaria,55450,Alexa Bliss & Asuka & Charlotte Flair & Kairi Sane & Sol Ruca & Zaria,,,,,,,,,,,,,,,,,,,,,,
Alexa Bliss & Asuka & Emma,alexa bliss asuka emma,30592,Alexa Bliss & Asuka & Emma,,,,,,,,,,,,,,,,,,,,,,
Alexa Bliss & Asuka & Naomi,alexa bliss asuka naomi,67704,Alexa Bliss & Asuka & Naomi,,,,,,,,,,,,,,,,,,,,,,
Alexa Bliss & B-FAB & Bayley & Bianca BelAir & Candice LeRae & Chelsea Green & Giulia & Ivy Nile & Iyo Sky & Jaida Parker & Jordynne Grace & Lash Legend & Liv Morgan & Lyra Valkyria & Maxxine Dupri & Michin & Naomi & Natalya & Nia Jax & Nikki Bella & Piper Niven & Raquel Rodriguez & Roxanne Perez & Shayna Baszler & Sonya Deville & Stephanie Vaquer & Trish Stratus & Zelina Vega & Zoey Stark,alexa bliss b fab bayley bianca belair candice lerae chelsea green giulia ivy nile iyo sky jaida parker jordynne grace lash legend liv morgan lyra valkyria maxxine dupri michin naomi natalya nia jax nikki bella piper niven raquel rodriguez roxanne perez shayna baszler sonya deville stephanie vaquer trish stratus zelina vega zoey stark,56548,Alexa Bliss & B-FAB & Bayley & Bianca BelAir & Candice LeRae & Chelsea Green & Giulia & Ivy Nile & Iyo Sky & Jaida Parker & Jordynne Grace & Lash Legend & Liv Morgan & Lyra Valkyria & Maxxine Dupri & Michin & Naomi & Natalya & Nia Jax & Nikki Bella & Piper Niven & Raquel Rodriguez & Roxanne Perez & Shayna Baszler & Sonya Deville & Stephanie Vaquer & Trish Stratus & Zelina Vega & Zoey Stark,,,,,,,,,,,,,,,,,,,,,,
Alexa Bliss & Bayley,alexa bliss bayley,29952,Alexa Bliss & Bayley,,,,,,,,,,,,,,,,,,,,,,
Alexa Bliss & Beth Phoenix & Bianca BelAir & Candice LeRae & Carmella & Chelsea Green & Dakota Kai & Dana Brooke & Kairi Sane & Kelly Kelly & Lana & Liv Morgan & Mandy Rose & Mercedes Martinez & Mia Yim & Mighty Molly & Naomi & Natalya & Nikki Cross & Santina & Sarah Logan & Shayna Baszler & Shotzi Blackheart & Sonya Deville & Tamina & Tegan Nox & Toni Storm & Xia Li & Zelina Vega,alexa bliss beth phoenix bianca belair candice lerae carmella chelsea green dakota kai dana brooke kairi sane kelly kelly lana liv morgan mandy rose mercedes martinez mia yim mighty molly naomi natalya nikki cross santina sarah logan shayna baszler shotzi blackheart sonya deville tamina tegan nox toni storm xia li zelina vega,70690,Alexa Bliss & Beth Phoenix & Bianca BelAir & Candice LeRae & Carmella & Chelsea Green & Dakota Kai & Dana Brooke & Kairi Sane & Kelly Kelly & Lana & Liv Morgan & Mandy Rose & Mercedes Martinez & Mia Yim & Mighty Molly & Naomi & Natalya & Nikki Cross & Santina & Sarah Logan & Shayna Baszler & Shotzi Blackheart & Sonya Deville & Tamina & Tegan Nox & Toni Storm & Xia Li & Zelina Vega,,,,,,,,,,,,,,,,,,,,,,
Alexa Bliss & Bianca BelAir,alexa bliss bianca belair,63175,Alexa Bliss & Bianca BelAir,,,,,,,,,,,,,,,,,,,,,,
Alexa Bliss & Braun Strowman,alexa bliss braun strowman,75386,Alexa Bliss & Braun Strowman,,,,,,,,,,,,,,,,,,,,,,
Alexa Bliss & Carmella,alexa bliss carmella,29790,Alexa Bliss & Carmella,,,,,,,,,,,,,,,,,,,,,,
Alexa Bliss & Charlotte Flair,alexa bliss charlotte flair,10879,Alexa Bliss & Charlotte Flair,,,,,,,,,,,,,,,,,,,,,,
Alexa Bliss & Devin Taylor,alexa bliss devin taylor,32829,Alexa Bliss & Devin Taylor,,,,,,,,,,,,,,,,,,,,,,
Alexa Bliss & Jasmin & Lina,alexa bliss jasmin lina,32253,Alexa Bliss & Jasmin & Lina,,,,,,,,,,,,,,,,,,,,,,
Alexa Bliss & Kendall Skye,alexa bliss kendall skye,33920,Alexa Bliss & Kendall Skye,,,,,,,,,,,,,,,,,,,,,,
Alexa Bliss & Liv Morgan,alexa bliss liv morgan,64411,Alexa Bliss & Liv Morgan,,,,,,,,,,,,,,,,,,,,,,
Alexa Bliss & Peyton Royce,alexa bliss peyton royce,29462,Alexa Bliss & Peyton Royce,,,,,,,,,,,,,,,,,,,,,,
Alexander Wolfe,alexander wolfe,17666,Alexander Wolfe,,,,,,,,,,,,,,,,,,,,,,
Alexander Wolfe & Angelo Dawkins & Bull Dempsey & Dash Wilder & Elias Samson & Kenneth Crawford & Lovepreet & Noah Kekoa & Peter Howard & Preston Cunningham Jr. & Riddick Moss & Satender Ved Pal & Scott Dawson & Solomon Crowe & Sunny Dhinsa & Thomas Kingdon & Tucker Knight,alexander wolfe angelo dawkins bull dempsey dash wilder elias samson kenneth crawford lovepreet noah kekoa peter howard preston cunningham jr riddick moss satender ved pal scott dawson solomon crowe sunny dhinsa thomas kingdon tucker knight,31698,Alexander Wolfe & Angelo Dawkins & Bull Dempsey & Dash Wilder & Elias Samson & Kenneth Crawford & Lovepreet & Noah Kekoa & Peter Howard & Preston Cunningham Jr. & Riddick Moss & Satender Ved Pal & Scott Dawson & Solomon Crowe & Sunny Dhinsa & Thomas Kingdon & Tucker Knight,,,,,,,,,,,,,,,,,,,,,,
Alexis Smirnoff,alexis smirnoff,174368,Alexis Smirnoff,,,,,,,,,,,,,,,,,,,,,,
Aleyah Mia & Lisa Lace,aleyah mia lisa lace,72430,Aleyah Mia & Lisa Lace,,,,,,,,,,,,,,,,,,,,,,
Alfred Watkins & Jake James & Ricky Martinez,alfred watkins jake james ricky martinez,26092,Alfred Watkins & Jake James & Ricky Martinez,,,,,,,,,,,,,,,,,,,,,,
Ali & Andrade & Apollo Crews & Bo Dallas & Bobby Roode & Chad Gable & Colin Jost & Curtis Axel & EC3 & Gran Metalik & Harper & Heath Slater & Jeff Hardy & Jinder Mahal & Kalisto & Karl Anderson & Konnor & Lince Dorado & Luke Gallows & Matt Hardy & Michael Che & No Way Jose & Otis & Rhyno & Shelton Benjamin & Titus O'Neil & Tucker & Tyler Breeze & Viktor,ali andrade apollo crews bo dallas bobby roode chad gable colin jost curtis axel ec3 gran metalik harper heath slater jeff hardy jinder mahal kalisto karl anderson konnor lince dorado luke gallows matt hardy michael che no way jose otis rhyno shelton benjamin titus o neil tucker tyler breeze viktor,72848,Ali & Andrade & Apollo Crews & Bo Dallas & Bobby Roode & Chad Gable & Colin Jost & Curtis Axel & EC3 & Gran Metalik & Harper & Heath Slater & Jeff Hardy & Jinder Mahal & Kalisto & Karl Anderson & Konnor & Lince Dorado & Luke Gallows & Matt Hardy & Michael Che & No Way Jose & Otis & Rhyno & Shelton Benjamin & Titus O'Neil & Tucker & Tyler Breeze & Viktor,,,,,,,,,,,,,,,,,,,,,,
Ali & Finn Bálor,ali finn balor,72687,Ali & Finn Bálor,,,,,,,,,,,,,,,,,,,,,,
Ali Stevens,ali stevens,146602,Ali Stevens,,,,,,,,,,,,,,,,,,,,,,
Alicia Fox,alicia fox,34426,Alicia Fox,,,,,,,,,,,,,,,,,,,,,,
Alicia Fox & Aliyah & Bianca BelAir & Brie Bella & Cameron & Carmella & Charlotte Flair & Dana Brooke & Ivory & Kelly Kelly & Lita & Liv Morgan & Melina & Michelle McCool & Mickie James & Molly Holly & Naomi & Natalya & Nikki A.S.H. & Nikki Bella & Queen Zelina & Rhea Ripley & Sarah Logan & Sasha Banks & Shayna Baszler & Shotzi & Sonya Deville & Summer Rae & Tamina,alicia fox aliyah bianca belair brie bella cameron carmella charlotte flair dana brooke ivory kelly kelly lita liv morgan melina michelle mccool mickie james molly holly naomi natalya nikki a s h nikki bella queen zelina rhea ripley sarah logan sasha banks shayna baszler shotzi sonya deville summer rae tamina,65694,Alicia Fox & Aliyah & Bianca BelAir & Brie Bella & Cameron & Carmella & Charlotte Flair & Dana Brooke & Ivory & Kelly Kelly & Lita & Liv Morgan & Melina & Michelle McCool & Mickie James & Molly Holly & Naomi & Natalya & Nikki A.S.H. & Nikki Bella & Queen Zelina & Rhea Ripley & Sarah Logan & Sasha Banks & Shayna Baszler & Shotzi & Sonya Deville & Summer Rae & Tamina,,,,,,,,,,,,,,,,,,,,,,
Alicia Fox & Beth Phoenix & Brie Bella & Eve Torres & Gail Kim & Jackie Gayda & Jillian Hall & Joy Giovanni & Katie Lea Burchill & Kelly Kelly & Layla & Maria Kanellis & Maryse & Melina & Michelle McCool & Mickie James & Molly Holly & Natalya & Nikki Bella & Rosa Mendes & Sunny & Tiffany & Torrie Wilson & Victoria,alicia fox beth phoenix brie bella eve torres gail kim jackie gayda jillian hall joy giovanni katie lea burchill kelly kelly layla maria kanellis maryse melina michelle mccool mickie james molly holly natalya nikki bella rosa mendes sunny tiffany torrie wilson victoria,114918,Alicia Fox & Beth Phoenix & Brie Bella & Eve Torres & Gail Kim & Jackie Gayda & Jillian Hall & Joy Giovanni & Katie Lea Burchill & Kelly Kelly & Layla & Maria Kanellis & Maryse & Melina & Michelle McCool & Mickie James & Molly Holly & Natalya & Nikki Bella & Rosa Mendes & Sunny & Tiffany & Torrie Wilson & Victoria,,,,,,,,,,,,,,,,,,,,,,
Alicia Fox & Brie Bella & Eve Torres & Gail Kim & Jillian Hall & Katie Lea Burchill & Kelly Kelly & Layla & Maria Kanellis & Melina & Mickie James & Natalya & Nikki Bella & Rosa Mendes,alicia fox brie bella eve torres gail kim jillian hall katie lea burchill kelly kelly layla maria kanellis melina mickie james natalya nikki bella rosa mendes,113790,Alicia Fox & Brie Bella & Eve Torres & Gail Kim & Jillian Hall & Katie Lea Burchill & Kelly Kelly & Layla & Maria Kanellis & Melina & Mickie James & Natalya & Nikki Bella & Rosa Mendes,,,,,,,,,,,,,,,,,,,,,,
Alicia Fox & Brie Bella & Eve Torres & Gail Kim & Jillian Hall & Maryse & Melina & Nikki Bella & Tamina,alicia fox brie bella eve torres gail kim jillian hall maryse melina nikki bella tamina,111110,Alicia Fox & Brie Bella & Eve Torres & Gail Kim & Jillian Hall & Maryse & Melina & Nikki Bella & Tamina,,,,,,,,,,,,,,,,,,,,,,
Alicia Fox & Brie Bella & Eve Torres & Gail Kim & Kelly Kelly & Maria Kanellis & Melina & Mickie James & Tiffany,alicia fox brie bella eve torres gail kim kelly kelly maria kanellis melina mickie james tiffany,114943,Alicia Fox & Brie Bella & Eve Torres & Gail Kim & Kelly Kelly & Maria Kanellis & Melina & Mickie James & Tiffany,,,,,,,,,,,,,,,,,,,,,,
Alicia Fox & Brie Bella & Gail Kim & Jillian Hall & Katie Lea Burchill & Kelly Kelly & Nikki Bella & Rosa Mendes,alicia fox brie bella gail kim jillian hall katie lea burchill kelly kelly nikki bella rosa mendes,112202,Alicia Fox & Brie Bella & Gail Kim & Jillian Hall & Katie Lea Burchill & Kelly Kelly & Nikki Bella & Rosa Mendes,,,,,,,,,,,,,,,,,,,,,,
Aliyah,aliyah,17670,Aliyah,,,,,,,,,,,,,,,,,,,,,,
Aliyah & Avery Taylor & Brandi Lauren & Catalina & Dakota Kai & Ellie Hile & Emily Andzulis & Gia Roman & Indi Hartwell & Kacy Catanzaro & Kayden Carter & Marina Shafir & Raeven Marie & Raquel Gonzalez & Rhea Ripley & Rita Reis & Shotzi Blackheart & Xia Li,aliyah avery taylor brandi lauren catalina dakota kai ellie hile emily andzulis gia roman indi hartwell kacy catanzaro kayden carter marina shafir raeven marie raquel gonzalez rhea ripley rita reis shotzi blackheart xia li,18108,Aliyah & Avery Taylor & Brandi Lauren & Catalina & Dakota Kai & Ellie Hile & Emily Andzulis & Gia Roman & Indi Hartwell & Kacy Catanzaro & Kayden Carter & Marina Shafir & Raeven Marie & Raquel Gonzalez & Rhea Ripley & Rita Reis & Shotzi Blackheart & Xia Li,,,,,,,,,,,,,,,,,,,,,,
Aliyah & Bianca BelAir & Catalina Garcia & Chelsea Green & Deonna Purrazzo & Jessamyn Duke & Jessi Kamea & Kayden Carter & M. J. Jenkins & Mia Yim & Rhea Ripley & Taynara & Tegan Nox & Vanessa Borne & Xia Li,aliyah bianca belair catalina garcia chelsea green deonna purrazzo jessamyn duke jessi kamea kayden carter m j jenkins mia yim rhea ripley taynara tegan nox vanessa borne xia li,19466,Aliyah & Bianca BelAir & Catalina Garcia & Chelsea Green & Deonna Purrazzo & Jessamyn Duke & Jessi Kamea & Kayden Carter & M. J. Jenkins & Mia Yim & Rhea Ripley & Taynara & Tegan Nox & Vanessa Borne & Xia Li,,,,,,,,,,,,,,,,,,,,,,
Aliyah & Bianca Blair & Billie Kay & Candice LeRae & Kimberly Frankele & Lacey Evans & Liv Morgan & Peyton Royce & Rachel Evers & Sarah Dobson & Sonya Deville & Victoria Gonzalez,aliyah bianca blair billie kay candice lerae kimberly frankele lacey evans liv morgan peyton royce rachel evers sarah dobson sonya deville victoria gonzalez,27206,Aliyah & Bianca Blair & Billie Kay & Candice LeRae & Kimberly Frankele & Lacey Evans & Liv Morgan & Peyton Royce & Rachel Evers & Sarah Dobson & Sonya Deville & Victoria Gonzalez,,,,,,,,,,,,,,,,,,,,,,
Aliyah & Billie Kay & Julia Ho & Kimberly Frankele & Lacey Evans & Liv Morgan & Mandy Rose & MaryKate & Nikki Cross & Peyton Royce & Sarah Bridges & Sonya Deville & Taynara Melo,aliyah billie kay julia ho kimberly frankele lacey evans liv morgan mandy rose marykate nikki cross peyton royce sarah bridges sonya deville taynara melo,26932,Aliyah & Billie Kay & Julia Ho & Kimberly Frankele & Lacey Evans & Liv Morgan & Mandy Rose & MaryKate & Nikki Cross & Peyton Royce & Sarah Bridges & Sonya Deville & Taynara Melo,,,,,,,,,,,,,,,,,,,,,,
Aliyah & Dakota Kai & Deonna Purrazzo & Io Shirai & Jessamyn Duke & Kavita Devi & Lacey Evans & Lacey Lane & M. J. Jenkins & Marina Shafir & Nikki Cross & Reina Gonzalez & Taynara Conti & Vanessa Borne & Xia Li,aliyah dakota kai deonna purrazzo io shirai jessamyn duke kavita devi lacey evans lacey lane m j jenkins marina shafir nikki cross reina gonzalez taynara conti vanessa borne xia li,22602,Aliyah & Dakota Kai & Deonna Purrazzo & Io Shirai & Jessamyn Duke & Kavita Devi & Lacey Evans & Lacey Lane & M. J. Jenkins & Marina Shafir & Nikki Cross & Reina Gonzalez & Taynara Conti & Vanessa Borne & Xia Li,,,,,,,,,,,,,,,,,,,,,,
Aliyah & Deonna Purrazzo & Io Shirai & Jessamyn Duke & Jessie & Kacy Catanzaro & Kavita Devi & Kay Lee Ray & Lacey Lane & Marina Shafir & Mia Yim & Piper Niven & Reina Gonzalez & Taynara Conti & Toni Storm & Vanessa Borne & Xia Li,aliyah deonna purrazzo io shirai jessamyn duke jessie kacy catanzaro kavita devi kay lee ray lacey lane marina shafir mia yim piper niven reina gonzalez taynara conti toni storm vanessa borne xia li,72838,Aliyah & Deonna Purrazzo & Io Shirai & Jessamyn Duke & Jessie & Kacy Catanzaro & Kavita Devi & Kay Lee Ray & Lacey Lane & Marina Shafir & Mia Yim & Piper Niven & Reina Gonzalez & Taynara Conti & Toni Storm & Vanessa Borne & Xia Li,,,,,,,,,,,,,,,,,,,,,,
Aliyah & Jessie Elaban & Kavita Devi & Lacey Evans & Nikki Cross & Reina Gonzalez & Rhea Ripley & Taynara Conti & Vanessa Borne & Xia Li,aliyah jessie elaban kavita devi lacey evans nikki cross reina gonzalez rhea ripley taynara conti vanessa borne xia li,23168,Aliyah & Jessie Elaban & Kavita Devi & Lacey Evans & Nikki Cross & Reina Gonzalez & Rhea Ripley & Taynara Conti & Vanessa Borne & Xia Li,,,,,,,,,,,,,,,,,,,,,,
Allan Funk,allan funk,38876,Allan Funk,,,,,,,,,,,,,,,,,,,,,,
Allan Reed & Scott Bazo,allan reed scott bazo,161878,Allan Reed & Scott Bazo,,,,,,,,,,,,,,,,,,,,,,
Allen Coage,allen coage,133863,Allen Coage,,,,,,,,,,,,,,,,,,,,,,
Allen Kinsey,allen kinsey,168786,Allen Kinsey,,,,,,,,,,,,,,,,,,,,,,
Allen Martin,allen martin,53976,Allen Martin,,,,,,,,,,,,,,,,,,,,,,
Allen Reid,allen reid,161414,Allen Reid,,,,,,,,,,,,,,,,,,,,,,
Allen Turner,allen turner,108416,Allen Turner,,,,,,,,,,,,,,,,,,,,,,
Allie Catrina,allie catrina,72670,Allie Catrina,,,,,,,,,,,,,,,,,,,,,,
Allysin Kay,allysin kay,74440,Allysin Kay,,,,,,,,,,,,,,,,,,,,,,
Alundra Blayze,alundra blayze,72095,Alundra Blayze,,,,,,,,,,,,,,,,,,,,,,
Alundra Blayze & Asuka & Billie Kay & Carmella & Dana Brooke & Ember Moon & Ivory & Kelly Kelly & Lana & Mandy Rose & Maria Kanellis & Michelle McCool & Molly Holly & Naomi & Peyton Royce & Sonya Deville & Tamina & Torrie Wilson & Zelina Vega,alundra blayze asuka billie kay carmella dana brooke ember moon ivory kelly kelly lana mandy rose maria kanellis michelle mccool molly holly naomi peyton royce sonya deville tamina torrie wilson zelina vega,73914,Alundra Blayze & Asuka & Billie Kay & Carmella & Dana Brooke & Ember Moon & Ivory & Kelly Kelly & Lana & Mandy Rose & Maria Kanellis & Michelle McCool & Molly Holly & Naomi & Peyton Royce & Sonya Deville & Tamina & Torrie Wilson & Zelina Vega,,,,,,,,,,,,,,,,,,,,,,
Amanpreet Singh,amanpreet singh,22822,Amanpreet Singh,,,,,,,,,,,,,,,,,,,,,,
Amanpreet Singh & Angelo Dawkins & Babatunde Aiyegbusi & Chad Lail & Dan Matha & Lio Rush & Marcel Barthel & Montez Ford & Otis Dozovic & Raul Mendoza & Rinku Singh & Steve Cutler & Unknown Male Wrestler & Wesley Blake,amanpreet singh angelo dawkins babatunde aiyegbusi chad lail dan matha lio rush marcel barthel montez ford otis dozovic raul mendoza rinku singh steve cutler unknown male wrestler wesley blake,23528,Amanpreet Singh & Angelo Dawkins & Babatunde Aiyegbusi & Chad Lail & Dan Matha & Lio Rush & Marcel Barthel & Montez Ford & Otis Dozovic & Raul Mendoza & Rinku Singh & Steve Cutler & Unknown Male Wrestler & Wesley Blake,,,,,,,,,,,,,,,,,,,,,,
Amanuel & Andrew Love,amanuel andrew love,63382,Amanuel & Andrew Love,,,,,,,,,,,,,,,,,,,,,,
Amari Miller,amari miller,13784,Amari Miller,,,,,,,,,,,,,,,,,,,,,,
American Dragon,american dragon,131276,American Dragon,,,,,,,,,,,,,,,,,,,,,,
American Wildchild & Hellblazer,american wildchild hellblazer,45544,American Wildchild & Hellblazer,,,,,,,,,,,,,,,,,,,,,,
Americo,americo,82384,Americo,,,,,,,,,,,,,,,,,,,,,,
Amir Jordan,amir jordan,23524,Amir Jordan,,,,,,,,,,,,,,,,,,,,,,
Amish Roadkill & Angel & Danny Doring & Tony DeVito,amish roadkill angel danny doring tony devito,884,Amish Roadkill & Angel & Danny Doring & Tony DeVito,,,,,,,,,,,,,,,,,,,,,,
Amish Roadkill & Balls Mahoney & Buh Buh Ray Dudley & Chris Chetti & D-Von Dudley & Danny Doring & Jerry Lynn & Mustafa & Nova & Rhino Richards & Steve Corino,amish roadkill balls mahoney buh buh ray dudley chris chetti d von dudley danny doring jerry lynn mustafa nova rhino richards steve corino,3386,Amish Roadkill & Balls Mahoney & Buh Buh Ray Dudley & Chris Chetti & D-Von Dudley & Danny Doring & Jerry Lynn & Mustafa & Nova & Rhino Richards & Steve Corino,,,,,,,,,,,,,,,,,,,,,,
Amish Roadkill & Danny Doring,amish roadkill danny doring,39,Amish Roadkill & Danny Doring,,,,,,,,,,,,,,,,,,,,,,
Amy Weber,amy weber,125931,Amy Weber,,,,,,,,,,,,,,,,,,,,,,
"Andrade ""Cien"" Almas",andrade cien almas,23960,"Andrade ""Cien"" Almas",,,,,,,,,,,,,,,,,,,,,,
Andrade & Angel Garza,andrade angel garza,69282,Andrade & Angel Garza,,,,,,,,,,,,,,,,,,,,,,
Andrade & Austin Theory & Bobby Lashley & Bron Breakker & Bronson Reed & CM Punk & Carlito & Carmelo Hayes & Damian Priest & Dominik Mysterio & Drew McIntyre & Finn Bálor & Grayson Waller & Gunther & Ivar & JD McDonagh & Jey Uso & Jimmy Uso & Karrion Kross & Kofi Kingston & Ludwig Kaiser & Omos & Pat McAfee & R-Truth & Ricochet & Sami Zayn & Santos Escobar & Shinsuke Nakamura & The Miz,andrade austin theory bobby lashley bron breakker bronson reed cm punk carlito carmelo hayes damian priest dominik mysterio drew mcintyre finn balor grayson waller gunther ivar jd mcdonagh jey uso jimmy uso karrion kross kofi kingston ludwig kaiser omos pat mcafee r truth ricochet sami zayn santos escobar shinsuke nakamura the miz,59162,Andrade & Austin Theory & Bobby Lashley & Bron Breakker & Bronson Reed & CM Punk & Carlito & Carmelo Hayes & Damian Priest & Dominik Mysterio & Drew McIntyre & Finn Bálor & Grayson Waller & Gunther & Ivar & JD McDonagh & Jey Uso & Jimmy Uso & Karrion Kross & Kofi Kingston & Ludwig Kaiser & Omos & Pat McAfee & R-Truth & Ricochet & Sami Zayn & Santos Escobar & Shinsuke Nakamura & The Miz,,,,,,,,,,,,,,,,,,,,,,
Andrade & Rey Mysterio,andrade rey mysterio,58649,Andrade & Rey Mysterio,,,,,,,,,,,,,,,,,,,,,,
Andre Chase & Bodhi Hayward,andre chase bodhi hayward,16226,Andre Chase & Bodhi Hayward,,,,,,,,,,,,,,,,,,,,,,
Andre Chase & Kale Dixon & Uriah Connors,andre chase kale dixon uriah connors,10303,Andre Chase & Kale Dixon & Uriah Connors,,,,,,,,,,,,,,,,,,,,,,
Andre Tricoteux,andre tricoteux,141511,Andre Tricoteux,,,,,,,,,,,,,,,,,,,,,,
Andre the Giant & Ax & B. Brian Blair & Billy Jack Haynes & Blackjack Mulligan & Butch Reed & Haku & Hillbilly Jim & Honky Tonk Man & Hulk Hogan & Jim Brunzell & Koko B Ware & Lanny Poffo & Nikolai Volkoff & Paul Orndorff & Ron Bass & Sika & Smash & Tama,andre the giant ax b brian blair billy jack haynes blackjack mulligan butch reed haku hillbilly jim honky tonk man hulk hogan jim brunzell koko b ware lanny poffo nikolai volkoff paul orndorff ron bass sika smash tama,173246,Andre the Giant & Ax & B. Brian Blair & Billy Jack Haynes & Blackjack Mulligan & Butch Reed & Haku & Hillbilly Jim & Honky Tonk Man & Hulk Hogan & Jim Brunzell & Koko B Ware & Lanny Poffo & Nikolai Volkoff & Paul Orndorff & Ron Bass & Sika & Smash & Tama,,,,,,,,,,,,,,,,,,,,,,
Andrea Guercio & Spencer Slade,andrea guercio spencer slade,63868,Andrea Guercio & Spencer Slade,,,,,,,,,,,,,,,,,,,,,,
Andrew Baine,andrew baine,139223,Andrew Baine,,,,,,,,,,,,,,,,,,,,,,
Andrew Howard,andrew howard,71778,Andrew Howard,,,,,,,,,,,,,,,,,,,,,,
Andrew Lockhart & Demetri Jackson,andrew lockhart demetri jackson,66848,Andrew Lockhart & Demetri Jackson,,,,,,,,,,,,,,,,,,,,,,
Andrew Lockhart & Erik Lockhart,andrew lockhart erik lockhart,69378,Andrew Lockhart & Erik Lockhart,,,,,,,,,,,,,,,,,,,,,,
Andrew Martin,andrew martin,150205,Andrew Martin,,,,,,,,,,,,,,,,,,,,,,
Andrzej Hughes-Murray,andrzej hughes murray,13986,Andrzej Hughes-Murray,,,,,,,,,,,,,,,,,,,,,,
André André,andre andre,34191720,André André,,_Retired Soccer,,,1989-08-26,Portugal,,,https://r2.thesportsdb.com/images/media/player/thumb/5yzh2j1771665641.jpg,,_Retired Soccer,,thesportsdb,,,,,,,,,
Andy Baker,andy baker,35372,Andy Baker,,,,,,,,,,,,,,,,,,,,,,
Andy Boy Simmonz,andy boy simmonz,118418,Andy Boy Simmonz,,,,,,,,,,,,,,,,,,,,,,
Andy Ellison,andy ellison,152466,Andy Ellison,,,,,,,,,,,,,,,,,,,,,,
Andy Fisher,andy fisher,51536,Andy Fisher,,,,,,,,,,,,,,,,,,,,,,
Andy Garcia & Ross Greenberg,andy garcia ross greenberg,165310,Andy Garcia & Ross Greenberg,,,,,,,,,,,,,,,,,,,,,,
Andy Leavine,andy leavine,109456,Andy Leavine,,,,,,,,,,,,,,,,,,,,,,
Andy Palafox & Brandon Groom,andy palafox brandon groom,34072,Andy Palafox & Brandon Groom,,,,,,,,,,,,,,,,,,,,,,
Andy Tavares & Mike Spinner,andy tavares mike spinner,103458,Andy Tavares & Mike Spinner,,,,,,,,,,,,,,,,,,,,,,
Angel & Angelo Dawkins & Apollo Crews & Baron Corbin & Berto & Elton Prince & Karl Anderson & Kit Wilson & Luke Gallows & Montez Ford,angel angelo dawkins apollo crews baron corbin berto elton prince karl anderson kit wilson luke gallows montez ford,57856,Angel & Angelo Dawkins & Apollo Crews & Baron Corbin & Berto & Elton Prince & Karl Anderson & Kit Wilson & Luke Gallows & Montez Ford,,,,,,,,,,,,,,,,,,,,,,
"Angel & Angelo Dawkins & Ashante ""Thee"" Adonis & Baron Corbin & Braun Strowman & Bronson Reed & Butch & Cedric Alexander & Cruz Del Toro & Dexter Lumis & Dolph Ziggler & Elias & Humberto & Ivar & Joaquin Wilde & Johnny Gargano & Karl Anderson & Karrion Kross & L.A. Knight & Luke Gallows & Madcap Moss & Mustafa Ali & Otis & Rick Boogs & Ridge Holland & Santos Escobar & Shelton Benjamin & Top Dolla & Xavier Woods & ma.çé & mån.sôör",angel angelo dawkins ashante thee adonis baron corbin braun strowman bronson reed butch cedric alexander cruz del toro dexter lumis dolph ziggler elias humberto ivar joaquin wilde johnny gargano karl anderson karrion kross l a knight luke gallows madcap moss mustafa ali otis rick boogs ridge holland santos escobar shelton benjamin top dolla xavier woods ma ce man soor,61750,"Angel & Angelo Dawkins & Ashante ""Thee"" Adonis & Baron Corbin & Braun Strowman & Bronson Reed & Butch & Cedric Alexander & Cruz Del Toro & Dexter Lumis & Dolph Ziggler & Elias & Humberto & Ivar & Joaquin Wilde & Johnny Gargano & Karl Anderson & Karrion Kross & L.A. Knight & Luke Gallows & Madcap Moss & Mustafa Ali & Otis & Rick Boogs & Ridge Holland & Santos Escobar & Shelton Benjamin & Top Dolla & Xavier Woods & ma.çé & mån.sôör",,,,,,,,,,,,,,,,,,,,,,
Angel & Apollo Crews & Berto & Charlie Dempsey & Damon Kemp & Dante Chen & Dragon Lee & Eddy Thorpe & Edris Enofé & Ethan Page & Frankie Kazarian & Joe Coffey & Joe Hendry & Lexis King & Luca Crusifino & Malik Blade & Myles Borne & Nathan Frazer & Ridge Holland & Shawn Spears & Tank Ledger & Tavion Heights & Tony D'Angelo & Tyler Bate,angel apollo crews berto charlie dempsey damon kemp dante chen dragon lee eddy thorpe edris enofe ethan page frankie kazarian joe coffey joe hendry lexis king luca crusifino malik blade myles borne nathan frazer ridge holland shawn spears tank ledger tavion heights tony d angelo tyler bate,12872,Angel & Apollo Crews & Berto & Charlie Dempsey & Damon Kemp & Dante Chen & Dragon Lee & Eddy Thorpe & Edris Enofé & Ethan Page & Frankie Kazarian & Joe Coffey & Joe Hendry & Lexis King & Luca Crusifino & Malik Blade & Myles Borne & Nathan Frazer & Ridge Holland & Shawn Spears & Tank Ledger & Tavion Heights & Tony D'Angelo & Tyler Bate,,,,,,,,,,,,,,,,,,,,,,
Angel & Berto,angel berto,54414,Angel & Berto,,,,,,,,,,,,,,,,,,,,,,
Angel & Cesaro & Drew Gulak & Erik & Happy Corbin & Humberto & Ivar & Jeff Hardy & Jinder Mahal & MACE & Madcap Moss & Mansoor & Rick Boogs & Ricochet & Ridge Holland & Shanky & Sheamus,angel cesaro drew gulak erik happy corbin humberto ivar jeff hardy jinder mahal mace madcap moss mansoor rick boogs ricochet ridge holland shanky sheamus,66318,Angel & Cesaro & Drew Gulak & Erik & Happy Corbin & Humberto & Ivar & Jeff Hardy & Jinder Mahal & MACE & Madcap Moss & Mansoor & Rick Boogs & Ricochet & Ridge Holland & Shanky & Sheamus,,,,,,,,,,,,,,,,,,,,,,
Angel & Cesaro & Drew Gulak & Erik & Humberto & Ivar & Jinder Mahal & Mansoor & Ricochet & Shanky & Sheamus,angel cesaro drew gulak erik humberto ivar jinder mahal mansoor ricochet shanky sheamus,66132,Angel & Cesaro & Drew Gulak & Erik & Humberto & Ivar & Jinder Mahal & Mansoor & Ricochet & Shanky & Sheamus,,,,,,,,,,,,,,,,,,,,,,
Angel & Cesaro & Humberto & Jinder Mahal & Mansoor & Shanky,angel cesaro humberto jinder mahal mansoor shanky,65842,Angel & Cesaro & Humberto & Jinder Mahal & Mansoor & Shanky,,,,,,,,,,,,,,,,,,,,,,
Angel Amoroso & Tommy Cairo,angel amoroso tommy cairo,9068,Angel Amoroso & Tommy Cairo,,,,,,,,,,,,,,,,,,,,,,
Angel DeGuera,angel deguera,156036,Angel DeGuera,,,,,,,,,,,,,,,,,,,,,,
Angel Garza & Apollo Crews & Cedric Alexander & Chad Gable & Dolph Ziggler & Dominik Mysterio & Elias & Humberto Carrillo & Jeff Hardy & John Morrison & Kalisto & Murphy & Rey Mysterio & Ricochet & Robert Roode & Shelton Benjamin & Shinsuke Nakamura,angel garza apollo crews cedric alexander chad gable dolph ziggler dominik mysterio elias humberto carrillo jeff hardy john morrison kalisto murphy rey mysterio ricochet robert roode shelton benjamin shinsuke nakamura,68966,Angel Garza & Apollo Crews & Cedric Alexander & Chad Gable & Dolph Ziggler & Dominik Mysterio & Elias & Humberto Carrillo & Jeff Hardy & John Morrison & Kalisto & Murphy & Rey Mysterio & Ricochet & Robert Roode & Shelton Benjamin & Shinsuke Nakamura,,,,,,,,,,,,,,,,,,,,,,
Angel Garza & Boa & Brendan Vink & Cal Bloom & Chase Parker & Daniel Vidot & Denzel Dejournette & Dexter Lumis & Kona Reeves & Mansoor & Matt Martel & Mohamed Fahim & Nick Ogarelli & Rik Bugez,angel garza boa brendan vink cal bloom chase parker daniel vidot denzel dejournette dexter lumis kona reeves mansoor matt martel mohamed fahim nick ogarelli rik bugez,20100,Angel Garza & Boa & Brendan Vink & Cal Bloom & Chase Parker & Daniel Vidot & Denzel Dejournette & Dexter Lumis & Kona Reeves & Mansoor & Matt Martel & Mohamed Fahim & Nick Ogarelli & Rik Bugez,,,,,,,,,,,,,,,,,,,,,,
Angel Garza & Bronco Nima & Brutus Creed & Humberto Carrillo & Julius Creed & Lucien Price,angel garza bronco nima brutus creed humberto carrillo julius creed lucien price,14322,Angel Garza & Bronco Nima & Brutus Creed & Humberto Carrillo & Julius Creed & Lucien Price,,,,,,,,,,,,,,,,,,,,,,
Angel Garza & Humberto Carrillo,angel garza humberto carrillo,14008,Angel Garza & Humberto Carrillo,,,,,,,,,,,,,,,,,,,,,,
Angel Garza & Raul Mendoza,angel garza raul mendoza,20026,Angel Garza & Raul Mendoza,,,,,,,,,,,,,,,,,,,,,,
Angel Maravilla,angel maravilla,176199,Angel Maravilla,,,,,,,,,,,,,,,,,,,,,,
Angel of Death,angel of death,53959,Angel of Death,,,,,,,,,,,,,,,,,,,,,,
Angelica & Danny Doring & Roadkill,angelica danny doring roadkill,2243,Angelica & Danny Doring & Roadkill,,,,,,,,,,,,,,,,,,,,,,
Angelo Dawkins & Austin Theory & Baron Corbin & Bobby Lashley & Booker T. & Braun Strowman & Brock Lesnar & Chad Gable & Damian Priest & Dominik Mysterio & Drew McIntyre & Edge & Elias & Finn Bálor & Gunther & Johnny Gargano & Karrion Kross & Kofi Kingston & Logan Paul & Montez Ford & Omos & Otis & Ricochet & Santos Escobar & Seth Rollins & Sheamus & The Miz & Xavier Woods,angelo dawkins austin theory baron corbin bobby lashley booker t braun strowman brock lesnar chad gable damian priest dominik mysterio drew mcintyre edge elias finn balor gunther johnny gargano karrion kross kofi kingston logan paul montez ford omos otis ricochet santos escobar seth rollins sheamus the miz xavier woods,62256,Angelo Dawkins & Austin Theory & Baron Corbin & Bobby Lashley & Booker T. & Braun Strowman & Brock Lesnar & Chad Gable & Damian Priest & Dominik Mysterio & Drew McIntyre & Edge & Elias & Finn Bálor & Gunther & Johnny Gargano & Karrion Kross & Kofi Kingston & Logan Paul & Montez Ford & Omos & Otis & Ricochet & Santos Escobar & Seth Rollins & Sheamus & The Miz & Xavier Woods,,,,,,,,,,,,,,,,,,,,,,
Angelo Dawkins & Babatunde Aiyegbusi & Boa & Denzel Dejournette & Drake Maverick & EC3 & Jaxson Ryker & Kassius Ohno & Keith Lee & Mars Wang & Matt Riddle & Mohamed Fahim & Montez Ford & Nasser Alruwayeh & Nick Miller & Otis Dozovic & Saurav Gurjar & Shane Thorne & Tucker Knight,angelo dawkins babatunde aiyegbusi boa denzel dejournette drake maverick ec3 jaxson ryker kassius ohno keith lee mars wang matt riddle mohamed fahim montez ford nasser alruwayeh nick miller otis dozovic saurav gurjar shane thorne tucker knight,22382,Angelo Dawkins & Babatunde Aiyegbusi & Boa & Denzel Dejournette & Drake Maverick & EC3 & Jaxson Ryker & Kassius Ohno & Keith Lee & Mars Wang & Matt Riddle & Mohamed Fahim & Montez Ford & Nasser Alruwayeh & Nick Miller & Otis Dozovic & Saurav Gurjar & Shane Thorne & Tucker Knight,,,,,,,,,,,,,,,,,,,,,,
Angelo Dawkins & Bianca BelAir & Montez Ford,angelo dawkins bianca belair montez ford,21591,Angelo Dawkins & Bianca BelAir & Montez Ford,,,,,,,,,,,,,,,,,,,,,,
Angelo Dawkins & Chad Gable & Montez Ford & Otis,angelo dawkins chad gable montez ford otis,65130,Angelo Dawkins & Chad Gable & Montez Ford & Otis,,,,,,,,,,,,,,,,,,,,,,
Angelo Dawkins & Charlotte,angelo dawkins charlotte,35964,Angelo Dawkins & Charlotte,,,,,,,,,,,,,,,,,,,,,,
Angelo Dawkins & Colin Cassady,angelo dawkins colin cassady,34447,Angelo Dawkins & Colin Cassady,,,,,,,,,,,,,,,,,,,,,,
Angelo Dawkins & Curt Hawkins & Dash Wilder & Fabian Aichner & Fandango & Gran Metalik & Karl Anderson & Lince Dorado & Luke Gallows & Marcel Barthel & Montez Ford & Otis & Scott Dawson & Steve Cutler & Tucker & Tyler Breeze & Wesley Blake & Zack Ryder,angelo dawkins curt hawkins dash wilder fabian aichner fandango gran metalik karl anderson lince dorado luke gallows marcel barthel montez ford otis scott dawson steve cutler tucker tyler breeze wesley blake zack ryder,71174,Angelo Dawkins & Curt Hawkins & Dash Wilder & Fabian Aichner & Fandango & Gran Metalik & Karl Anderson & Lince Dorado & Luke Gallows & Marcel Barthel & Montez Ford & Otis & Scott Dawson & Steve Cutler & Tucker & Tyler Breeze & Wesley Blake & Zack Ryder,,,,,,,,,,,,,,,,,,,,,,
Angelo Dawkins & Damian Priest & Montez Ford,angelo dawkins damian priest montez ford,65858,Angelo Dawkins & Damian Priest & Montez Ford,,,,,,,,,,,,,,,,,,,,,,
Angelo Dawkins & Erik & Ivar & Montez Ford,angelo dawkins erik ivar montez ford,69887,Angelo Dawkins & Erik & Ivar & Montez Ford,,,,,,,,,,,,,,,,,,,,,,
Angelo Dawkins & Humberto Carrillo & Montez Ford,angelo dawkins humberto carrillo montez ford,71324,Angelo Dawkins & Humberto Carrillo & Montez Ford,,,,,,,,,,,,,,,,,,,,,,
Angelo Dawkins & Kenneth Crawford,angelo dawkins kenneth crawford,28127,Angelo Dawkins & Kenneth Crawford,,,,,,,,,,,,,,,,,,,,,,
Angelo Dawkins & Montez Ford,angelo dawkins montez ford,12480,Angelo Dawkins & Montez Ford,,,,,,,,,,,,,,,,,,,,,,
Angelo Gomez,angelo gomez,176306,Angelo Gomez,,,,,,,,,,,,,,,,,,,,,,
Angelo Mosca,angelo mosca,175259,Angelo Mosca,,,,,,,,,,,,,,,,,,,,,,
Angelo Mosca & Baron Mikel Scicluna & Bulldog Brower & Curt Hennig & Dominic DeNucci & Johnny Rodz & Jose Estrada & Killer Khan & Larry Sharpe & Mil Mascaras & Pedro Morales & Rick Martel & Roberto Soto & Ron Shaw & Special Delivery Jones & Steve O & The Great Yatsu & Tony Garea,angelo mosca baron mikel scicluna bulldog brower curt hennig dominic denucci johnny rodz jose estrada killer khan larry sharpe mil mascaras pedro morales rick martel roberto soto ron shaw special delivery jones steve o the great yatsu tony garea,175986,Angelo Mosca & Baron Mikel Scicluna & Bulldog Brower & Curt Hennig & Dominic DeNucci & Johnny Rodz & Jose Estrada & Killer Khan & Larry Sharpe & Mil Mascaras & Pedro Morales & Rick Martel & Roberto Soto & Ron Shaw & Special Delivery Jones & Steve O & The Great Yatsu & Tony Garea,,,,,,,,,,,,,,,,,,,,,,
Angelo Savoldi,angelo savoldi,135698,Angelo Savoldi,,,,,,,,,,,,,,,,,,,,,,
Angie Marino,angie marino,160008,Angie Marino,,,,,,,,,,,,,,,,,,,,,,
Angie Minelli,angie minelli,172460,Angie Minelli,,,,,,,,,,,,,,,,,,,,,,
Animal & Big Boss Man & Brian Knobbs & Earthquake & El Matador & Hawk & Hercules & Jerry Sags & Jim Duggan & Marty Jannetty & Paul Roma & Shawn Michaels & The Barbarian & The Mountie & The Texas Tornado & The Undertaker & Typhoon,animal big boss man brian knobbs earthquake el matador hawk hercules jerry sags jim duggan marty jannetty paul roma shawn michaels the barbarian the mountie the texas tornado the undertaker typhoon,164902,Animal & Big Boss Man & Brian Knobbs & Earthquake & El Matador & Hawk & Hercules & Jerry Sags & Jim Duggan & Marty Jannetty & Paul Roma & Shawn Michaels & The Barbarian & The Mountie & The Texas Tornado & The Undertaker & Typhoon,,,,,,,,,,,,,,,,,,,,,,
Animal & Bobby Lashley & Booker T. & Carlito & Chavo Guerrero & Chris Benoit & Chris Masters & Eugene & Goldust & Joey Mercury & Johnny Nitro & Jonathan Coachman & Kane & Matt Hardy & Orlando Jordan & Psicosis & Randy Orton & Ric Flair & Rob Van Dam & Shawn Michaels & Shelton Benjamin & Simon Dean & Super Crazy & Sylvan & Tatanka & The Big Show & Trevor Murdoch & Triple H & Viscera,animal bobby lashley booker t carlito chavo guerrero chris benoit chris masters eugene goldust joey mercury johnny nitro jonathan coachman kane matt hardy orlando jordan psicosis randy orton ric flair rob van dam shawn michaels shelton benjamin simon dean super crazy sylvan tatanka the big show trevor murdoch triple h viscera,122928,Animal & Bobby Lashley & Booker T. & Carlito & Chavo Guerrero & Chris Benoit & Chris Masters & Eugene & Goldust & Joey Mercury & Johnny Nitro & Jonathan Coachman & Kane & Matt Hardy & Orlando Jordan & Psicosis & Randy Orton & Ric Flair & Rob Van Dam & Shawn Michaels & Shelton Benjamin & Simon Dean & Super Crazy & Sylvan & Tatanka & The Big Show & Trevor Murdoch & Triple H & Viscera,,,,,,,,,,,,,,,,,,,,,,
Animal & Bobby Lashley & Brian Kendrick & Joey Mercury & John Bradshaw Layfield & Johnny Nitro & Mark Henry & Matt Hardy & Nunzio & Orlando Jordan & Paul Burchill & Paul London & Psicosis & Rey Mysterio & Simon Dean & Super Crazy & Sylvan & Vito & William Regal,animal bobby lashley brian kendrick joey mercury john bradshaw layfield johnny nitro mark henry matt hardy nunzio orlando jordan paul burchill paul london psicosis rey mysterio simon dean super crazy sylvan vito william regal,123116,Animal & Bobby Lashley & Brian Kendrick & Joey Mercury & John Bradshaw Layfield & Johnny Nitro & Mark Henry & Matt Hardy & Nunzio & Orlando Jordan & Paul Burchill & Paul London & Psicosis & Rey Mysterio & Simon Dean & Super Crazy & Sylvan & Vito & William Regal,,,,,,,,,,,,,,,,,,,,,,
Animal & Bret Hart & Brian Knobbs & Bushwhacker Butch & Bushwhacker Luke & Crush & Davey Boy Smith & Dino Bravo & Earthquake & Greg Valentine & Haku & Hawk & Hercules & Jake Roberts & Jim Duggan & Jim Neidhart & Jimmy Snuka & Mr. Perfect & Paul Roma & Randy Savage & Rick Martel & Saba Simba & Shane Douglas & Smash & The Texas Tornado & The Undertaker & The Warlord & Tito Santana & Tugboat,animal bret hart brian knobbs bushwhacker butch bushwhacker luke crush davey boy smith dino bravo earthquake greg valentine haku hawk hercules jake roberts jim duggan jim neidhart jimmy snuka mr perfect paul roma randy savage rick martel saba simba shane douglas smash the texas tornado the undertaker the warlord tito santana tugboat,166238,Animal & Bret Hart & Brian Knobbs & Bushwhacker Butch & Bushwhacker Luke & Crush & Davey Boy Smith & Dino Bravo & Earthquake & Greg Valentine & Haku & Hawk & Hercules & Jake Roberts & Jim Duggan & Jim Neidhart & Jimmy Snuka & Mr. Perfect & Paul Roma & Randy Savage & Rick Martel & Saba Simba & Shane Douglas & Smash & The Texas Tornado & The Undertaker & The Warlord & Tito Santana & Tugboat,,,,,,,,,,,,,,,,,,,,,,
Animal & Brian Kendrick & Chad Dick & Heidenreich & James Dick & Nunzio & Paul London & Scotty 2 Hotty & Sho Funaki & Vito,animal brian kendrick chad dick heidenreich james dick nunzio paul london scotty 2 hotty sho funaki vito,123426,Animal & Brian Kendrick & Chad Dick & Heidenreich & James Dick & Nunzio & Paul London & Scotty 2 Hotty & Sho Funaki & Vito,,,,,,,,,,,,,,,,,,,,,,
Animal & Darren Drozdov,animal darren drozdov,150877,Animal & Darren Drozdov,,,,,,,,,,,,,,,,,,,,,,
Animal & Droz & Hawk,animal droz hawk,150519,Animal & Droz & Hawk,,,,,,,,,,,,,,,,,,,,,,
Animal & Hawk,animal hawk,50964,Animal & Hawk,,,,,,,,,,,,,,,,,,,,,,
Animal & Heidenreich,animal heidenreich,123213,Animal & Heidenreich,,,,,,,,,,,,,,,,,,,,,,
Animal & Matt Hardy,animal matt hardy,122660,Animal & Matt Hardy,,,,,,,,,,,,,,,,,,,,,,
Ann Esposito,ann esposito,82328,Ann Esposito,,,,,,,,,,,,,,,,,,,,,,
Anna Fields,anna fields,81928,Anna Fields,,,,,,,,,,,,,,,,,,,,,,
Anna Keefer & Arianna Grace & Blair Davenport & Elektra Lopez & Emma Maria Diaz & Fallon Henley & Jacy Jayne & Jade Gentile & Jaida Parker & Kennedy Cummins & Kiana James & Kiyah Saint & Lola Vice & Olena Sadovska & Roxanne Perez & Stevie Turner & Tatum Paxley & Thea Hail & Valentina Feroz,anna keefer arianna grace blair davenport elektra lopez emma maria diaz fallon henley jacy jayne jade gentile jaida parker kennedy cummins kiana james kiyah saint lola vice olena sadovska roxanne perez stevie turner tatum paxley thea hail valentina feroz,14202,Anna Keefer & Arianna Grace & Blair Davenport & Elektra Lopez & Emma Maria Diaz & Fallon Henley & Jacy Jayne & Jade Gentile & Jaida Parker & Kennedy Cummins & Kiana James & Kiyah Saint & Lola Vice & Olena Sadovska & Roxanne Perez & Stevie Turner & Tatum Paxley & Thea Hail & Valentina Feroz,,,,,,,,,,,,,,,,,,,,,,
Anna Keefer & Cora Jade & Dani Palmer & Gigi Dolin & Indi Hartwell & Ivy Nile & Jacy Jayne & Jakara Jackson & Lash Legend & Lea Mitchell & Nikkita Lyons & Roxanne Perez & Sarah Baer & Sloane Jacobs & Sol Ruca & Tiana Caffey & Valentina Feroz & Valerie Loureda & Wendy Choo & Zoey Stark,anna keefer cora jade dani palmer gigi dolin indi hartwell ivy nile jacy jayne jakara jackson lash legend lea mitchell nikkita lyons roxanne perez sarah baer sloane jacobs sol ruca tiana caffey valentina feroz valerie loureda wendy choo zoey stark,16082,Anna Keefer & Cora Jade & Dani Palmer & Gigi Dolin & Indi Hartwell & Ivy Nile & Jacy Jayne & Jakara Jackson & Lash Legend & Lea Mitchell & Nikkita Lyons & Roxanne Perez & Sarah Baer & Sloane Jacobs & Sol Ruca & Tiana Caffey & Valentina Feroz & Valerie Loureda & Wendy Choo & Zoey Stark,,,,,,,,,,,,,,,,,,,,,,
Anna Keefer & Tylynn Register,anna keefer tylynn register,14096,Anna Keefer & Tylynn Register,,,,,,,,,,,,,,,,,,,,,,
Anna Scheer,anna scheer,17440,Anna Scheer,,,,,,,,,,,,,,,,,,,,,,
Anthony Adonis,anthony adonis,146654,Anthony Adonis,,,,,,,,,,,,,,,,,,,,,,
Anthony Alanis,anthony alanis,61444,Anthony Alanis,,,,,,,,,,,,,,,,,,,,,,
Anthony Bennett,anthony bennett,83374,Anthony Bennett,,,,,,,,,,,,,,,,,,,,,,
Anthony Bowens & Jonathan Ortagun,anthony bowens jonathan ortagun,28278,Anthony Bowens & Jonathan Ortagun,,,,,,,,,,,,,,,,,,,,,,
Anthony Dominguez & Wilmer Freyday,anthony dominguez wilmer freyday,26862,Anthony Dominguez & Wilmer Freyday,,,,,,,,,,,,,,,,,,,,,,
Anthony Greene,anthony greene,18052,Anthony Greene,,,,,,,,,,,,,,,,,,,,,,
Anthony Howard & Ricky Nelson,anthony howard ricky nelson,161538,Anthony Howard & Ricky Nelson,,,,,,,,,,,,,,,,,,,,,,
Anthony Luke & Harlem Lewis & Jax Presley,anthony luke harlem lewis jax presley,11044,Anthony Luke & Harlem Lewis & Jax Presley,,,,,,,,,,,,,,,,,,,,,,
Anthony Luke & Joshua Black,anthony luke joshua black,13032,Anthony Luke & Joshua Black,,,,,,,,,,,,,,,,,,,,,,
Anthony Luke & Troy Yearwood,anthony luke troy yearwood,11748,Anthony Luke & Troy Yearwood,,,,,,,,,,,,,,,,,,,,,,
Anthony Sabatelli,anthony sabatelli,31566,Anthony Sabatelli,,,,,,,,,,,,,,,,,,,,,,
Anthony Wayne & Corey Storm,anthony wayne corey storm,70860,Anthony Wayne & Corey Storm,,,,,,,,,,,,,,,,,,,,,,
Antifaz del Norte,antifaz del norte,3494,Antifaz del Norte,,,,,,,,,,,,,,,,,,,,,,
Antione Frazier,antione frazier,13080,Antione Frazier,,,,,,,,,,,,,,,,,,,,,,
Antoni Polaski,antoni polaski,119567,Antoni Polaski,,,,,,,,,,,,,,,,,,,,,,
Antonio & Carlito & Chris Masters & Edge & Eugene & Gene Snitsky & Kerwin White & Lance Cade & Rob Conway & Romeo & Rosey & Shelton Benjamin & Tajiri & Trevor Murdoch & Tyson Tomko & Val Venis & Viscera,antonio carlito chris masters edge eugene gene snitsky kerwin white lance cade rob conway romeo rosey shelton benjamin tajiri trevor murdoch tyson tomko val venis viscera,124000,Antonio & Carlito & Chris Masters & Edge & Eugene & Gene Snitsky & Kerwin White & Lance Cade & Rob Conway & Romeo & Rosey & Shelton Benjamin & Tajiri & Trevor Murdoch & Tyson Tomko & Val Venis & Viscera,,,,,,,,,,,,,,,,,,,,,,
Antonio & Maven & Romeo,antonio maven romeo,124900,Antonio & Maven & Romeo,,,,,,,,,,,,,,,,,,,,,,
Antonio & Pocket Rocket,antonio pocket rocket,124604,Antonio & Pocket Rocket,,,,,,,,,,,,,,,,,,,,,,
Antonio & Romeo,antonio romeo,123193,Antonio & Romeo,,,,,,,,,,,,,,,,,,,,,,
Antonio Banks,antonio banks,124354,Antonio Banks,,,,,,,,,,,,,,,,,,,,,,
Antonio Cesaro & Big E. Langston & Brad Maddox & Bray Wyatt & Brodus Clay & Damien Sandow & Darren Young & Dean Ambrose & Dolph Ziggler & Drew McIntyre & Erick Rowan & Fandango & Jack Swagger & Jey Uso & Jimmy Uso & Justin Gabriel & Kofi Kingston & Luke Harper & R-Truth & Ricardo Rodriguez & Roman Reigns & Santino Marella & Seth Rollins & Tensai & The Big Show & The Great Khali & The Miz & Titus O'Neil & Zack Ryder,antonio cesaro big e langston brad maddox bray wyatt brodus clay damien sandow darren young dean ambrose dolph ziggler drew mcintyre erick rowan fandango jack swagger jey uso jimmy uso justin gabriel kofi kingston luke harper r truth ricardo rodriguez roman reigns santino marella seth rollins tensai the big show the great khali the miz titus o neil zack ryder,97704,Antonio Cesaro & Big E. Langston & Brad Maddox & Bray Wyatt & Brodus Clay & Damien Sandow & Darren Young & Dean Ambrose & Dolph Ziggler & Drew McIntyre & Erick Rowan & Fandango & Jack Swagger & Jey Uso & Jimmy Uso & Justin Gabriel & Kofi Kingston & Luke Harper & R-Truth & Ricardo Rodriguez & Roman Reigns & Santino Marella & Seth Rollins & Tensai & The Big Show & The Great Khali & The Miz & Titus O'Neil & Zack Ryder,,,,,,,,,,,,,,,,,,,,,,
Antonio Cesaro & Bo Dallas & Brodus Clay & Chris Jericho & Cody Rhodes & Damien Sandow & Daniel Bryan & Darren Young & David Otunga & Dolph Ziggler & Drew McIntyre & Goldust & Heath Slater & Jinder Mahal & Kane & Kofi Kingston & Randy Orton & Rey Mysterio & Ryback & Santino Marella & Sheamus & Sin Cara & Tensai & The Godfather & The Great Khali & The Miz & Titus O'Neil & Wade Barrett & Zack Ryder,antonio cesaro bo dallas brodus clay chris jericho cody rhodes damien sandow daniel bryan darren young david otunga dolph ziggler drew mcintyre goldust heath slater jinder mahal kane kofi kingston randy orton rey mysterio ryback santino marella sheamus sin cara tensai the godfather the great khali the miz titus o neil wade barrett zack ryder,101300,Antonio Cesaro & Bo Dallas & Brodus Clay & Chris Jericho & Cody Rhodes & Damien Sandow & Daniel Bryan & Darren Young & David Otunga & Dolph Ziggler & Drew McIntyre & Goldust & Heath Slater & Jinder Mahal & Kane & Kofi Kingston & Randy Orton & Rey Mysterio & Ryback & Santino Marella & Sheamus & Sin Cara & Tensai & The Godfather & The Great Khali & The Miz & Titus O'Neil & Wade Barrett & Zack Ryder,,,,,,,,,,,,,,,,,,,,,,
Antonio Cesaro & Brodus Clay & Darren Young & Drew McIntyre & Fandango & Heath Slater & Jack Swagger & Jey Uso & Jimmy Uso & Jinder Mahal & Justin Gabriel & Kofi Kingston & Mark Henry & R-Truth & Ryback & Sweet T. & The Great Khali & Titus O'Neil & Wade Barrett,antonio cesaro brodus clay darren young drew mcintyre fandango heath slater jack swagger jey uso jimmy uso jinder mahal justin gabriel kofi kingston mark henry r truth ryback sweet t the great khali titus o neil wade barrett,98404,Antonio Cesaro & Brodus Clay & Darren Young & Drew McIntyre & Fandango & Heath Slater & Jack Swagger & Jey Uso & Jimmy Uso & Jinder Mahal & Justin Gabriel & Kofi Kingston & Mark Henry & R-Truth & Ryback & Sweet T. & The Great Khali & Titus O'Neil & Wade Barrett,,,,,,,,,,,,,,,,,,,,,,
Antonio Cesaro & Daniel Bryan & Drew McIntyre & Heath Slater & Jinder Mahal & Kane & Kofi Kingston & R-Truth & The Miz,antonio cesaro daniel bryan drew mcintyre heath slater jinder mahal kane kofi kingston r truth the miz,100362,Antonio Cesaro & Daniel Bryan & Drew McIntyre & Heath Slater & Jinder Mahal & Kane & Kofi Kingston & R-Truth & The Miz,,,,,,,,,,,,,,,,,,,,,,
Antonio Chapotlin,antonio chapotlin,170390,Antonio Chapotlin,,,,,,,,,,,,,,,,,,,,,,
Antonio De Luca,antonio de luca,18116,Antonio De Luca,,,,,,,,,,,,,,,,,,,,,,
Antonio Inoki,antonio inoki,51927,Antonio Inoki,,,,,,,,,,,,,,,,,,,,,,
Antonio Pugliese,antonio pugliese,135654,Antonio Pugliese,,,,,,,,,,,,,,,,,,,,,,
Antonio Thomas & Romeo Roselli,antonio thomas romeo roselli,125738,Antonio Thomas & Romeo Roselli,,,,,,,,,,,,,,,,,,,,,,
Anya,anya,36172,Anya,,,,,,,,,,,,,,,,,,,,,,
Aoife Valkyrie,aoife valkyrie,18759,Aoife Valkyrie,,,,,,,,,,,,,,,,,,,,,,
Apollo Crews,apollo crews,15218,Apollo Crews,,,,,,,,,,,,,,,,,,,,,,
Apollo Crews & Babatunde & Baron Corbin & Big Cass & Big E & Bo Dallas & Bobby Lashley & Bobby Roode & Chad Gable & Chris Jericho & Curt Hawkins & Curtis Axel & Dan Matha & Daniel Bryan & Dash Wilder & Dolph Ziggler & Drew Gulak & Elias & Fandango & Goldust & Heath Slater & Hiroki Sumi & Hornswoggle & Karl Anderson & Kevin Owens & Kofi Kingston & Konnor & Kurt Angle & Luke Gallows & Mark Henry & Mike Kanellis & Mojo Rawley & Primo & Randy Orton & Rey Mysterio & Rhyno & Roderick Strong & Scott Dawson & Shane McMahon & Shelton Benjamin & Sin Cara (II) & The Great Khali & Titus O'Neil & Tony Nese & Tucker Knight & Tye Dillinger & Tyler Breeze & Viktor & Xavier Woods,apollo crews babatunde baron corbin big cass big e bo dallas bobby lashley bobby roode chad gable chris jericho curt hawkins curtis axel dan matha daniel bryan dash wilder dolph ziggler drew gulak elias fandango goldust heath slater hiroki sumi hornswoggle karl anderson kevin owens kofi kingston konnor kurt angle luke gallows mark henry mike kanellis mojo rawley primo randy orton rey mysterio rhyno roderick strong scott dawson shane mcmahon shelton benjamin sin cara ii the great khali titus o neil tony nese tucker knight tye dillinger tyler breeze viktor xavier woods,75162,Apollo Crews & Babatunde & Baron Corbin & Big Cass & Big E & Bo Dallas & Bobby Lashley & Bobby Roode & Chad Gable & Chris Jericho & Curt Hawkins & Curtis Axel & Dan Matha & Daniel Bryan & Dash Wilder & Dolph Ziggler & Drew Gulak & Elias & Fandango & Goldust & Heath Slater & Hiroki Sumi & Hornswoggle & Karl Anderson & Kevin Owens & Kofi Kingston & Konnor & Kurt Angle & Luke Gallows & Mark Henry & Mike Kanellis & Mojo Rawley & Primo & Randy Orton & Rey Mysterio & Rhyno & Roderick Strong & Scott Dawson & Shane McMahon & Shelton Benjamin & Sin Cara (II) & The Great Khali & Titus O'Neil & Tony Nese & Tucker Knight & Tye Dillinger & Tyler Breeze & Viktor & Xavier Woods,,,,,,,,,,,,,,,,,,,,,,
Apollo Crews & Baron Corbin & Big Cass & Big E & Braun Strowman & Bray Wyatt & Brock Lesnar & Cesaro & Chris Jericho & Dean Ambrose & Dolph Ziggler & Enzo Amore & Goldberg & Jack Gallagher & James Ellsworth & Kalisto & Kofi Kingston & Luke Harper & Mark Henry & Mojo Rawley & Roman Reigns & Rusev & Sami Zayn & Sheamus & The Big Show & The Miz & The Undertaker & Tye Dillinger & Xavier Woods,apollo crews baron corbin big cass big e braun strowman bray wyatt brock lesnar cesaro chris jericho dean ambrose dolph ziggler enzo amore goldberg jack gallagher james ellsworth kalisto kofi kingston luke harper mark henry mojo rawley roman reigns rusev sami zayn sheamus the big show the miz the undertaker tye dillinger xavier woods,80040,Apollo Crews & Baron Corbin & Big Cass & Big E & Braun Strowman & Bray Wyatt & Brock Lesnar & Cesaro & Chris Jericho & Dean Ambrose & Dolph Ziggler & Enzo Amore & Goldberg & Jack Gallagher & James Ellsworth & Kalisto & Kofi Kingston & Luke Harper & Mark Henry & Mojo Rawley & Roman Reigns & Rusev & Sami Zayn & Sheamus & The Big Show & The Miz & The Undertaker & Tye Dillinger & Xavier Woods,,,,,,,,,,,,,,,,,,,,,,
Apollo Crews & Baron Corbin & Dean Ambrose & Dolph Ziggler & John Cena & Kalisto & Mojo Rawley & The Miz,apollo crews baron corbin dean ambrose dolph ziggler john cena kalisto mojo rawley the miz,79652,Apollo Crews & Baron Corbin & Dean Ambrose & Dolph Ziggler & John Cena & Kalisto & Mojo Rawley & The Miz,,,,,,,,,,,,,,,,,,,,,,
Apollo Crews & Big Cass & Bo Dallas & Braun Stowman & Bubba Ray Dudley & Cesaro & D-Von Dudley & Enzo Amore & Erick Rowan & Fandango & Goldust & Kane & R-Truth & Tyler Breeze & Unknown Male Wrestler,apollo crews big cass bo dallas braun stowman bubba ray dudley cesaro d von dudley enzo amore erick rowan fandango goldust kane r truth tyler breeze unknown male wrestler,83206,Apollo Crews & Big Cass & Bo Dallas & Braun Stowman & Bubba Ray Dudley & Cesaro & D-Von Dudley & Enzo Amore & Erick Rowan & Fandango & Goldust & Kane & R-Truth & Tyler Breeze & Unknown Male Wrestler,,,,,,,,,,,,,,,,,,,,,,
Apollo Crews & Bo Dallas & Curtis Axel & Dean Ambrose & Elias & Goldust & Heath Slater & R-Truth & Rhyno & Titus O'Neil,apollo crews bo dallas curtis axel dean ambrose elias goldust heath slater r truth rhyno titus o neil,76630,Apollo Crews & Bo Dallas & Curtis Axel & Dean Ambrose & Elias & Goldust & Heath Slater & R-Truth & Rhyno & Titus O'Neil,,,,,,,,,,,,,,,,,,,,,,
Apollo Crews & Bryson Montana & Charlie Dempsey & Dabba-Kato & Damon Kemp & Dante Chen & Dijak & Drew Gulak & Edris Enofé & Hank Walker & Javier Bernal & Jinder Mahal & Malik Blade & Nathan Frazer & Odyssey Jones & Oro Mensah & Quincy Elliott & SCRYPTS & Xyon Quinn,apollo crews bryson montana charlie dempsey dabba kato damon kemp dante chen dijak drew gulak edris enofe hank walker javier bernal jinder mahal malik blade nathan frazer odyssey jones oro mensah quincy elliott scrypts xyon quinn,15342,Apollo Crews & Bryson Montana & Charlie Dempsey & Dabba-Kato & Damon Kemp & Dante Chen & Dijak & Drew Gulak & Edris Enofé & Hank Walker & Javier Bernal & Jinder Mahal & Malik Blade & Nathan Frazer & Odyssey Jones & Oro Mensah & Quincy Elliott & SCRYPTS & Xyon Quinn,,,,,,,,,,,,,,,,,,,,,,
Apollo Crews & Cesaro & Commander Azeez & Dolph Ziggler & Finn Bálor & Kevin Owens & King Nakamura & Rick Boogs & Robert Roode & Shane Thorne,apollo crews cesaro commander azeez dolph ziggler finn balor kevin owens king nakamura rick boogs robert roode shane thorne,67690,Apollo Crews & Cesaro & Commander Azeez & Dolph Ziggler & Finn Bálor & Kevin Owens & King Nakamura & Rick Boogs & Robert Roode & Shane Thorne,,,,,,,,,,,,,,,,,,,,,,
Apollo Crews & Dash Wilder & Dolph Ziggler & Drew McIntyre & Fandango & Heath Slater & Konnor & Rhyno & Scott Dawson & Titus O'Neil & Tyler Breeze & Viktor,apollo crews dash wilder dolph ziggler drew mcintyre fandango heath slater konnor rhyno scott dawson titus o neil tyler breeze viktor,74930,Apollo Crews & Dash Wilder & Dolph Ziggler & Drew McIntyre & Fandango & Heath Slater & Konnor & Rhyno & Scott Dawson & Titus O'Neil & Tyler Breeze & Viktor,,,,,,,,,,,,,,,,,,,,,,
Apollo Khan,apollo khan,130918,Apollo Khan,,,,,,,,,,,,,,,,,,,,,,
Apolo Dantes,apolo dantes,148192,Apolo Dantes,,,,,,,,,,,,,,,,,,,,,,
Arachnaman,arachnaman,53168,Arachnaman,,,,,,,,,,,,,,,,,,,,,,
Arch Kincaid,arch kincaid,104298,Arch Kincaid,,,,,,,,,,,,,,,,,,,,,,
Argentina Apollo,argentina apollo,135839,Argentina Apollo,,,,,,,,,,,,,,,,,,,,,,
Ari Cohen & Mike Testa,ari cohen mike testa,104376,Ari Cohen & Mike Testa,,,,,,,,,,,,,,,,,,,,,,
Ari Sterling,ari sterling,17594,Ari Sterling,,,,,,,,,,,,,,,,,,,,,,
Aria Bennett,aria bennett,56070,Aria Bennett,,,,,,,,,,,,,,,,,,,,,,
Arianna Grace,arianna grace,10324,Arianna Grace,,,,,,,,,,,,,,,,,,,,,,
Arianna Grace & Cassie Lee & Heather By Elegance & Izzi Dame & Jaida Parker & Jessie McKay & Jordynne Grace & Kali Armstrong & Karmen Petrovic & Kelani Jordan & Kendal Grey & Lash Legend & Lei Ying Lee & Lola Vice & Mara Sadé & Thea Hail & Victoria Crawford & Wren Sinclair & Xia Brookside & Zaria,arianna grace cassie lee heather by elegance izzi dame jaida parker jessie mckay jordynne grace kali armstrong karmen petrovic kelani jordan kendal grey lash legend lei ying lee lola vice mara sade thea hail victoria crawford wren sinclair xia brookside zaria,10794,Arianna Grace & Cassie Lee & Heather By Elegance & Izzi Dame & Jaida Parker & Jessie McKay & Jordynne Grace & Kali Armstrong & Karmen Petrovic & Kelani Jordan & Kendal Grey & Lash Legend & Lei Ying Lee & Lola Vice & Mara Sadé & Thea Hail & Victoria Crawford & Wren Sinclair & Xia Brookside & Zaria,,,,,,,,,,,,,,,,,,,,,,
Ariel & Kevin Thorn,ariel kevin thorn,120611,Ariel & Kevin Thorn,,,,,,,,,,,,,,,,,,,,,,
Ariel Dominguez,ariel dominguez,69676,Ariel Dominguez,,,,,,,,,,,,,,,,,,,,,,
Arman Hussian,arman hussian,135981,Arman Hussian,,,,,,,,,,,,,,,,,,,,,,
Armando Alejandro Estrada,armando alejandro estrada,120482,Armando Alejandro Estrada,,,,,,,,,,,,,,,,,,,,,,
Armando Estrada,armando estrada,116200,Armando Estrada,,,,,,,,,,,,,,,,,,,,,,
Armando Estrada & Curt Hawkins & Jimmy Wang Yang & Ryan Braddock & Scotty Goldman & Sho Funaki & Super Crazy & The Big Show & Vladimir Kozlov & Zack Ryder,armando estrada curt hawkins jimmy wang yang ryan braddock scotty goldman sho funaki super crazy the big show vladimir kozlov zack ryder,116136,Armando Estrada & Curt Hawkins & Jimmy Wang Yang & Ryan Braddock & Scotty Goldman & Sho Funaki & Super Crazy & The Big Show & Vladimir Kozlov & Zack Ryder,,,,,,,,,,,,,,,,,,,,,,
Armando Fernandez,armando fernandez,149479,Armando Fernandez,,,,,,,,,,,,,,,,,,,,,,
Arn Anderson,arn anderson,38569,Arn Anderson,,,,,,,,,,,,,,,,,,,,,,
Arn Anderson & Kevin Sullivan & Lex Luger & Meng & Ric Flair & The Barbarian & The Ultimate Solution & Z-Gangsta,arn anderson kevin sullivan lex luger meng ric flair the barbarian the ultimate solution z gangsta,50966,Arn Anderson & Kevin Sullivan & Lex Luger & Meng & Ric Flair & The Barbarian & The Ultimate Solution & Z-Gangsta,,,,,,,,,,,,,,,,,,,,,,
Arnold Skaaland,arnold skaaland,134123,Arnold Skaaland,,,,,,,,,,,,,,,,,,,,,,
Art Penna & Nick Ferrari,art penna nick ferrari,169936,Art Penna & Nick Ferrari,,,,,,,,,,,,,,,,,,,,,,
Art Thomas,art thomas,136906,Art Thomas,,,,,,,,,,,,,,,,,,,,,,
Arthur Rosenberg & Stan Stansky,arthur rosenberg stan stansky,104520,Arthur Rosenberg & Stan Stansky,,,,,,,,,,,,,,,,,,,,,,
Arthur Washington,arthur washington,172202,Arthur Washington,,,,,,,,,,,,,,,,,,,,,,
Arturo Ruas,arturo ruas,18000,Arturo Ruas,,,,,,,,,,,,,,,,,,,,,,
Ash By Elegance,ash by elegance,11023,Ash By Elegance,,,,,,,,,,,,,,,,,,,,,,
"Ashante ""Thee"" Adonis",ashante thee adonis,11300,"Ashante ""Thee"" Adonis",,,,,,,,,,,,,,,,,,,,,,
"Ashante ""Thee"" Adonis & Brad Baylor & Brooks Jensen & Charlie Dempsey & Chris Island & Elijah & Ethan Page & Je'Von Evans & Josh Briggs & Lexis King & Niko Vance & Ricky Smokes & Ridge Holland & Sean Legacy & Shawn Spears & Shiloh Hill & Tavion Heights & Timothy Thatcher & Trick Williams & Tyriek Igwe & Tyson Dupont & Wes Lee & Yoshiki Inamura & Zachary Wentz",ashante thee adonis brad baylor brooks jensen charlie dempsey chris island elijah ethan page je von evans josh briggs lexis king niko vance ricky smokes ridge holland sean legacy shawn spears shiloh hill tavion heights timothy thatcher trick williams tyriek igwe tyson dupont wes lee yoshiki inamura zachary wentz,11504,"Ashante ""Thee"" Adonis & Brad Baylor & Brooks Jensen & Charlie Dempsey & Chris Island & Elijah & Ethan Page & Je'Von Evans & Josh Briggs & Lexis King & Niko Vance & Ricky Smokes & Ridge Holland & Sean Legacy & Shawn Spears & Shiloh Hill & Tavion Heights & Timothy Thatcher & Trick Williams & Tyriek Igwe & Tyson Dupont & Wes Lee & Yoshiki Inamura & Zachary Wentz",,,,,,,,,,,,,,,,,,,,,,
Asher Hale,asher hale,17592,Asher Hale,,,,,,,,,,,,,,,,,,,,,,
Ashley Hudson & Kory Williams,ashley hudson kory williams,38396,Ashley Hudson & Kory Williams,,,,,,,,,,,,,,,,,,,,,,
Ashley Massaro,ashley massaro,117865,Ashley Massaro,,,,,,,,,,,,,,,,,,,,,,
Ashley Massaro & Candice Michelle & Jillian Hall & Kelly Kelly & Kristal Marshall & Maria Kanellis & Mickie James & Torrie Wilson & Victoria,ashley massaro candice michelle jillian hall kelly kelly kristal marshall maria kanellis mickie james torrie wilson victoria,121646,Ashley Massaro & Candice Michelle & Jillian Hall & Kelly Kelly & Kristal Marshall & Maria Kanellis & Mickie James & Torrie Wilson & Victoria,,,,,,,,,,,,,,,,,,,,,,
Ashley Rayne,ashley rayne,74432,Ashley Rayne,,,,,,,,,,,,,,,,,,,,,,
Ashton Smith & Dave Mastiff,ashton smith dave mastiff,23477,Ashton Smith & Dave Mastiff,,,,,,,,,,,,,,,,,,,,,,
Asuka & B-FAB & Bayley & Becky Lynch & Candice LeRae & Chelsea Green & Dakota Kai & Dana Brooke & Emma & Indi Hartwell & Iyo Sky & Lacey Evans & Liv Morgan & Mia Yim & Michelle McCool & Natalya & Nia Jax & Nikki Cross & Piper Niven & Raquel Rodriguez & Roxanne Perez & Shayna Baszler & Shotzi & Sonya Deville & Tamina & Tegan Nox & Xia Li & Zelina Vega & Zoey Stark,asuka b fab bayley becky lynch candice lerae chelsea green dakota kai dana brooke emma indi hartwell iyo sky lacey evans liv morgan mia yim michelle mccool natalya nia jax nikki cross piper niven raquel rodriguez roxanne perez shayna baszler shotzi sonya deville tamina tegan nox xia li zelina vega zoey stark,62262,Asuka & B-FAB & Bayley & Becky Lynch & Candice LeRae & Chelsea Green & Dakota Kai & Dana Brooke & Emma & Indi Hartwell & Iyo Sky & Lacey Evans & Liv Morgan & Mia Yim & Michelle McCool & Natalya & Nia Jax & Nikki Cross & Piper Niven & Raquel Rodriguez & Roxanne Perez & Shayna Baszler & Shotzi & Sonya Deville & Tamina & Tegan Nox & Xia Li & Zelina Vega & Zoey Stark,,,,,,,,,,,,,,,,,,,,,,
Asuka & Bayley,asuka bayley,30901,Asuka & Bayley,,,,,,,,,,,,,,,,,,,,,,
Asuka & Bianca BelAir,asuka bianca belair,61471,Asuka & Bianca BelAir,,,,,,,,,,,,,,,,,,,,,,
Asuka & Candice LeRae & Dana Brooke & Ember Moon & Kairi Sane & Lana & Liv Morgan & Mandy Rose & Maria Kanellis & Mickie James & Naomi & Nikki Cross & Ruby Riott & Sarah Logan & Sonya Deville & Zelina Vega,asuka candice lerae dana brooke ember moon kairi sane lana liv morgan mandy rose maria kanellis mickie james naomi nikki cross ruby riott sarah logan sonya deville zelina vega,72844,Asuka & Candice LeRae & Dana Brooke & Ember Moon & Kairi Sane & Lana & Liv Morgan & Mandy Rose & Maria Kanellis & Mickie James & Naomi & Nikki Cross & Ruby Riott & Sarah Logan & Sonya Deville & Zelina Vega,,,,,,,,,,,,,,,,,,,,,,
Asuka & Carmella,asuka carmella,29767,Asuka & Carmella,,,,,,,,,,,,,,,,,,,,,,
Asuka & Heidi Lovelace,asuka heidi lovelace,27623,Asuka & Heidi Lovelace,,,,,,,,,,,,,,,,,,,,,,
Asuka & Kairi Sane,asuka kairi sane,13473,Asuka & Kairi Sane,,,,,,,,,,,,,,,,,,,,,,
Asuka & Liv Morgan,asuka liv morgan,27653,Asuka & Liv Morgan,,,,,,,,,,,,,,,,,,,,,,
Asuka & Peyton Royce,asuka peyton royce,30477,Asuka & Peyton Royce,,,,,,,,,,,,,,,,,,,,,,
Asuka & Ruby Riot,asuka ruby riot,26641,Asuka & Ruby Riot,,,,,,,,,,,,,,,,,,,,,,
Asya,asya,39834,Asya,,,,,,,,,,,,,,,,,,,,,,
Asya & Bam Bam Bigelow & Big Ron & Big T. & Big Vito & Billy Kidman & Brian Adams & Bryan Clark & Buff Bagwell & Cassius & Chavo Guerrero Jr. & Chris Candido & Curt Hennig & Diamond Dallas Page & Disco Inferno & Ernest Miller & Heavy D & Horace Hogan & Hugh Morrus & Hulk Hogan & Jeff Jarrett & Jim Duggan & Johnny The Bull & Juventud Guerrera & Kanyon & Konnan & Lex Luger & Madusa & Mike Awesome & Mona & Norman Smiley & Randy Savage & Rey Mysterio Jr. & Scott Steiner & Shane Douglas & Shawn Stasiak & Stevie Ray & Sting & Tank Abbott & The Wall & Vampiro & Van Hammer,asya bam bam bigelow big ron big t big vito billy kidman brian adams bryan clark buff bagwell cassius chavo guerrero jr chris candido curt hennig diamond dallas page disco inferno ernest miller heavy d horace hogan hugh morrus hulk hogan jeff jarrett jim duggan johnny the bull juventud guerrera kanyon konnan lex luger madusa mike awesome mona norman smiley randy savage rey mysterio jr scott steiner shane douglas shawn stasiak stevie ray sting tank abbott the wall vampiro van hammer,38622,Asya & Bam Bam Bigelow & Big Ron & Big T. & Big Vito & Billy Kidman & Brian Adams & Bryan Clark & Buff Bagwell & Cassius & Chavo Guerrero Jr. & Chris Candido & Curt Hennig & Diamond Dallas Page & Disco Inferno & Ernest Miller & Heavy D & Horace Hogan & Hugh Morrus & Hulk Hogan & Jeff Jarrett & Jim Duggan & Johnny The Bull & Juventud Guerrera & Kanyon & Konnan & Lex Luger & Madusa & Mike Awesome & Mona & Norman Smiley & Randy Savage & Rey Mysterio Jr. & Scott Steiner & Shane Douglas & Shawn Stasiak & Stevie Ray & Sting & Tank Abbott & The Wall & Vampiro & Van Hammer,,,,,,,,,,,,,,,,,,,,,,
Atlas DaBone,atlas dabone,117875,Atlas DaBone,,,,,,,,,,,,,,,,,,,,,,
Atlas Ortiz,atlas ortiz,116443,Atlas Ortiz,,,,,,,,,,,,,,,,,,,,,,
Audrey & Mercedes,audrey mercedes,36233,Audrey & Mercedes,,,,,,,,,,,,,,,,,,,,,,
Audrey Marie,audrey marie,35516,Audrey Marie,,,,,,,,,,,,,,,,,,,,,,
August Grey,august grey,17788,August Grey,,,,,,,,,,,,,,,,,,,,,,
August Smisl,august smisl,151640,August Smisl,,,,,,,,,,,,,,,,,,,,,,
Austin Aries,austin aries,27431,Austin Aries,,,,,,,,,,,,,,,,,,,,,,
Austin Crane,austin crane,66940,Austin Crane,,,,,,,,,,,,,,,,,,,,,,
Austin Steele,austin steele,158826,Austin Steele,,,,,,,,,,,,,,,,,,,,,,
Austin Theory,austin theory,17560,Austin Theory,,,,,,,,,,,,,,,,,,,,,,
Avalanche,avalanche,51692,Avalanche,,,,,,,,,,,,,,,,,,,,,,
Avatar,avatar,155350,Avatar,,,,,,,,,,,,,,,,,,,,,,
Avery Taylor,avery taylor,69456,Avery Taylor,,,,,,,,,,,,,,,,,,,,,,
Awesome Kong,awesome kong,52316,Awesome Kong,,,,,,,,,,,,,,,,,,,,,,
Ax & Billy Jack Haynes & Boris Zhukov & Butch Reed & Danny Davis & Davey Boy Smith & Dino Bravo & Don Muraco & Dynamite Kid & Ernie Ladd & George Steele & Hercules & Hillbilly Jim & Jacques Rougeau & Junkyard Dog & Ken Patera & Lanny Poffo & Nikolai Volkoff & One Man Gang & Outback Jack & Raymond Rougeau & Ron Bass & Sam Houston & Sika & Smash & The Ultimate Warrior,ax billy jack haynes boris zhukov butch reed danny davis davey boy smith dino bravo don muraco dynamite kid ernie ladd george steele hercules hillbilly jim jacques rougeau junkyard dog ken patera lanny poffo nikolai volkoff one man gang outback jack raymond rougeau ron bass sam houston sika smash the ultimate warrior,171640,Ax & Billy Jack Haynes & Boris Zhukov & Butch Reed & Danny Davis & Davey Boy Smith & Dino Bravo & Don Muraco & Dynamite Kid & Ernie Ladd & George Steele & Hercules & Hillbilly Jim & Jacques Rougeau & Junkyard Dog & Ken Patera & Lanny Poffo & Nikolai Volkoff & One Man Gang & Outback Jack & Raymond Rougeau & Ron Bass & Sam Houston & Sika & Smash & The Ultimate Warrior,,,,,,,,,,,,,,,,,,,,,,
Ax & Billy Jack Haynes & Brutus Beefcake & Danny Spivey & Dino Bravo & Don Muraco & Greg Valentine & Harley Race & Hercules & Ivan Putski & Jerry Allen & Junkyard Dog & Ken Patera & Killer Khan & Randy Savage & Ricky Steamboat & Ron Bass & Smash & Ted DiBiase,ax billy jack haynes brutus beefcake danny spivey dino bravo don muraco greg valentine harley race hercules ivan putski jerry allen junkyard dog ken patera killer khan randy savage ricky steamboat ron bass smash ted dibiase,171930,Ax & Billy Jack Haynes & Brutus Beefcake & Danny Spivey & Dino Bravo & Don Muraco & Greg Valentine & Harley Race & Hercules & Ivan Putski & Jerry Allen & Junkyard Dog & Ken Patera & Killer Khan & Randy Savage & Ricky Steamboat & Ron Bass & Smash & Ted DiBiase,,,,,,,,,,,,,,,,,,,,,,
Ax & Crush,ax crush,166957,Ax & Crush,,,,,,,,,,,,,,,,,,,,,,
Ax & Smash,ax smash,166920,Ax & Smash,,,,,,,,,,,,,,,,,,,,,,
Axel Dieter Jr.,axel dieter jr,26202,Axel Dieter Jr.,,,,,,,,,,,,,,,,,,,,,,
Axel Tischer,axel tischer,31262,Axel Tischer,,,,,,,,,,,,,,,,,,,,,,
Axiom,axiom,10662,Axiom,,,,,,,,,,,,,,,,,,,,,,
Axl Keegan,axl keegan,35511,Axl Keegan,,,,,,,,,,,,,,,,,,,,,,
Axl Rotten & Balls Mahoney,axl rotten balls mahoney,1703,Axl Rotten & Balls Mahoney,,,,,,,,,,,,,,,,,,,,,,
Axl Rotten & Bill Wiles & Bobby Duncum & Hollywood Nova & J. C. Ice & Jimmy Shoulders & Jr. & Mikey Whipwreck & Pitbull #1 & Pitbull #2 & Spike Dudley & Tommy Rich & Tracy Smothers & Unknown Participants & Wolfie D.,axl rotten bill wiles bobby duncum hollywood nova j c ice jimmy shoulders jr mikey whipwreck pitbull 1 pitbull 2 spike dudley tommy rich tracy smothers unknown participants wolfie d,6218,Axl Rotten & Bill Wiles & Bobby Duncum & Hollywood Nova & J. C. Ice & Jimmy Shoulders & Jr. & Mikey Whipwreck & Pitbull #1 & Pitbull #2 & Spike Dudley & Tommy Rich & Tracy Smothers & Unknown Participants & Wolfie D.,,,,,,,,,,,,,,,,,,,,,,
Axl Rotten & D-Von Dudley,axl rotten d von dudley,6880,Axl Rotten & D-Von Dudley,,,,,,,,,,,,,,,,,,,,,,
Axl Rotten & Hack Myers,axl rotten hack myers,7696,Axl Rotten & Hack Myers,,,,,,,,,,,,,,,,,,,,,,
Axl Rotten & Ian Rotten,axl rotten ian rotten,8211,Axl Rotten & Ian Rotten,,,,,,,,,,,,,,,,,,,,,,
Ayesha Raymond,ayesha raymond,77438,Ayesha Raymond,,,,,,,,,,,,,,,,,,,,,,
B-2,b 2,131562,B-2,,,,,,,,,,,,,,,,,,,,,,
B-FAB,b fab,17418,B-FAB,,,,,,,,,,,,,,,,,,,,,,
B. A. & Big Chase & Swoll,b a big chase swoll,41779,B. A. & Big Chase & Swoll,,,,,,,,,,,,,,,,,,,,,,
B. A. & Rey Mysterio Jr.,b a rey mysterio jr,41703,B. A. & Rey Mysterio Jr.,,,,,,,,,,,,,,,,,,,,,,
B. A. & Swoll,b a swoll,41327,B. A. & Swoll,,,,,,,,,,,,,,,,,,,,,,
B. A. Dalton,b a dalton,163888,B. A. Dalton,,,,,,,,,,,,,,,,,,,,,,
B. Brian Blair,b brian blair,170228,B. Brian Blair,,,,,,,,,,,,,,,,,,,,,,
B. Brian Blair & Big John Studd & Big Machine & Bret Hart & Brutus Beefcake & Chief Jay Strongbow & Davey Boy Smith & Dynamite Kid & Greg Valentine & Jacques Rougeau & Jim Brunzell & Jim Neidhart & King Kong Bundy & Mike Rotundo & Moondog Rex & Moondog Spot & Nikolai Volkoff & Raymond Rougeau & Special Delivery Jones & Steve Gatorwolf & Super Machine & The Iron Sheik,b brian blair big john studd big machine bret hart brutus beefcake chief jay strongbow davey boy smith dynamite kid greg valentine jacques rougeau jim brunzell jim neidhart king kong bundy mike rotundo moondog rex moondog spot nikolai volkoff raymond rougeau special delivery jones steve gatorwolf super machine the iron sheik,173850,B. Brian Blair & Big John Studd & Big Machine & Bret Hart & Brutus Beefcake & Chief Jay Strongbow & Davey Boy Smith & Dynamite Kid & Greg Valentine & Jacques Rougeau & Jim Brunzell & Jim Neidhart & King Kong Bundy & Mike Rotundo & Moondog Rex & Moondog Spot & Nikolai Volkoff & Raymond Rougeau & Special Delivery Jones & Steve Gatorwolf & Super Machine & The Iron Sheik,,,,,,,,,,,,,,,,,,,,,,
B. Brian Blair & Big John Studd & Bill Fralic & Bret Hart & Bruno Sammartino & Danny Spivey & Ernie Holmes & Harvey Martin & Hillbilly Jim & Jim Brunzell & Jim Neidhart & Jimbo Covert & King Tonga & Pedro Morales & Russ Francis & Ted Arcidi & The Iron Sheik & Tony Atlas & William Perry,b brian blair big john studd bill fralic bret hart bruno sammartino danny spivey ernie holmes harvey martin hillbilly jim jim brunzell jim neidhart jimbo covert king tonga pedro morales russ francis ted arcidi the iron sheik tony atlas william perry,174340,B. Brian Blair & Big John Studd & Bill Fralic & Bret Hart & Bruno Sammartino & Danny Spivey & Ernie Holmes & Harvey Martin & Hillbilly Jim & Jim Brunzell & Jim Neidhart & Jimbo Covert & King Tonga & Pedro Morales & Russ Francis & Ted Arcidi & The Iron Sheik & Tony Atlas & William Perry,,,,,,,,,,,,,,,,,,,,,,
B. Brian Blair & Boris Zhukov & Bret Hart & Butch Reed & Danny Davis & Dino Bravo & Don Muraco & Harley Race & Hillbilly Jim & Jake Roberts & Jim Brunzell & Jim Neidhart & Junkyard Dog & Nikolai Volkoff & One Man Gang & Ron Bass & Sam Houston & The Ultimate Warrior & Tito Santana,b brian blair boris zhukov bret hart butch reed danny davis dino bravo don muraco harley race hillbilly jim jake roberts jim brunzell jim neidhart junkyard dog nikolai volkoff one man gang ron bass sam houston the ultimate warrior tito santana,171536,B. Brian Blair & Boris Zhukov & Bret Hart & Butch Reed & Danny Davis & Dino Bravo & Don Muraco & Harley Race & Hillbilly Jim & Jake Roberts & Jim Brunzell & Jim Neidhart & Junkyard Dog & Nikolai Volkoff & One Man Gang & Ron Bass & Sam Houston & The Ultimate Warrior & Tito Santana,,,,,,,,,,,,,,,,,,,,,,
B. Brian Blair & Boris Zhukov & Bret Hart & Danny Davis & George Steele & Harley Race & Hillbilly Jim & Jacques Rougeau & Jim Brunzell & Jim Neidhart & Jim Powers & Junkyard Dog & Ken Patera & Nikolai Volkoff & Paul Roma & Raymond Rougeau & Ron Bass & Sam Houston & Sika,b brian blair boris zhukov bret hart danny davis george steele harley race hillbilly jim jacques rougeau jim brunzell jim neidhart jim powers junkyard dog ken patera nikolai volkoff paul roma raymond rougeau ron bass sam houston sika,171116,B. Brian Blair & Boris Zhukov & Bret Hart & Danny Davis & George Steele & Harley Race & Hillbilly Jim & Jacques Rougeau & Jim Brunzell & Jim Neidhart & Jim Powers & Junkyard Dog & Ken Patera & Nikolai Volkoff & Paul Roma & Raymond Rougeau & Ron Bass & Sam Houston & Sika,,,,,,,,,,,,,,,,,,,,,,
B. Brian Blair & Davey Boy Smith & Dynamite Kid & Jacques Rougeau & Jim Brunzell & Jim Powers & Paul Roma & Raymond Rougeau & Rick Martel & Tito Santana,b brian blair davey boy smith dynamite kid jacques rougeau jim brunzell jim powers paul roma raymond rougeau rick martel tito santana,171805,B. Brian Blair & Davey Boy Smith & Dynamite Kid & Jacques Rougeau & Jim Brunzell & Jim Powers & Paul Roma & Raymond Rougeau & Rick Martel & Tito Santana,,,,,,,,,,,,,,,,,,,,,,
B. J. Payne,b j payne,131020,B. J. Payne,,,,,,,,,,,,,,,,,,,,,,
BJ Ray,bj ray,11472,BJ Ray,,,,,,,,,,,,,,,,,,,,,,
Babatunde & Kacy Catanzaro,babatunde kacy catanzaro,18661,Babatunde & Kacy Catanzaro,,,,,,,,,,,,,,,,,,,,,,
Babatunde & Nick Ogarelli,babatunde nick ogarelli,18585,Babatunde & Nick Ogarelli,,,,,,,,,,,,,,,,,,,,,,
Babatunde Aiyegbusi,babatunde aiyegbusi,21290,Babatunde Aiyegbusi,,,,,,,,,,,,,,,,,,,,,,
Babu,babu,150418,Babu,,,,,,,,,,,,,,,,,,,,,,
Bad Bunny,bad bunny,61417,Bad Bunny,,,,,,,,,,,,,,,,,,,,,,
Bad Crew #1 & Bad Crew #2,bad crew 1 bad crew 2,8221,Bad Crew #1 & Bad Crew #2,,,,,,,,,,,,,,,,,,,,,,
Bad News Barrett,bad news barrett,88806,Bad News Barrett,,,,,,,,,,,,,,,,,,,,,,
Bad News Barrett & Big E & Bo Dallas & Curtis Axel & Damien Sandow & Diego & Dolph Ziggler & Fandango & Fernando & Jack Swagger & Kofi Kingston & Rob Van Dam & Rusev & Ryback & Santino Marella & Sin Cara (II) & Titus O'Neil & Xavier Woods,bad news barrett big e bo dallas curtis axel damien sandow diego dolph ziggler fandango fernando jack swagger kofi kingston rob van dam rusev ryback santino marella sin cara ii titus o neil xavier woods,93962,Bad News Barrett & Big E & Bo Dallas & Curtis Axel & Damien Sandow & Diego & Dolph Ziggler & Fandango & Fernando & Jack Swagger & Kofi Kingston & Rob Van Dam & Rusev & Ryback & Santino Marella & Sin Cara (II) & Titus O'Neil & Xavier Woods,,,,,,,,,,,,,,,,,,,,,,
Bad News Brown,bad news brown,166922,Bad News Brown,,,,,,,,,,,,,,,,,,,,,,
Badstreet,badstreet,53272,Badstreet,,,,,,,,,,,,,,,,,,,,,,
Balls Mahoney & Chilly Willy,balls mahoney chilly willy,48,Balls Mahoney & Chilly Willy,,,,,,,,,,,,,,,,,,,,,,
Balls Mahoney & Danny Doring & Roadkill,balls mahoney danny doring roadkill,315,Balls Mahoney & Danny Doring & Roadkill,,,,,,,,,,,,,,,,,,,,,,
Balls Mahoney & Hack Myers & Masato Tanaka,balls mahoney hack myers masato tanaka,4078,Balls Mahoney & Hack Myers & Masato Tanaka,,,,,,,,,,,,,,,,,,,,,,
Balls Mahoney & Kelly Kelly,balls mahoney kelly kelly,118059,Balls Mahoney & Kelly Kelly,,,,,,,,,,,,,,,,,,,,,,
Balls Mahoney & Masato Tanaka & Mikey Whipwreck,balls mahoney masato tanaka mikey whipwreck,839,Balls Mahoney & Masato Tanaka & Mikey Whipwreck,,,,,,,,,,,,,,,,,,,,,,
Balls Mahoney & Mikey Whipwreck,balls mahoney mikey whipwreck,659,Balls Mahoney & Mikey Whipwreck,,,,,,,,,,,,,,,,,,,,,,
Balls Mahoney & Pitbull #2,balls mahoney pitbull 2,6686,Balls Mahoney & Pitbull #2,,,,,,,,,,,,,,,,,,,,,,
Balls Mahoney & Roadkill,balls mahoney roadkill,2966,Balls Mahoney & Roadkill,,,,,,,,,,,,,,,,,,,,,,
Balls Mahoney & Tommy Dreamer,balls mahoney tommy dreamer,3758,Balls Mahoney & Tommy Dreamer,,,,,,,,,,,,,,,,,,,,,,
Bam Bam Bigelow,bam bam bigelow,4264,Bam Bam Bigelow,,,,,,,,,,,,,,,,,,,,,,
Bam Neely,bam neely,115676,Bam Neely,,,,,,,,,,,,,,,,,,,,,,
Bam Neely & CM Punk & Chavo Guerrero & Elijah Burke & John Morrison & Kane & Kofi Kingston & Matt Striker & Mike Knox & Nunzio & Shelton Benjamin & Stevie Richards & The Miz & Tommy Dreamer,bam neely cm punk chavo guerrero elijah burke john morrison kane kofi kingston matt striker mike knox nunzio shelton benjamin stevie richards the miz tommy dreamer,116937,Bam Neely & CM Punk & Chavo Guerrero & Elijah Burke & John Morrison & Kane & Kofi Kingston & Matt Striker & Mike Knox & Nunzio & Shelton Benjamin & Stevie Richards & The Miz & Tommy Dreamer,,,,,,,,,,,,,,,,,,,,,,
Bao Nguyen,bao nguyen,115178,Bao Nguyen,,,,,,,,,,,,,,,,,,,,,,
Barbara Owens,barbara owens,135568,Barbara Owens,,,,,,,,,,,,,,,,,,,,,,
Baron Corbin,baron corbin,13170,Baron Corbin,,,,,,,,,,,,,,,,,,,,,,
Baron Corbin & Big E & Bobby Lashley & Braun Strowman & Cesaro & Randy Orton & Rey Mysterio & Roman Reigns & Sami Zayn,baron corbin big e bobby lashley braun strowman cesaro randy orton rey mysterio roman reigns sami zayn,72148,Baron Corbin & Big E & Bobby Lashley & Braun Strowman & Cesaro & Randy Orton & Rey Mysterio & Roman Reigns & Sami Zayn,,,,,,,,,,,,,,,,,,,,,,
Baron Corbin & Blake & Bull Dempsey & Colin Cassady & Danny Burch & Dash Wilder & Elias Samson & Enzo Amore & Johnny Gargano & Mojo Rawley & Murphy & Rhyno & Riddick Moss & Samoa Joe & Scott Dawson & Solomon Crowe & Steve Cutler & Tommaso Ciampa & Tye Dillinger & Tyler Breeze & Zack Ryder,baron corbin blake bull dempsey colin cassady danny burch dash wilder elias samson enzo amore johnny gargano mojo rawley murphy rhyno riddick moss samoa joe scott dawson solomon crowe steve cutler tommaso ciampa tye dillinger tyler breeze zack ryder,31634,Baron Corbin & Blake & Bull Dempsey & Colin Cassady & Danny Burch & Dash Wilder & Elias Samson & Enzo Amore & Johnny Gargano & Mojo Rawley & Murphy & Rhyno & Riddick Moss & Samoa Joe & Scott Dawson & Solomon Crowe & Steve Cutler & Tommaso Ciampa & Tye Dillinger & Tyler Breeze & Zack Ryder,,,,,,,,,,,,,,,,,,,,,,
Baron Corbin & Bo Dallas & Curt Hawkins & Curtis Axel & Finn Bálor & Gran Metalik & Kalisto & Konnor & Lince Dorado & Mojo Rawley & No Way Jose & Titus O'Neil & Viktor & Zack Ryder,baron corbin bo dallas curt hawkins curtis axel finn balor gran metalik kalisto konnor lince dorado mojo rawley no way jose titus o neil viktor zack ryder,73458,Baron Corbin & Bo Dallas & Curt Hawkins & Curtis Axel & Finn Bálor & Gran Metalik & Kalisto & Konnor & Lince Dorado & Mojo Rawley & No Way Jose & Titus O'Neil & Viktor & Zack Ryder,,,,,,,,,,,,,,,,,,,,,,
Baron Corbin & Bobby Lashley & Bronson Reed & Damian Priest & Dexter Lumis & Dolph Ziggler & Dominik Mysterio & Drew McIntyre & Finn Bálor & Johnny Gargano & Karrion Kross & Kofi Kingston & L.A. Knight & Mustafa Ali & Omos & Otis & Rey Mysterio & Rick Boogs & Santos Escobar & Sheamus & The Miz & Xavier Woods,baron corbin bobby lashley bronson reed damian priest dexter lumis dolph ziggler dominik mysterio drew mcintyre finn balor johnny gargano karrion kross kofi kingston l a knight mustafa ali omos otis rey mysterio rick boogs santos escobar sheamus the miz xavier woods,61916,Baron Corbin & Bobby Lashley & Bronson Reed & Damian Priest & Dexter Lumis & Dolph Ziggler & Dominik Mysterio & Drew McIntyre & Finn Bálor & Johnny Gargano & Karrion Kross & Kofi Kingston & L.A. Knight & Mustafa Ali & Omos & Otis & Rey Mysterio & Rick Boogs & Santos Escobar & Sheamus & The Miz & Xavier Woods,,,,,,,,,,,,,,,,,,,,,,
"Baron Corbin & Chilean Seabass & Dr. Winston Von Voorhees & El Hombre Sin Nombre & Franz the Belgian Waffler & Gregor ""the Sickle"" Valkan & Stanislav the Squeezer & The Sultan of Shawarma & Thunder Montgomery",baron corbin chilean seabass dr winston von voorhees el hombre sin nombre franz the belgian waffler gregor the sickle valkan stanislav the squeezer the sultan of shawarma thunder montgomery,74016,"Baron Corbin & Chilean Seabass & Dr. Winston Von Voorhees & El Hombre Sin Nombre & Franz the Belgian Waffler & Gregor ""the Sickle"" Valkan & Stanislav the Squeezer & The Sultan of Shawarma & Thunder Montgomery",,,,,,,,,,,,,,,,,,,,,,
Baron Corbin & Colin Cassady & Conor O'Brian & Dante Dash & Jake Carter & Jason Jordan & Knuckles Madsen & Mojo Rawley & Rick Victor & Sami Zayn & Xavier Woods,baron corbin colin cassady conor o brian dante dash jake carter jason jordan knuckles madsen mojo rawley rick victor sami zayn xavier woods,35434,Baron Corbin & Colin Cassady & Conor O'Brian & Dante Dash & Jake Carter & Jason Jordan & Knuckles Madsen & Mojo Rawley & Rick Victor & Sami Zayn & Xavier Woods,,,,,,,,,,,,,,,,,,,,,,
Baron Gattoni,baron gattoni,136514,Baron Gattoni,,,,,,,,,,,,,,,,,,,,,,
Baron Mikel Scicluna,baron mikel scicluna,133870,Baron Mikel Scicluna,,,,,,,,,,,,,,,,,,,,,,
Baron Mikel Scicluna & Baron Von Raschke & Billy White Wolf & Chief Jay Strongbow & Doug Gilbert & Frank Monroe & Jan Nelson & Johnny Rodz & Ken Patera & Larry Zbyszko & Santacopita & Special Delivery Jones & Ted Adams & Tony Garea,baron mikel scicluna baron von raschke billy white wolf chief jay strongbow doug gilbert frank monroe jan nelson johnny rodz ken patera larry zbyszko santacopita special delivery jones ted adams tony garea,134250,Baron Mikel Scicluna & Baron Von Raschke & Billy White Wolf & Chief Jay Strongbow & Doug Gilbert & Frank Monroe & Jan Nelson & Johnny Rodz & Ken Patera & Larry Zbyszko & Santacopita & Special Delivery Jones & Ted Adams & Tony Garea,,,,,,,,,,,,,,,,,,,,,,
Baron Mikel Scicluna & Bulldog Brower & Dominic DeNucci & Gorilla Monsoon & Greg Valentine & Gypsy Rodriguez & Haystacks Calhoun & Ivan Putski & Jerry Valiant & Jimmy Valiant & Johnny Rodz & Johnny Valiant & Jose Estrada & Mr. X & Nikolai Volkoff & Special Delivery Jones & Steve Travis & Ted DiBiase & Tito Santana,baron mikel scicluna bulldog brower dominic denucci gorilla monsoon greg valentine gypsy rodriguez haystacks calhoun ivan putski jerry valiant jimmy valiant johnny rodz johnny valiant jose estrada mr x nikolai volkoff special delivery jones steve travis ted dibiase tito santana,176454,Baron Mikel Scicluna & Bulldog Brower & Dominic DeNucci & Gorilla Monsoon & Greg Valentine & Gypsy Rodriguez & Haystacks Calhoun & Ivan Putski & Jerry Valiant & Jimmy Valiant & Johnny Rodz & Johnny Valiant & Jose Estrada & Mr. X & Nikolai Volkoff & Special Delivery Jones & Steve Travis & Ted DiBiase & Tito Santana,,,,,,,,,,,,,,,,,,,,,,
Baron Von Raschke,baron von raschke,134206,Baron Von Raschke,,,,,,,,,,,,,,,,,,,,,,
Barrett Brown & Gregory James,barrett brown gregory james,74142,Barrett Brown & Gregory James,,,,,,,,,,,,,,,,,,,,,,
Barry Buchanan,barry buchanan,146191,Barry Buchanan,,,,,,,,,,,,,,,,,,,,,,
Barry Darsow,barry darsow,40644,Barry Darsow,,,,,,,,,,,,,,,,,,,,,,
Barry Hardy,barry hardy,6104,Barry Hardy,,,,,,,,,,,,,,,,,,,,,,
Barry Horowitz,barry horowitz,39022,Barry Horowitz,,,,,,,,,,,,,,,,,,,,,,
Barry Houston,barry houston,45678,Barry Houston,,,,,,,,,,,,,,,,,,,,,,
Barry O,barry o,165882,Barry O,,,,,,,,,,,,,,,,,,,,,,
Barry Richardson,barry richardson,167088,Barry Richardson,,,,,,,,,,,,,,,,,,,,,,
Barry Stevens,barry stevens,105536,Barry Stevens,,,,,,,,,,,,,,,,,,,,,,
Barry Windham,barry windham,41139,Barry Windham,,,,,,,,,,,,,,,,,,,,,,
Barry Windham & Big Josh & Bobby Eaton & Buddy Lee Parker & Dustin Rhodes & One Man Gang & Oz & P. N. News & Ranger Ross & Steve Austin & Terrance Taylor & Thomas Rich & Tom Zenk & Tracy Smothers,barry windham big josh bobby eaton buddy lee parker dustin rhodes one man gang oz p n news ranger ross steve austin terrance taylor thomas rich tom zenk tracy smothers,53270,Barry Windham & Big Josh & Bobby Eaton & Buddy Lee Parker & Dustin Rhodes & One Man Gang & Oz & P. N. News & Ranger Ross & Steve Austin & Terrance Taylor & Thomas Rich & Tom Zenk & Tracy Smothers,,,,,,,,,,,,,,,,,,,,,,
Barry Windham & Blackjack Mulligan & Bob Orton Jr. & Brutus Beefcake & George Wells & Jack Brisco & Jerry Brisco & Jimmy Snuka & Johnny V. & Mike Rotundo & Moondog Rex & Moondog Spot & Mr. Fuji & Nikolai Volkoff & Roddy Piper & Special Delivery Jones & The Iron Sheik & The Magnificent Muraco,barry windham blackjack mulligan bob orton jr brutus beefcake george wells jack brisco jerry brisco jimmy snuka johnny v mike rotundo moondog rex moondog spot mr fuji nikolai volkoff roddy piper special delivery jones the iron sheik the magnificent muraco,175158,Barry Windham & Blackjack Mulligan & Bob Orton Jr. & Brutus Beefcake & George Wells & Jack Brisco & Jerry Brisco & Jimmy Snuka & Johnny V. & Mike Rotundo & Moondog Rex & Moondog Spot & Mr. Fuji & Nikolai Volkoff & Roddy Piper & Special Delivery Jones & The Iron Sheik & The Magnificent Muraco,,,,,,,,,,,,,,,,,,,,,,
Barry Windham & Brian Knobbs & Curt Hennig & Hugh Morrus & Jerry Flynn & Kendall Windham & Perry Saturn & Shane Douglas & The Barbarian & Vincent,barry windham brian knobbs curt hennig hugh morrus jerry flynn kendall windham perry saturn shane douglas the barbarian vincent,41130,Barry Windham & Brian Knobbs & Curt Hennig & Hugh Morrus & Jerry Flynn & Kendall Windham & Perry Saturn & Shane Douglas & The Barbarian & Vincent,,,,,,,,,,,,,,,,,,,,,,
Bart Gunn,bart gunn,149404,Bart Gunn,,,,,,,,,,,,,,,,,,,,,,
Bart Sawyer,bart sawyer,51534,Bart Sawyer,,,,,,,,,,,,,,,,,,,,,,
Bastion Booger,bastion booger,159590,Bastion Booger,,,,,,,,,,,,,,,,,,,,,,
Batista,batista,72866,Batista,,,,,,,,,,,,,,,,,,,,,,
Batista & Beth Phoenix & CM Punk & Carlito & Chris Jericho & Chris Masters & Cody Rhodes & Dolph Ziggler & Drew McIntyre & Evan Bourne & JTG & Jack Swagger & John Cena & John Morrison & Jr. & Kane & Kofi Kingston & Mark Henry & Matt Hardy & Montel Vontavious Porter & R-Truth & Shawn Michaels & Shelton Benjamin & Ted DiBiase & The Big Show & The Great Khali & The Miz & Triple H & Yoshi Tatsu & Zack Ryder,batista beth phoenix cm punk carlito chris jericho chris masters cody rhodes dolph ziggler drew mcintyre evan bourne jtg jack swagger john cena john morrison jr kane kofi kingston mark henry matt hardy montel vontavious porter r truth shawn michaels shelton benjamin ted dibiase the big show the great khali the miz triple h yoshi tatsu zack ryder,112646,Batista & Beth Phoenix & CM Punk & Carlito & Chris Jericho & Chris Masters & Cody Rhodes & Dolph Ziggler & Drew McIntyre & Evan Bourne & JTG & Jack Swagger & John Cena & John Morrison & Jr. & Kane & Kofi Kingston & Mark Henry & Matt Hardy & Montel Vontavious Porter & R-Truth & Shawn Michaels & Shelton Benjamin & Ted DiBiase & The Big Show & The Great Khali & The Miz & Triple H & Yoshi Tatsu & Zack Ryder,,,,,,,,,,,,,,,,,,,,,,
Batista & Big Daddy V & CM Punk & Carlito & Chavo Guerrero & Chuck Palumbo & Cody Rhodes & Elijah Burke & Finlay & Hardcore Holly & Hornswoggle & Jamie Noble & Jimmy Snuka & John Morrison & Kane & Mark Henry & Mick Foley & Mr. Kennedy & Roddy Piper & Santino Marella & Shawn Michaels & Shelton Benjamin & Snitsky & The Great Khali & The Miz & The Undertaker & Tommy Dreamer & Triple H & Umaga,batista big daddy v cm punk carlito chavo guerrero chuck palumbo cody rhodes elijah burke finlay hardcore holly hornswoggle jamie noble jimmy snuka john morrison kane mark henry mick foley mr kennedy roddy piper santino marella shawn michaels shelton benjamin snitsky the great khali the miz the undertaker tommy dreamer triple h umaga,117720,Batista & Big Daddy V & CM Punk & Carlito & Chavo Guerrero & Chuck Palumbo & Cody Rhodes & Elijah Burke & Finlay & Hardcore Holly & Hornswoggle & Jamie Noble & Jimmy Snuka & John Morrison & Kane & Mark Henry & Mick Foley & Mr. Kennedy & Roddy Piper & Santino Marella & Shawn Michaels & Shelton Benjamin & Snitsky & The Great Khali & The Miz & The Undertaker & Tommy Dreamer & Triple H & Umaga,,,,,,,,,,,,,,,,,,,,,,
Batista & Brett Major & Brian Major & Chavo Guerrero & Chris Masters & Dave Taylor & Deuce & Domino & Eugene & Finlay & Jamie Noble & Jimmy Wang Yang & Kane & Kenny Dykstra & Mark Henry & Matt Hardy & Montel Vontavious Porter & Shannon Moore & Sho Funaki,batista brett major brian major chavo guerrero chris masters dave taylor deuce domino eugene finlay jamie noble jimmy wang yang kane kenny dykstra mark henry matt hardy montel vontavious porter shannon moore sho funaki,119042,Batista & Brett Major & Brian Major & Chavo Guerrero & Chris Masters & Dave Taylor & Deuce & Domino & Eugene & Finlay & Jamie Noble & Jimmy Wang Yang & Kane & Kenny Dykstra & Mark Henry & Matt Hardy & Montel Vontavious Porter & Shannon Moore & Sho Funaki,,,,,,,,,,,,,,,,,,,,,,
Batista & CM Punk & Chavo Guerrero & Jeff Hardy & John Cena & John Morrison & Kane & Matt Hardy & Montel Vontavious Porter & Shelton Benjamin & The Big Show & The Great Khali & The Miz & Triple H,batista cm punk chavo guerrero jeff hardy john cena john morrison kane matt hardy montel vontavious porter shelton benjamin the big show the great khali the miz triple h,116512,Batista & CM Punk & Chavo Guerrero & Jeff Hardy & John Cena & John Morrison & Kane & Matt Hardy & Montel Vontavious Porter & Shelton Benjamin & The Big Show & The Great Khali & The Miz & Triple H,,,,,,,,,,,,,,,,,,,,,,
Batista & Chris Jericho & Christian & Eugene & Gene Snitsky & Maven & Rhyno & Ric Flair & Rob Conway & Rosey & Shelton Benjamin & Steven Richards & Sylvain Grenier & Tajiri & The Hurricane & Tyson Tomko & Val Venis & Viscera & William Regal,batista chris jericho christian eugene gene snitsky maven rhyno ric flair rob conway rosey shelton benjamin steven richards sylvain grenier tajiri the hurricane tyson tomko val venis viscera william regal,126198,Batista & Chris Jericho & Christian & Eugene & Gene Snitsky & Maven & Rhyno & Ric Flair & Rob Conway & Rosey & Shelton Benjamin & Steven Richards & Sylvain Grenier & Tajiri & The Hurricane & Tyson Tomko & Val Venis & Viscera & William Regal,,,,,,,,,,,,,,,,,,,,,,
Batista & Chris Jericho & Chuck Palumbo & Edge & Kane & Matt Hardy & Maven & Rhyno & Ric Flair & Rob Conway & Rodney Mack & Rosey & Steven Richards & Sylvain Grenier & Tajiri & The Hurricane & Tyson Tomko & Val Venis & William Regal,batista chris jericho chuck palumbo edge kane matt hardy maven rhyno ric flair rob conway rodney mack rosey steven richards sylvain grenier tajiri the hurricane tyson tomko val venis william regal,127046,Batista & Chris Jericho & Chuck Palumbo & Edge & Kane & Matt Hardy & Maven & Rhyno & Ric Flair & Rob Conway & Rodney Mack & Rosey & Steven Richards & Sylvain Grenier & Tajiri & The Hurricane & Tyson Tomko & Val Venis & William Regal,,,,,,,,,,,,,,,,,,,,,,
Batista & Chris Jericho & Edge & Garrison Cade & Johnny Nitro & Maven & Randy Orton & Rhyno & Ric Flair & Rob Conway & Rosey & Shelton Benjamin & Steven Richards & Sylvain Grenier & The Hurricane & Triple H & Val Venis,batista chris jericho edge garrison cade johnny nitro maven randy orton rhyno ric flair rob conway rosey shelton benjamin steven richards sylvain grenier the hurricane triple h val venis,127518,Batista & Chris Jericho & Edge & Garrison Cade & Johnny Nitro & Maven & Randy Orton & Rhyno & Ric Flair & Rob Conway & Rosey & Shelton Benjamin & Steven Richards & Sylvain Grenier & The Hurricane & Triple H & Val Venis,,,,,,,,,,,,,,,,,,,,,,
Battalion,battalion,148345,Battalion,,,,,,,,,,,,,,,,,,,,,,
Battle Kat,battle kat,166591,Battle Kat,,,,,,,,,,,,,,,,,,,,,,
Bayley & Becky Lynch & Beth Phoenix & Brie Bella & Carmella & Dana Brooke & Ember Moon & Jacqueline & Kairi Sane & Kelly Kelly & Lana & Lita & Liv Morgan & Mandy Rose & Michelle McCool & Mickie James & Molly Holly & Naomi & Natalya & Nia Jax & Nikki Bella & Ruby Riott & Sarah Logan & Sasha Banks & Sonya Deville & Tamina & Torrie Wilson & Trish Stratus & Vickie Guerrero,bayley becky lynch beth phoenix brie bella carmella dana brooke ember moon jacqueline kairi sane kelly kelly lana lita liv morgan mandy rose michelle mccool mickie james molly holly naomi natalya nia jax nikki bella ruby riott sarah logan sasha banks sonya deville tamina torrie wilson trish stratus vickie guerrero,75732,Bayley & Becky Lynch & Beth Phoenix & Brie Bella & Carmella & Dana Brooke & Ember Moon & Jacqueline & Kairi Sane & Kelly Kelly & Lana & Lita & Liv Morgan & Mandy Rose & Michelle McCool & Mickie James & Molly Holly & Naomi & Natalya & Nia Jax & Nikki Bella & Ruby Riott & Sarah Logan & Sasha Banks & Sonya Deville & Tamina & Torrie Wilson & Trish Stratus & Vickie Guerrero,,,,,,,,,,,,,,,,,,,,,,
Bayley & Becky Lynch & Bianca BelAir & Carmella & Dakota Kai & Dana Brooke & Kairi Sane & Kavita Devi & Lana & Liv Morgan & Mandy Rose & Mickie James & Natalya & Peyton Royce & Ruby Riott & Sarah Logan & Sasha Banks & Sonya Deville & Taynara Conti,bayley becky lynch bianca belair carmella dakota kai dana brooke kairi sane kavita devi lana liv morgan mandy rose mickie james natalya peyton royce ruby riott sarah logan sasha banks sonya deville taynara conti,75278,Bayley & Becky Lynch & Bianca BelAir & Carmella & Dakota Kai & Dana Brooke & Kairi Sane & Kavita Devi & Lana & Liv Morgan & Mandy Rose & Mickie James & Natalya & Peyton Royce & Ruby Riott & Sarah Logan & Sasha Banks & Sonya Deville & Taynara Conti,,,,,,,,,,,,,,,,,,,,,,
Bayley & Bianca BelAir,bayley bianca belair,60998,Bayley & Bianca BelAir,,,,,,,,,,,,,,,,,,,,,,
Bayley & Carmella,bayley carmella,29151,Bayley & Carmella,,,,,,,,,,,,,,,,,,,,,,
Bayley & Charlotte,bayley charlotte,32353,Bayley & Charlotte,,,,,,,,,,,,,,,,,,,,,,
Bayley & Devin Taylor,bayley devin taylor,32427,Bayley & Devin Taylor,,,,,,,,,,,,,,,,,,,,,,
Bayley & Elias,bayley elias,75612,Bayley & Elias,,,,,,,,,,,,,,,,,,,,,,
Bayley & Emma,bayley emma,34445,Bayley & Emma,,,,,,,,,,,,,,,,,,,,,,
Bayley & Finn Bálor,bayley finn balor,30619,Bayley & Finn Bálor,,,,,,,,,,,,,,,,,,,,,,
Bayley & Iyo Sky,bayley iyo sky,59432,Bayley & Iyo Sky,,,,,,,,,,,,,,,,,,,,,,
Bayley & Jessie,bayley jessie,32105,Bayley & Jessie,,,,,,,,,,,,,,,,,,,,,,
Bayley & Liv Morgan,bayley liv morgan,29735,Bayley & Liv Morgan,,,,,,,,,,,,,,,,,,,,,,
Bayley & Michin,bayley michin,57858,Bayley & Michin,,,,,,,,,,,,,,,,,,,,,,
Bayley & Mike Rawlis,bayley mike rawlis,32753,Bayley & Mike Rawlis,,,,,,,,,,,,,,,,,,,,,,
Bayley & Naomi,bayley naomi,56993,Bayley & Naomi,,,,,,,,,,,,,,,,,,,,,,
Bayley & Tamina,bayley tamina,63378,Bayley & Tamina,,,,,,,,,,,,,,,,,,,,,,
Bayley Humphrey,bayley humphrey,10301,Bayley Humphrey,,,,,,,,,,,,,,,,,,,,,,
Bearcat Lee,bearcat lee,66665,Bearcat Lee,,,,,,,,,,,,,,,,,,,,,,
Beard Blackwell,beard blackwell,124878,Beard Blackwell,,,,,,,,,,,,,,,,,,,,,,
Beau Beverly & Blake Beverly,beau beverly blake beverly,161180,Beau Beverly & Blake Beverly,,,,,,,,,,,,,,,,,,,,,,
Beau Morris,beau morris,13508,Beau Morris,,,,,,,,,,,,,,,,,,,,,,
Beautiful Bobby,beautiful bobby,53172,Beautiful Bobby,,,,,,,,,,,,,,,,,,,,,,
Beaux Keller,beaux keller,63800,Beaux Keller,,,,,,,,,,,,,,,,,,,,,,
Beaver Cleavage,beaver cleavage,148637,Beaver Cleavage,,,,,,,,,,,,,,,,,,,,,,
Becky Lynch,becky lynch,14218,Becky Lynch,,,,,,,,,,,,,,,,,,,,,,
Beef Wellington,beef wellington,6853,Beef Wellington,,,,,,,,,,,,,,,,,,,,,,
Ben Bassarab,ben bassarab,175164,Ben Bassarab,,,,,,,,,,,,,,,,,,,,,,
Ben Greer,ben greer,155412,Ben Greer,,,,,,,,,,,,,,,,,,,,,,
Ben Jordan,ben jordan,157226,Ben Jordan,,,,,,,,,,,,,,,,,,,,,,
Ben Justice,ben justice,135322,Ben Justice,,,,,,,,,,,,,,,,,,,,,,
Ben Sacilly & Trent Barreta,ben sacilly trent barreta,36176,Ben Sacilly & Trent Barreta,,,,,,,,,,,,,,,,,,,,,,
Ben Wagner,ben wagner,168746,Ben Wagner,,,,,,,,,,,,,,,,,,,,,,
Benjamin Satterly,benjamin satterly,36152,Benjamin Satterly,,,,,,,,,,,,,,,,,,,,,,
Benny Camer,benny camer,105502,Benny Camer,,,,,,,,,,,,,,,,,,,,,,
Bepo Mongol,bepo mongol,135486,Bepo Mongol,,,,,,,,,,,,,,,,,,,,,,
Berlyn,berlyn,38719,Berlyn,,,,,,,,,,,,,,,,,,,,,,
Bert Centeno & Lanny Poffo,bert centeno lanny poffo,170402,Bert Centeno & Lanny Poffo,,,,,,,,,,,,,,,,,,,,,,
Bert Centeno & Mike Walsh,bert centeno mike walsh,160040,Bert Centeno & Mike Walsh,,,,,,,,,,,,,,,,,,,,,,
Bert Centeno & Nick Barbarry,bert centeno nick barbarry,152774,Bert Centeno & Nick Barbarry,,,,,,,,,,,,,,,,,,,,,,
Bert Centeno & Rich Meyers,bert centeno rich meyers,160726,Bert Centeno & Rich Meyers,,,,,,,,,,,,,,,,,,,,,,
Bert Centeno & Tony DeVito,bert centeno tony devito,157264,Bert Centeno & Tony DeVito,,,,,,,,,,,,,,,,,,,,,,
Bert Stiles & Warren Quinn,bert stiles warren quinn,162808,Bert Stiles & Warren Quinn,,,,,,,,,,,,,,,,,,,,,,
Bertha Faye,bertha faye,156092,Bertha Faye,,,,,,,,,,,,,,,,,,,,,,
Beth Phoenix & Brie Bella & Candice Michelle & Eve Torres & Jillian Hall & Katie Lea Burchill & Kelly Kelly & Layla & Lena Yada & Maria Kanellis & Maryse & Michelle McCool & Natalya & Tiffany & Victoria,beth phoenix brie bella candice michelle eve torres jillian hall katie lea burchill kelly kelly layla lena yada maria kanellis maryse michelle mccool natalya tiffany victoria,115736,Beth Phoenix & Brie Bella & Candice Michelle & Eve Torres & Jillian Hall & Katie Lea Burchill & Kelly Kelly & Layla & Lena Yada & Maria Kanellis & Maryse & Michelle McCool & Natalya & Tiffany & Victoria,,,,,,,,,,,,,,,,,,,,,,
Beth Phoenix & Jillian Hall & Katie Lea Burchill & Layla & Lena Yada & Maryse & Natalya & Victoria,beth phoenix jillian hall katie lea burchill layla lena yada maryse natalya victoria,115689,Beth Phoenix & Jillian Hall & Katie Lea Burchill & Layla & Lena Yada & Maryse & Natalya & Victoria,,,,,,,,,,,,,,,,,,,,,,
Beth Phoenix & Jillian Hall & Katie Lea Burchill & Layla & Maryse & Michelle McCool & Natalya & Nikki Bella & Rosa Mendes,beth phoenix jillian hall katie lea burchill layla maryse michelle mccool natalya nikki bella rosa mendes,114944,Beth Phoenix & Jillian Hall & Katie Lea Burchill & Layla & Maryse & Michelle McCool & Natalya & Nikki Bella & Rosa Mendes,,,,,,,,,,,,,,,,,,,,,,
Beulah McGillicutty,beulah mcgillicutty,5563,Beulah McGillicutty,,,,,,,,,,,,,,,,,,,,,,
Bianca BelAir & Billie Kay & Dana Brooke & Lacey Evans & Liv Morgan & Mandy Rose & Natalya & Nia Jax & Nikki Cross & Peyton Royce & Ruby Riott & Shayna Baszler & Tamina,bianca belair billie kay dana brooke lacey evans liv morgan mandy rose natalya nia jax nikki cross peyton royce ruby riott shayna baszler tamina,69198,Bianca BelAir & Billie Kay & Dana Brooke & Lacey Evans & Liv Morgan & Mandy Rose & Natalya & Nia Jax & Nikki Cross & Peyton Royce & Ruby Riott & Shayna Baszler & Tamina,,,,,,,,,,,,,,,,,,,,,,
Bianca BelAir & Billie Kay & Dana Brooke & Lacey Evans & Liv Morgan & Naomi & Nikki Cross & Peyton Royce & Ruby Riott & Shayna Baszler & Shotzi Blackheart & Tamina & Tegan Nox,bianca belair billie kay dana brooke lacey evans liv morgan naomi nikki cross peyton royce ruby riott shayna baszler shotzi blackheart tamina tegan nox,69596,Bianca BelAir & Billie Kay & Dana Brooke & Lacey Evans & Liv Morgan & Naomi & Nikki Cross & Peyton Royce & Ruby Riott & Shayna Baszler & Shotzi Blackheart & Tamina & Tegan Nox,,,,,,,,,,,,,,,,,,,,,,
Bianca BelAir & Charlotte Flair,bianca belair charlotte flair,59780,Bianca BelAir & Charlotte Flair,,,,,,,,,,,,,,,,,,,,,,
Bianca BelAir & Doudrop,bianca belair doudrop,66534,Bianca BelAir & Doudrop,,,,,,,,,,,,,,,,,,,,,,
Bianca BelAir & Io Shirai,bianca belair io shirai,19389,Bianca BelAir & Io Shirai,,,,,,,,,,,,,,,,,,,,,,
Bianca BelAir & Kairi Sane,bianca belair kairi sane,21817,Bianca BelAir & Kairi Sane,,,,,,,,,,,,,,,,,,,,,,
Bianca BelAir & Karen Q.,bianca belair karen q,20351,Bianca BelAir & Karen Q.,,,,,,,,,,,,,,,,,,,,,,
Bianca BelAir & Kay Lee Ray,bianca belair kay lee ray,18914,Bianca BelAir & Kay Lee Ray,,,,,,,,,,,,,,,,,,,,,,
Bianca BelAir & Kayden Carter,bianca belair kayden carter,19717,Bianca BelAir & Kayden Carter,,,,,,,,,,,,,,,,,,,,,,
Bianca BelAir & Liv Morgan,bianca belair liv morgan,64207,Bianca BelAir & Liv Morgan,,,,,,,,,,,,,,,,,,,,,,
Bianca BelAir & M. J. Jenkins,bianca belair m j jenkins,19749,Bianca BelAir & M. J. Jenkins,,,,,,,,,,,,,,,,,,,,,,
Bianca BelAir & Michin,bianca belair michin,58048,Bianca BelAir & Michin,,,,,,,,,,,,,,,,,,,,,,
Bianca BelAir & Naomi,bianca belair naomi,11919,Bianca BelAir & Naomi,,,,,,,,,,,,,,,,,,,,,,
Bianca BelAir & Ruby Riott,bianca belair ruby riott,69771,Bianca BelAir & Ruby Riott,,,,,,,,,,,,,,,,,,,,,,
Bianca Blair,bianca blair,26784,Bianca Blair,,,,,,,,,,,,,,,,,,,,,,
Biff Wellington,biff wellington,7838,Biff Wellington,,,,,,,,,,,,,,,,,,,,,,
Big Al,big al,39334,Big Al,,,,,,,,,,,,,,,,,,,,,,
Big Boa & Otis Dozovic & Tucker Knight,big boa otis dozovic tucker knight,23773,Big Boa & Otis Dozovic & Tucker Knight,,,,,,,,,,,,,,,,,,,,,,
Big Boss Man,big boss man,133746,Big Boss Man,,,,,,,,,,,,,,,,,,,,,,
Big Boss Man & Billy Gunn & Kane & Ken Shamrock & Mr. McMahon & Road Dogg & Test & Triple H & X-Pac,big boss man billy gunn kane ken shamrock mr mcmahon road dogg test triple h x pac,149890,Big Boss Man & Billy Gunn & Kane & Ken Shamrock & Mr. McMahon & Road Dogg & Test & Triple H & X-Pac,,,,,,,,,,,,,,,,,,,,,,
Big Boss Man & Bradshaw & Bubba Ray Dudley & D-Lo Brown & D-Von Dudley & Faarooq & Mark Henry & Mosh & Pete Gas & Prince Albert & Rodney & Sho Funaki & TAKA Michinoku & Thrasher,big boss man bradshaw bubba ray dudley d lo brown d von dudley faarooq mark henry mosh pete gas prince albert rodney sho funaki taka michinoku thrasher,146928,Big Boss Man & Bradshaw & Bubba Ray Dudley & D-Lo Brown & D-Von Dudley & Faarooq & Mark Henry & Mosh & Pete Gas & Prince Albert & Rodney & Sho Funaki & TAKA Michinoku & Thrasher,,,,,,,,,,,,,,,,,,,,,,
Big Boss Man & Colonel Mustafa & El Matador & Greg Valentine & Haku & Hercules & Hulk Hogan & Irwin R. Schyster & Jake Roberts & Jerry Sags & Jim Duggan & Jimmy Snuka & Nikolai Volkoff & Randy Savage & Repo Man & Rick Martel & Roddy Piper & Sergeant Slaughter & Shawn Michaels & Sid Justice & Skinner & Ted DiBiase & The Barbarian & The Berzerker & The British Bulldog & The Texas Tornado & The Undertaker & The Warlord & Virgil,big boss man colonel mustafa el matador greg valentine haku hercules hulk hogan irwin r schyster jake roberts jerry sags jim duggan jimmy snuka nikolai volkoff randy savage repo man rick martel roddy piper sergeant slaughter shawn michaels sid justice skinner ted dibiase the barbarian the berzerker the british bulldog the texas tornado the undertaker the warlord virgil,164020,Big Boss Man & Colonel Mustafa & El Matador & Greg Valentine & Haku & Hercules & Hulk Hogan & Irwin R. Schyster & Jake Roberts & Jerry Sags & Jim Duggan & Jimmy Snuka & Nikolai Volkoff & Randy Savage & Repo Man & Rick Martel & Roddy Piper & Sergeant Slaughter & Shawn Michaels & Sid Justice & Skinner & Ted DiBiase & The Barbarian & The Berzerker & The British Bulldog & The Texas Tornado & The Undertaker & The Warlord & Virgil,,,,,,,,,,,,,,,,,,,,,,
Big Boss Man & Earthquake & Greg Valentine & Haku & Hercules & Hulk Hogan & Jake Roberts & Jim Duggan & Jimmy Snuka & Kato & Marty Jannetty & Paul Roma & Shawn Michaels & Tanaka & The Barbarian & The British Bulldog & The Texas Tornado & The Warlord & Tugboat,big boss man earthquake greg valentine haku hercules hulk hogan jake roberts jim duggan jimmy snuka kato marty jannetty paul roma shawn michaels tanaka the barbarian the british bulldog the texas tornado the warlord tugboat,165828,Big Boss Man & Earthquake & Greg Valentine & Haku & Hercules & Hulk Hogan & Jake Roberts & Jim Duggan & Jimmy Snuka & Kato & Marty Jannetty & Paul Roma & Shawn Michaels & Tanaka & The Barbarian & The British Bulldog & The Texas Tornado & The Warlord & Tugboat,,,,,,,,,,,,,,,,,,,,,,
Big Bubba Rogers,big bubba rogers,49379,Big Bubba Rogers,,,,,,,,,,,,,,,,,,,,,,
Big Bully Busick,big bully busick,164770,Big Bully Busick,,,,,,,,,,,,,,,,,,,,,,
Big Cass & Big E & Cesaro & Enzo Amore & Epico & Karl Anderson & Kofi Kingston & Luke Gallows & Primo & Sheamus,big cass big e cesaro enzo amore epico karl anderson kofi kingston luke gallows primo sheamus,80905,Big Cass & Big E & Cesaro & Enzo Amore & Epico & Karl Anderson & Kofi Kingston & Luke Gallows & Primo & Sheamus,,,,,,,,,,,,,,,,,,,,,,
Big Cass & Carmella & Enzo Amore,big cass carmella enzo amore,32373,Big Cass & Carmella & Enzo Amore,,,,,,,,,,,,,,,,,,,,,,
Big Cass & Daniel Bryan,big cass daniel bryan,74948,Big Cass & Daniel Bryan,,,,,,,,,,,,,,,,,,,,,,
Big Cass & Enzo Amore,big cass enzo amore,30860,Big Cass & Enzo Amore,,,,,,,,,,,,,,,,,,,,,,
Big Daddy Flex & Mega,big daddy flex mega,117880,Big Daddy Flex & Mega,,,,,,,,,,,,,,,,,,,,,,
Big Daddy Moore & Redd Dog Begnaud,big daddy moore redd dog begnaud,142116,Big Daddy Moore & Redd Dog Begnaud,,,,,,,,,,,,,,,,,,,,,,
Big Daddy V,big daddy v,117390,Big Daddy V,,,,,,,,,,,,,,,,,,,,,,
Big Damo,big damo,28331,Big Damo,,,,,,,,,,,,,,,,,,,,,,
Big Dick Dudley,big dick dudley,3624,Big Dick Dudley,,,,,,,,,,,,,,,,,,,,,,
Big E,big e,34407,Big E,,,,,,,,,,,,,,,,,,,,,,
Big E & Bo Dallas & Damien Mizdow & Diego & Fernando & Heath Slater & Jack Swagger & Justin Gabriel & Kofi Kingston & Sin Cara (II) & Titus O'Neil & Xavier Woods & Zack Ryder,big e bo dallas damien mizdow diego fernando heath slater jack swagger justin gabriel kofi kingston sin cara ii titus o neil xavier woods zack ryder,92510,Big E & Bo Dallas & Damien Mizdow & Diego & Fernando & Heath Slater & Jack Swagger & Justin Gabriel & Kofi Kingston & Sin Cara (II) & Titus O'Neil & Xavier Woods & Zack Ryder,,,,,,,,,,,,,,,,,,,,,,
Big E & Chad Gable & Daniel Bryan & Otis,big e chad gable daniel bryan otis,68829,Big E & Chad Gable & Daniel Bryan & Otis,,,,,,,,,,,,,,,,,,,,,,
Big E. Langston & Brodus Clay & Damien Sandow & Darren Young & Fandango & Heath Slater & Jinder Mahal & Ryback & Tensai & Titus O'Neil & Xavier Woods,big e langston brodus clay damien sandow darren young fandango heath slater jinder mahal ryback tensai titus o neil xavier woods,98034,Big E. Langston & Brodus Clay & Damien Sandow & Darren Young & Fandango & Heath Slater & Jinder Mahal & Ryback & Tensai & Titus O'Neil & Xavier Woods,,,,,,,,,,,,,,,,,,,,,,
Big E. Langston & Christian & Dean Ambrose & Dolph Ziggler & Mark Henry & R-Truth & Rob Van Dam & Roman Reigns & Ryback & Seth Rollins,big e langston christian dean ambrose dolph ziggler mark henry r truth rob van dam roman reigns ryback seth rollins,98352,Big E. Langston & Christian & Dean Ambrose & Dolph Ziggler & Mark Henry & R-Truth & Rob Van Dam & Roman Reigns & Ryback & Seth Rollins,,,,,,,,,,,,,,,,,,,,,,
Big E. Langston & Cody Rhodes & Damien Sandow & Dean Ambrose & Eli Cottonwood & Husky Harris & Jack Swagger & Richie Steamboat & Seth Rollins & Skip Sheffield & Unknown Participants & Zack Ryder,big e langston cody rhodes damien sandow dean ambrose eli cottonwood husky harris jack swagger richie steamboat seth rollins skip sheffield unknown participants zack ryder,107208,Big E. Langston & Cody Rhodes & Damien Sandow & Dean Ambrose & Eli Cottonwood & Husky Harris & Jack Swagger & Richie Steamboat & Seth Rollins & Skip Sheffield & Unknown Participants & Zack Ryder,,,,,,,,,,,,,,,,,,,,,,
Big John Studd,big john studd,169059,Big John Studd,,,,,,,,,,,,,,,,,,,,,,
Big John Studd & Billy Jack Haynes & Bobby Heenan & Brutus Beefcake & Davey Boy Smith & Dynamite Kid & Greg Valentine & Harley Race & Iron Mike Sharpe & Johnny V. & Junkyard Dog & King Kong Bundy & King Tonga & Lanny Poffo & Moondog Rex & Moondog Spot & Pedro Morales & Sivi Afi & Special Delivery Jones & Tony Atlas & Tony Garea,big john studd billy jack haynes bobby heenan brutus beefcake davey boy smith dynamite kid greg valentine harley race iron mike sharpe johnny v junkyard dog king kong bundy king tonga lanny poffo moondog rex moondog spot pedro morales sivi afi special delivery jones tony atlas tony garea,174224,Big John Studd & Billy Jack Haynes & Bobby Heenan & Brutus Beefcake & Davey Boy Smith & Dynamite Kid & Greg Valentine & Harley Race & Iron Mike Sharpe & Johnny V. & Junkyard Dog & King Kong Bundy & King Tonga & Lanny Poffo & Moondog Rex & Moondog Spot & Pedro Morales & Sivi Afi & Special Delivery Jones & Tony Atlas & Tony Garea,,,,,,,,,,,,,,,,,,,,,,
Big Jordan,big jordan,19471,Big Jordan,,,,,,,,,,,,,,,,,,,,,,
Big Josh,big josh,52941,Big Josh,,,,,,,,,,,,,,,,,,,,,,
Big Machine & Captain Lou Albano & Super Machine,big machine captain lou albano super machine,174090,Big Machine & Captain Lou Albano & Super Machine,,,,,,,,,,,,,,,,,,,,,,
Big Machine & Hulk Machine & Super Machine,big machine hulk machine super machine,173985,Big Machine & Hulk Machine & Super Machine,,,,,,,,,,,,,,,,,,,,,,
Big Machine & Super Machine,big machine super machine,173806,Big Machine & Super Machine,,,,,,,,,,,,,,,,,,,,,,
Big Malley,big malley,8640,Big Malley,,,,,,,,,,,,,,,,,,,,,,
Big Ron,big ron,36849,Big Ron,,,,,,,,,,,,,,,,,,,,,,
Big Sky,big sky,52340,Big Sky,,,,,,,,,,,,,,,,,,,,,,
Big Steele Man,big steele man,168803,Big Steele Man,,,,,,,,,,,,,,,,,,,,,,
Big Stevie Cool & Hollywood Nova & The Blue Meanie,big stevie cool hollywood nova the blue meanie,124630,Big Stevie Cool & Hollywood Nova & The Blue Meanie,,,,,,,,,,,,,,,,,,,,,,
Big Titan,big titan,7815,Big Titan,,,,,,,,,,,,,,,,,,,,,,
Big Train Bart,big train bart,51300,Big Train Bart,,,,,,,,,,,,,,,,,,,,,,
Big Val Puccio,big val puccio,8547,Big Val Puccio,,,,,,,,,,,,,,,,,,,,,,
Big Vito & Billy Kidman & Booker T. & Captain Rection & Chuck Palumbo & Corporal Cajun & Disco Inferno & Ernest Miller & Goldberg & Jr. & Juventud Guerrera & Kanyon & Konnan & Lance Storm & Lt. Loco & Major Stash & Rey Misterio & Shawn Stasiak & Unknown Participants,big vito billy kidman booker t captain rection chuck palumbo corporal cajun disco inferno ernest miller goldberg jr juventud guerrera kanyon konnan lance storm lt loco major stash rey misterio shawn stasiak unknown participants,38238,Big Vito & Billy Kidman & Booker T. & Captain Rection & Chuck Palumbo & Corporal Cajun & Disco Inferno & Ernest Miller & Goldberg & Jr. & Juventud Guerrera & Kanyon & Konnan & Lance Storm & Lt. Loco & Major Stash & Rey Misterio & Shawn Stasiak & Unknown Participants,,,,,,,,,,,,,,,,,,,,,,
Big Vito & Don Harris & Johnny The Bull & Ron Harris,big vito don harris johnny the bull ron harris,38692,Big Vito & Don Harris & Johnny The Bull & Ron Harris,,,,,,,,,,,,,,,,,,,,,,
Big Vito & Johnny The Bull,big vito johnny the bull,36640,Big Vito & Johnny The Bull,,,,,,,,,,,,,,,,,,,,,,
Bill Alfonso,bill alfonso,273,Bill Alfonso,,,,,,,,,,,,,,,,,,,,,,
Bill Anderson & Jerry Allen,bill anderson jerry allen,172868,Bill Anderson & Jerry Allen,,,,,,,,,,,,,,,,,,,,,,
Bill Badd,bill badd,163746,Bill Badd,,,,,,,,,,,,,,,,,,,,,,
Bill Bain,bill bain,113972,Bill Bain,,,,,,,,,,,,,,,,,,,,,,
Bill Baker,bill baker,162308,Bill Baker,,,,,,,,,,,,,,,,,,,,,,
Bill DeMott,bill demott,109451,Bill DeMott,,,,,,,,,,,,,,,,,,,,,,
Bill Garrett & Cody Wade,bill garrett cody wade,156402,Bill Garrett & Cody Wade,,,,,,,,,,,,,,,,,,,,,,
Bill Gatlin & Stephen DeLeon,bill gatlin stephen deleon,165546,Bill Gatlin & Stephen DeLeon,,,,,,,,,,,,,,,,,,,,,,
Bill Goldberg,bill goldberg,46491,Bill Goldberg,,,,,,,,,,,,,,,,,,,,,,
Bill Golden,bill golden,163708,Bill Golden,,,,,,,,,,,,,,,,,,,,,,
Bill Howard,bill howard,173054,Bill Howard,,,,,,,,,,,,,,,,,,,,,,
Bill Irwin,bill irwin,896,Bill Irwin,,,,,,,,,,,,,,,,,,,,,,
Bill Jordan & Brian Jewel,bill jordan brian jewel,162428,Bill Jordan & Brian Jewel,,,,,,,,,,,,,,,,,,,,,,
Bill Jordon & Tom Stone,bill jordon tom stone,162552,Bill Jordon & Tom Stone,,,,,,,,,,,,,,,,,,,,,,
Bill Kazmaier,bill kazmaier,53201,Bill Kazmaier,,,,,,,,,,,,,,,,,,,,,,
Bill Koby,bill koby,162258,Bill Koby,,,,,,,,,,,,,,,,,,,,,,
Bill Lucas,bill lucas,165590,Bill Lucas,,,,,,,,,,,,,,,,,,,,,,
Bill Luger,bill luger,165544,Bill Luger,,,,,,,,,,,,,,,,,,,,,,
Bill Lyons & Bob St. Laurent,bill lyons bob st laurent,162518,Bill Lyons & Bob St. Laurent,,,,,,,,,,,,,,,,,,,,,,
Bill Monroe,bill monroe,54136,Bill Monroe,,,,,,,,,,,,,,,,,,,,,,
Bill Motta,bill motta,158654,Bill Motta,,,,,,,,,,,,,,,,,,,,,,
Bill Mulkey & Tony Mulkey,bill mulkey tony mulkey,166420,Bill Mulkey & Tony Mulkey,,,,,,,,,,,,,,,,,,,,,,
Bill Paris,bill paris,164988,Bill Paris,,,,,,,,,,,,,,,,,,,,,,
Bill Payne,bill payne,43986,Bill Payne,,,,,,,,,,,,,,,,,,,,,,
Bill Pierce,bill pierce,163088,Bill Pierce,,,,,,,,,,,,,,,,,,,,,,
Bill Sampson & Bob Abbott,bill sampson bob abbott,165578,Bill Sampson & Bob Abbott,,,,,,,,,,,,,,,,,,,,,,
Bill Schaffer & Jim Price,bill schaffer jim price,42146,Bill Schaffer & Jim Price,,,,,,,,,,,,,,,,,,,,,,
Bill Spector & Mitch Casey,bill spector mitch casey,168784,Bill Spector & Mitch Casey,,,,,,,,,,,,,,,,,,,,,,
Bill Spectre,bill spectre,169240,Bill Spectre,,,,,,,,,,,,,,,,,,,,,,
Bill Vaper & Chris Allen,bill vaper chris allen,162248,Bill Vaper & Chris Allen,,,,,,,,,,,,,,,,,,,,,,
Bill Watts,bill watts,136168,Bill Watts,,,,,,,,,,,,,,,,,,,,,,
Bill Weaver,bill weaver,156612,Bill Weaver,,,,,,,,,,,,,,,,,,,,,,
Bill White,bill white,134682,Bill White,,,,,,,,,,,,,,,,,,,,,,
Bill Wiles,bill wiles,445,Bill Wiles,,,,,,,,,,,,,,,,,,,,,,
Bill Wood,bill wood,168314,Bill Wood,,,,,,,,,,,,,,,,,,,,,,
Billie Kay & Cameron & Daria,billie kay cameron daria,31021,Billie Kay & Cameron & Daria,,,,,,,,,,,,,,,,,,,,,,
Billie Kay & Carmella,billie kay carmella,31838,Billie Kay & Carmella,,,,,,,,,,,,,,,,,,,,,,
Billie Kay & Emma,billie kay emma,30320,Billie Kay & Emma,,,,,,,,,,,,,,,,,,,,,,
Billie Kay & Liv Morgan,billie kay liv morgan,28186,Billie Kay & Liv Morgan,,,,,,,,,,,,,,,,,,,,,,
Billie Kay & Peyton Royce,billie kay peyton royce,23940,Billie Kay & Peyton Royce,,,,,,,,,,,,,,,,,,,,,,
Billie Kay & Tamina,billie kay tamina,68846,Billie Kay & Tamina,,,,,,,,,,,,,,,,,,,,,,
Billy & Bradshaw & Chuck & Faarooq,billy bradshaw chuck faarooq,138236,Billy & Bradshaw & Chuck & Faarooq,,,,,,,,,,,,,,,,,,,,,,
Billy & Chuck,billy chuck,132375,Billy & Chuck,,,,,,,,,,,,,,,,,,,,,,
Billy Anderson,billy anderson,170908,Billy Anderson,,,,,,,,,,,,,,,,,,,,,,
Billy Baxter & John Trouski,billy baxter john trouski,123120,Billy Baxter & John Trouski,,,,,,,,,,,,,,,,,,,,,,
Billy Beauman,billy beauman,172420,Billy Beauman,,,,,,,,,,,,,,,,,,,,,,
Billy Berger,billy berger,128952,Billy Berger,,,,,,,,,,,,,,,,,,,,,,
Billy Black,billy black,7898,Billy Black,,,,,,,,,,,,,,,,,,,,,,
Billy Bowman,billy bowman,170186,Billy Bowman,,,,,,,,,,,,,,,,,,,,,,
Billy Brown,billy brown,170602,Billy Brown,,,,,,,,,,,,,,,,,,,,,,
Billy Burke,billy burke,166052,Billy Burke,,,,,,,,,,,,,,,,,,,,,,
Billy Buster,billy buster,9635,Billy Buster,,,,,,,,,,,,,,,,,,,,,,
Billy Cannon,billy cannon,50883,Billy Cannon,,,,,,,,,,,,,,,,,,,,,,
Billy D.,billy d,146252,Billy D.,,,,,,,,,,,,,,,,,,,,,,
Billy Firehawk & Stan Parsons,billy firehawk stan parsons,9580,Billy Firehawk & Stan Parsons,,,,,,,,,,,,,,,,,,,,,,
Billy Fives & Norman Smiley,billy fives norman smiley,130320,Billy Fives & Norman Smiley,,,,,,,,,,,,,,,,,,,,,,
Billy Gatlin,billy gatlin,165476,Billy Gatlin,,,,,,,,,,,,,,,,,,,,,,
Billy Gunn & Bradshaw & Chuck Palumbo & Faarooq & Hardcore Holly & Kanyon & Mark Jindrak & Sean O'Haire & Shawn Stasiak & The Big Show,billy gunn bradshaw chuck palumbo faarooq hardcore holly kanyon mark jindrak sean o haire shawn stasiak the big show,141007,Billy Gunn & Bradshaw & Chuck Palumbo & Faarooq & Hardcore Holly & Kanyon & Mark Jindrak & Sean O'Haire & Shawn Stasiak & The Big Show,,,,,,,,,,,,,,,,,,,,,,
Billy Gunn & Chuck Palumbo,billy gunn chuck palumbo,138039,Billy Gunn & Chuck Palumbo,,,,,,,,,,,,,,,,,,,,,,
Billy Gunn & Finn Bálor,billy gunn finn balor,32611,Billy Gunn & Finn Bálor,,,,,,,,,,,,,,,,,,,,,,
Billy Gunn & Hunter Hearst Helmsley & Road Dogg & X-Pac,billy gunn hunter hearst helmsley road dogg x pac,150891,Billy Gunn & Hunter Hearst Helmsley & Road Dogg & X-Pac,,,,,,,,,,,,,,,,,,,,,,
Billy Gunn & Jamie Noble,billy gunn jamie noble,129552,Billy Gunn & Jamie Noble,,,,,,,,,,,,,,,,,,,,,,
Billy Gunn & Matt Cappotelli,billy gunn matt cappotelli,128204,Billy Gunn & Matt Cappotelli,,,,,,,,,,,,,,,,,,,,,,
Billy Gunn & Rick Steiner,billy gunn rick steiner,160956,Billy Gunn & Rick Steiner,,,,,,,,,,,,,,,,,,,,,,
Billy Gunn & Road Dogg,billy gunn road dogg,34577,Billy Gunn & Road Dogg,,,,,,,,,,,,,,,,,,,,,,
Billy Gunn & Skull,billy gunn skull,150678,Billy Gunn & Skull,,,,,,,,,,,,,,,,,,,,,,
Billy Gunn & Steve Austin,billy gunn steve austin,150686,Billy Gunn & Steve Austin,,,,,,,,,,,,,,,,,,,,,,
Billy Jack Haynes,billy jack haynes,171917,Billy Jack Haynes,,,,,,,,,,,,,,,,,,,,,,
Billy Joe Eaton,billy joe eaton,158504,Billy Joe Eaton,,,,,,,,,,,,,,,,,,,,,,
Billy Jones,billy jones,161386,Billy Jones,,,,,,,,,,,,,,,,,,,,,,
Billy Kidman,billy kidman,36594,Billy Kidman,,,,,,,,,,,,,,,,,,,,,,
Billy Kidman & Chavo Guerrero Jr. & Damian 666 & El Dandy & El Grio & Evan Karagias & Johnny Swinger & Juventud Guerrera & Lenny Lane & Marty Jannetty & Psicosis & Super Calo & Villano IV,billy kidman chavo guerrero jr damian 666 el dandy el grio evan karagias johnny swinger juventud guerrera lenny lane marty jannetty psicosis super calo villano iv,46070,Billy Kidman & Chavo Guerrero Jr. & Damian 666 & El Dandy & El Grio & Evan Karagias & Johnny Swinger & Juventud Guerrera & Lenny Lane & Marty Jannetty & Psicosis & Super Calo & Villano IV,,,,,,,,,,,,,,,,,,,,,,
Billy Mack & Jay S. Storm,billy mack jay s storm,155600,Billy Mack & Jay S. Storm,,,,,,,,,,,,,,,,,,,,,,
Billy Pearl,billy pearl,49310,Billy Pearl,,,,,,,,,,,,,,,,,,,,,,
Billy Peters,billy peters,128664,Billy Peters,,,,,,,,,,,,,,,,,,,,,,
Billy Robinson,billy robinson,134601,Billy Robinson,,,,,,,,,,,,,,,,,,,,,,
Billy The Kid & Cowboy Bradley,billy the kid cowboy bradley,135742,Billy The Kid & Cowboy Bradley,,,,,,,,,,,,,,,,,,,,,,
Billy The Kid & Frenchy Lamont,billy the kid frenchy lamont,135586,Billy The Kid & Frenchy Lamont,,,,,,,,,,,,,,,,,,,,,,
Billy The Kid & Fuzzy Cupid,billy the kid fuzzy cupid,136250,Billy The Kid & Fuzzy Cupid,,,,,,,,,,,,,,,,,,,,,,
Billy The Kid & Irish Jackie,billy the kid irish jackie,135995,Billy The Kid & Irish Jackie,,,,,,,,,,,,,,,,,,,,,,
Billy The Kid & Little Bruiser & Sky Low Low,billy the kid little bruiser sky low low,135690,Billy The Kid & Little Bruiser & Sky Low Low,,,,,,,,,,,,,,,,,,,,,,
Billy The Kid & Little Johnny,billy the kid little johnny,134294,Billy The Kid & Little Johnny,,,,,,,,,,,,,,,,,,,,,,
Billy The Kid & Sky Low Low,billy the kid sky low low,136076,Billy The Kid & Sky Low Low,,,,,,,,,,,,,,,,,,,,,,
Billy Two Eagles,billy two eagles,154750,Billy Two Eagles,,,,,,,,,,,,,,,,,,,,,,
Billy Wade & Danny Ackerman,billy wade danny ackerman,157542,Billy Wade & Danny Ackerman,,,,,,,,,,,,,,,,,,,,,,
Billy White Wolf,billy white wolf,134241,Billy White Wolf,,,,,,,,,,,,,,,,,,,,,,
Billy Yates,billy yates,141518,Billy Yates,,,,,,,,,,,,,,,,,,,,,,
Bilvis Wesley,bilvis wesley,60,Bilvis Wesley,,,,,,,,,,,,,,,,,,,,,,
Bio-Hazard & Chris Krueger,bio hazard chris krueger,174,Bio-Hazard & Chris Krueger,,,,,,,,,,,,,,,,,,,,,,
Bison Bravado & Trent Acid,bison bravado trent acid,123136,Bison Bravado & Trent Acid,,,,,,,,,,,,,,,,,,,,,,
Black Bart,black bart,53472,Black Bart,,,,,,,,,,,,,,,,,,,,,,
Black Blood,black blood,53780,Black Blood,,,,,,,,,,,,,,,,,,,,,,
Black Cat & Gedo & Michiyoshi Ohara,black cat gedo michiyoshi ohara,47196,Black Cat & Gedo & Michiyoshi Ohara,,,,,,,,,,,,,,,,,,,,,,
Black Demon,black demon,135195,Black Demon,,,,,,,,,,,,,,,,,,,,,,
Black Gordman & Jr.,black gordman jr,128604,Black Gordman & Jr.,,,,,,,,,,,,,,,,,,,,,,
Black Jack,black jack,170442,Black Jack,,,,,,,,,,,,,,,,,,,,,,
Black Orchid,black orchid,136955,Black Orchid,,,,,,,,,,,,,,,,,,,,,,
Black Shadow,black shadow,136673,Black Shadow,,,,,,,,,,,,,,,,,,,,,,
Black Tiger I,black tiger i,175242,Black Tiger I,,,,,,,,,,,,,,,,,,,,,,
Black Venus,black venus,160006,Black Venus,,,,,,,,,,,,,,,,,,,,,,
Blackjack Bradshaw & Blackjack Windham,blackjack bradshaw blackjack windham,152217,Blackjack Bradshaw & Blackjack Windham,,,,,,,,,,,,,,,,,,,,,,
Blackjack Lanza,blackjack lanza,134586,Blackjack Lanza,,,,,,,,,,,,,,,,,,,,,,
Blackjack Mulligan,blackjack mulligan,135432,Blackjack Mulligan,,,,,,,,,,,,,,,,,,,,,,
Blackjack Slade,blackjack slade,135150,Blackjack Slade,,,,,,,,,,,,,,,,,,,,,,
Blair Davenport,blair davenport,13168,Blair Davenport,,,,,,,,,,,,,,,,,,,,,,
Blake & Dash Wilder & Murphy & Scott Dawson,blake dash wilder murphy scott dawson,30692,Blake & Dash Wilder & Murphy & Scott Dawson,,,,,,,,,,,,,,,,,,,,,,
Blake & Murphy,blake murphy,29608,Blake & Murphy,,,,,,,,,,,,,,,,,,,,,,
Blake Beverly & Tony Ulysses,blake beverly tony ulysses,160568,Blake Beverly & Tony Ulysses,,,,,,,,,,,,,,,,,,,,,,
Blake Gale & Sly,blake gale sly,131730,Blake Gale & Sly,,,,,,,,,,,,,,,,,,,,,,
Blake Howell & Danny D'Accardo,blake howell danny d accardo,22214,Blake Howell & Danny D'Accardo,,,,,,,,,,,,,,,,,,,,,,
Blake Monroe,blake monroe,10424,Blake Monroe,,,,,,,,,,,,,,,,,,,,,,
Blanco Loco,blanco loco,20656,Blanco Loco,,,,,,,,,,,,,,,,,,,,,,
Blitzkrieg & Kaz Hayashi,blitzkrieg kaz hayashi,40738,Blitzkrieg & Kaz Hayashi,,,,,,,,,,,,,,,,,,,,,,
Blitzkrieg & La Parka,blitzkrieg la parka,41230,Blitzkrieg & La Parka,,,,,,,,,,,,,,,,,,,,,,
Blitzkrieg & Piloto Suicida & Raul Reyes Jr.,blitzkrieg piloto suicida raul reyes jr,43693,Blitzkrieg & Piloto Suicida & Raul Reyes Jr.,,,,,,,,,,,,,,,,,,,,,,
Blitzkrieg & Prince Iaukea,blitzkrieg prince iaukea,41151,Blitzkrieg & Prince Iaukea,,,,,,,,,,,,,,,,,,,,,,
Blitzkrieg & Super Dragon,blitzkrieg super dragon,45543,Blitzkrieg & Super Dragon,,,,,,,,,,,,,,,,,,,,,,
Blue Demon,blue demon,135242,Blue Demon,,,,,,,,,,,,,,,,,,,,,,
Blue Pants,blue pants,31324,Blue Pants,,,,,,,,,,,,,,,,,,,,,,
Bluedust,bluedust,7632,Bluedust,,,,,,,,,,,,,,,,,,,,,,
Bo Dallas,bo dallas,34408,Bo Dallas,,,,,,,,,,,,,,,,,,,,,,
Bo Dallas & Bobby Roode & Chad Gable & Curtis Axel & Dash Wilder & Gran Metalik & Konnor & Lince Dorado & Scott Dawson & Viktor,bo dallas bobby roode chad gable curtis axel dash wilder gran metalik konnor lince dorado scott dawson viktor,73746,Bo Dallas & Bobby Roode & Chad Gable & Curtis Axel & Dash Wilder & Gran Metalik & Konnor & Lince Dorado & Scott Dawson & Viktor,,,,,,,,,,,,,,,,,,,,,,
Bo Dallas & Cesaro & Curtis Axel & Darren Young & Goldust & Jinder Mahal & Neville & R-Truth & Sami Zayn & Sheamus & Titus O'Neil,bo dallas cesaro curtis axel darren young goldust jinder mahal neville r truth sami zayn sheamus titus o neil,81306,Bo Dallas & Cesaro & Curtis Axel & Darren Young & Goldust & Jinder Mahal & Neville & R-Truth & Sami Zayn & Sheamus & Titus O'Neil,,,,,,,,,,,,,,,,,,,,,,
Bo Dallas & Curtis Axel & Dash Wilder & Gran Metalik & Heath Slater & Kalisto & Konnor & Lince Dorado & Rhyno & Scott Dawson & Viktor,bo dallas curtis axel dash wilder gran metalik heath slater kalisto konnor lince dorado rhyno scott dawson viktor,73780,Bo Dallas & Curtis Axel & Dash Wilder & Gran Metalik & Heath Slater & Kalisto & Konnor & Lince Dorado & Rhyno & Scott Dawson & Viktor,,,,,,,,,,,,,,,,,,,,,,
Bo Dallas & Damien Mizdow & Goldust & Heath Slater & Hornswoggle & Stardust & The Miz & Titus O'Neil,bo dallas damien mizdow goldust heath slater hornswoggle stardust the miz titus o neil,92276,Bo Dallas & Damien Mizdow & Goldust & Heath Slater & Hornswoggle & Stardust & The Miz & Titus O'Neil,,,,,,,,,,,,,,,,,,,,,,
Bo Dupp & Danny Doring & Jack Dupp & Roadkill,bo dupp danny doring jack dupp roadkill,1660,Bo Dupp & Danny Doring & Jack Dupp & Roadkill,,,,,,,,,,,,,,,,,,,,,,
Bo Dupp & Jack Dupp,bo dupp jack dupp,1304,Bo Dupp & Jack Dupp,,,,,,,,,,,,,,,,,,,,,,
Bo LaDue,bo ladue,50096,Bo LaDue,,,,,,,,,,,,,,,,,,,,,,
Bo Rotundo,bo rotundo,104983,Bo Rotundo,,,,,,,,,,,,,,,,,,,,,,
Bo Washington,bo washington,92046,Bo Washington,,,,,,,,,,,,,,,,,,,,,,
Boa,boa,14722,Boa,,,,,,,,,,,,,,,,,,,,,,
Boa & Bron Breakker & Brooks Jensen & Edris Enofé & Hank Walker & Javier Bernal & Josh Briggs & Julius Creed & Oba Femi & Tank Ledger & Unknown Participants & Wolfgang,boa bron breakker brooks jensen edris enofe hank walker javier bernal josh briggs julius creed oba femi tank ledger unknown participants wolfgang,14182,Boa & Bron Breakker & Brooks Jensen & Edris Enofé & Hank Walker & Javier Bernal & Josh Briggs & Julius Creed & Oba Femi & Tank Ledger & Unknown Participants & Wolfgang,,,,,,,,,,,,,,,,,,,,,,
Bob Allen,bob allen,165504,Bob Allen,,,,,,,,,,,,,,,,,,,,,,
Bob Avery,bob avery,163712,Bob Avery,,,,,,,,,,,,,,,,,,,,,,
Bob Backlund,bob backlund,34168492,Bob Backlund,,_Retired WWE,,,1949-08-14,United States,,,https://r2.thesportsdb.com/images/media/player/thumb/ijth931575122530.jpg,,_Retired WWE,,thesportsdb,,,,,,,,,
Bob Backlund & Brian Knobbs & Carlos Colon & Damien Demento & Earthquake & El Matador & Fatu & Genichiro Tenryu & Irwin R. Schyster & Jerry Lawler & Jerry Sags & Koko B Ware & Max Moon & Mr. Perfect & Owen Hart & Papa Shango & Randy Savage & Repo Man & Ric Flair & Rick Martel & Samu & Skinner & Tatanka & Ted DiBiase & Terry Taylor & The Berzerker & The Undertaker & Typhoon & Virgil,bob backlund brian knobbs carlos colon damien demento earthquake el matador fatu genichiro tenryu irwin r schyster jerry lawler jerry sags koko b ware max moon mr perfect owen hart papa shango randy savage repo man ric flair rick martel samu skinner tatanka ted dibiase terry taylor the berzerker the undertaker typhoon virgil,161936,Bob Backlund & Brian Knobbs & Carlos Colon & Damien Demento & Earthquake & El Matador & Fatu & Genichiro Tenryu & Irwin R. Schyster & Jerry Lawler & Jerry Sags & Koko B Ware & Max Moon & Mr. Perfect & Owen Hart & Papa Shango & Randy Savage & Repo Man & Ric Flair & Rick Martel & Samu & Skinner & Tatanka & Ted DiBiase & Terry Taylor & The Berzerker & The Undertaker & Typhoon & Virgil,,,,,,,,,,,,,,,,,,,,,,
Bob Backlund & Damien Demento & El Matador & Giant Gonzalez & Iron Mike Sharpe & Kamala & Kim Chee & Koko B Ware & Owen Hart & Shawn Michaels & Skinner & Tatanka & Terry Taylor & The Berzerker & Typhoon,bob backlund damien demento el matador giant gonzalez iron mike sharpe kamala kim chee koko b ware owen hart shawn michaels skinner tatanka terry taylor the berzerker typhoon,161818,Bob Backlund & Damien Demento & El Matador & Giant Gonzalez & Iron Mike Sharpe & Kamala & Kim Chee & Koko B Ware & Owen Hart & Shawn Michaels & Skinner & Tatanka & Terry Taylor & The Berzerker & Typhoon,,,,,,,,,,,,,,,,,,,,,,
Bob Blackburn,bob blackburn,170084,Bob Blackburn,,,,,,,,,,,,,,,,,,,,,,
Bob Blake & Dale Veasey,bob blake dale veasey,169474,Bob Blake & Dale Veasey,,,,,,,,,,,,,,,,,,,,,,
Bob Bolby & Matt Duval,bob bolby matt duval,154634,Bob Bolby & Matt Duval,,,,,,,,,,,,,,,,,,,,,,
Bob Boyer,bob boyer,136208,Bob Boyer,,,,,,,,,,,,,,,,,,,,,,
Bob Bradley,bob bradley,152090,Bob Bradley,,,,,,,,,,,,,,,,,,,,,,
Bob Burroughs,bob burroughs,167928,Bob Burroughs,,,,,,,,,,,,,,,,,,,,,,
Bob Clancy,bob clancy,156060,Bob Clancy,,,,,,,,,,,,,,,,,,,,,,
Bob Colt & Steve Lombardi,bob colt steve lombardi,173638,Bob Colt & Steve Lombardi,,,,,,,,,,,,,,,,,,,,,,
Bob Cook & Buddy Lee Parker,bob cook buddy lee parker,53042,Bob Cook & Buddy Lee Parker,,,,,,,,,,,,,,,,,,,,,,
Bob Cook & Firebreaker Chip,bob cook firebreaker chip,52952,Bob Cook & Firebreaker Chip,,,,,,,,,,,,,,,,,,,,,,
Bob Cook & Howard Nailey,bob cook howard nailey,156944,Bob Cook & Howard Nailey,,,,,,,,,,,,,,,,,,,,,,
Bob Cook & Joe Cruz,bob cook joe cruz,52626,Bob Cook & Joe Cruz,,,,,,,,,,,,,,,,,,,,,,
Bob Cook & Mike Khoury,bob cook mike khoury,157014,Bob Cook & Mike Khoury,,,,,,,,,,,,,,,,,,,,,,
Bob East & Pete Christie,bob east pete christie,162022,Bob East & Pete Christie,,,,,,,,,,,,,,,,,,,,,,
Bob Ellis,bob ellis,135635,Bob Ellis,,,,,,,,,,,,,,,,,,,,,,
Bob Emery & Chance McQuaid,bob emery chance mcquaid,170398,Bob Emery & Chance McQuaid,,,,,,,,,,,,,,,,,,,,,,
Bob Emery & Craig Brown,bob emery craig brown,168386,Bob Emery & Craig Brown,,,,,,,,,,,,,,,,,,,,,,
Bob Emery & Tommy Angel,bob emery tommy angel,170214,Bob Emery & Tommy Angel,,,,,,,,,,,,,,,,,,,,,,
Bob Evans,bob evans,137960,Bob Evans,,,,,,,,,,,,,,,,,,,,,,
Bob Gonzalez,bob gonzalez,136998,Bob Gonzalez,,,,,,,,,,,,,,,,,,,,,,
Bob Harmon,bob harmon,135724,Bob Harmon,,,,,,,,,,,,,,,,,,,,,,
Bob Hayes,bob hayes,157474,Bob Hayes,,,,,,,,,,,,,,,,,,,,,,
Bob Holly,bob holly,149641,Bob Holly,,,,,,,,,,,,,,,,,,,,,,
Bob Jones,bob jones,165404,Bob Jones,,,,,,,,,,,,,,,,,,,,,,
Bob Knight & Cory Student,bob knight cory student,157800,Bob Knight & Cory Student,,,,,,,,,,,,,,,,,,,,,,
Bob Marcus,bob marcus,174530,Bob Marcus,,,,,,,,,,,,,,,,,,,,,,
Bob Mason,bob mason,164234,Bob Mason,,,,,,,,,,,,,,,,,,,,,,
Bob Morgan,bob morgan,163676,Bob Morgan,,,,,,,,,,,,,,,,,,,,,,
Bob Orton Jr.,bob orton jr,123844,Bob Orton Jr.,,,,,,,,,,,,,,,,,,,,,,
Bob Roop,bob roop,135275,Bob Roop,,,,,,,,,,,,,,,,,,,,,,
Bob Salza,bob salza,167460,Bob Salza,,,,,,,,,,,,,,,,,,,,,,
Bob Smedley,bob smedley,164256,Bob Smedley,,,,,,,,,,,,,,,,,,,,,,
Bob Starr & Chris Kanyon,bob starr chris kanyon,158346,Bob Starr & Chris Kanyon,,,,,,,,,,,,,,,,,,,,,,
Bob Starr & Duane Gill & Max Thrasher & Tommy Lee Manson,bob starr duane gill max thrasher tommy lee manson,9810,Bob Starr & Duane Gill & Max Thrasher & Tommy Lee Manson,,,,,,,,,,,,,,,,,,,,,,
Bob Starr & Hack Myers,bob starr hack myers,9666,Bob Starr & Hack Myers,,,,,,,,,,,,,,,,,,,,,,
Bob Starr & John Crystal,bob starr john crystal,151514,Bob Starr & John Crystal,,,,,,,,,,,,,,,,,,,,,,
Bob Taylor,bob taylor,135970,Bob Taylor,,,,,,,,,,,,,,,,,,,,,,
Bob Werner,bob werner,164850,Bob Werner,,,,,,,,,,,,,,,,,,,,,,
Bob Wisseman,bob wisseman,163388,Bob Wisseman,,,,,,,,,,,,,,,,,,,,,,
Bob Young & Scott Bazo,bob young scott bazo,161436,Bob Young & Scott Bazo,,,,,,,,,,,,,,,,,,,,,,
Bobby Blaze,bobby blaze,40950,Bobby Blaze,,,,,,,,,,,,,,,,,,,,,,
Bobby Colt & Jerry Colt,bobby colt jerry colt,136886,Bobby Colt & Jerry Colt,,,,,,,,,,,,,,,,,,,,,,
Bobby Davis,bobby davis,136316,Bobby Davis,,,,,,,,,,,,,,,,,,,,,,
Bobby DeVito,bobby devito,161828,Bobby DeVito,,,,,,,,,,,,,,,,,,,,,,
Bobby Doll,bobby doll,144579,Bobby Doll,,,,,,,,,,,,,,,,,,,,,,
Bobby Duncum & Jr.,bobby duncum jr,4606,Bobby Duncum & Jr.,,,,,,,,,,,,,,,,,,,,,,
Bobby East,bobby east,53915,Bobby East,,,,,,,,,,,,,,,,,,,,,,
Bobby Eaton,bobby eaton,39174,Bobby Eaton,,,,,,,,,,,,,,,,,,,,,,
Bobby Fish,bobby fish,17538,Bobby Fish,,,,,,,,,,,,,,,,,,,,,,
Bobby Flaco,bobby flaco,69330,Bobby Flaco,,,,,,,,,,,,,,,,,,,,,,
Bobby Fulton,bobby fulton,153350,Bobby Fulton,,,,,,,,,,,,,,,,,,,,,,
Bobby Heenan,bobby heenan,166330,Bobby Heenan,,,,,,,,,,,,,,,,,,,,,,
Bobby Howard,bobby howard,109010,Bobby Howard,,,,,,,,,,,,,,,,,,,,,,
Bobby Hunt,bobby hunt,136927,Bobby Hunt,,,,,,,,,,,,,,,,,,,,,,
Bobby Jaggers,bobby jaggers,168282,Bobby Jaggers,,,,,,,,,,,,,,,,,,,,,,
Bobby Jarret,bobby jarret,168798,Bobby Jarret,,,,,,,,,,,,,,,,,,,,,,
Bobby Jones & Jim Cohen,bobby jones jim cohen,165570,Bobby Jones & Jim Cohen,,,,,,,,,,,,,,,,,,,,,,
Bobby Jones & Larry Sampson,bobby jones larry sampson,164538,Bobby Jones & Larry Sampson,,,,,,,,,,,,,,,,,,,,,,
Bobby Jones & Scott Bazo,bobby jones scott bazo,165538,Bobby Jones & Scott Bazo,,,,,,,,,,,,,,,,,,,,,,
Bobby Knight,bobby knight,163342,Bobby Knight,,,,,,,,,,,,,,,,,,,,,,
Bobby Lashley,bobby lashley,58369,Bobby Lashley,,,,,,,,,,,,,,,,,,,,,,
Bobby Lashley & Chris Masters & Christian & Hardcore Holly & Jonathan Coachman & Matt Hardy & Mr. Kennedy & Rob Conway & Shelton Benjamin & Viscera,bobby lashley chris masters christian hardcore holly jonathan coachman matt hardy mr kennedy rob conway shelton benjamin viscera,123950,Bobby Lashley & Chris Masters & Christian & Hardcore Holly & Jonathan Coachman & Matt Hardy & Mr. Kennedy & Rob Conway & Shelton Benjamin & Viscera,,,,,,,,,,,,,,,,,,,,,,
Bobby Muniz,bobby muniz,168570,Bobby Muniz,,,,,,,,,,,,,,,,,,,,,,
Bobby Perez,bobby perez,162050,Bobby Perez,,,,,,,,,,,,,,,,,,,,,,
Bobby Roode,bobby roode,25999,Bobby Roode,,,,,,,,,,,,,,,,,,,,,,
Bobby Rude & John Murry,bobby rude john murry,128356,Bobby Rude & John Murry,,,,,,,,,,,,,,,,,,,,,,
Bobby Rude & Kingman,bobby rude kingman,137654,Bobby Rude & Kingman,,,,,,,,,,,,,,,,,,,,,,
Bobby Rude & Pat Cusick,bobby rude pat cusick,128380,Bobby Rude & Pat Cusick,,,,,,,,,,,,,,,,,,,,,,
Bobby Salsa & Todd Cumberledge,bobby salsa todd cumberledge,166872,Bobby Salsa & Todd Cumberledge,,,,,,,,,,,,,,,,,,,,,,
Bobby Shields & Tyler Hilton,bobby shields tyler hilton,112996,Bobby Shields & Tyler Hilton,,,,,,,,,,,,,,,,,,,,,,
Bobby Starr & David Moore,bobby starr david moore,48192,Bobby Starr & David Moore,,,,,,,,,,,,,,,,,,,,,,
Bobby Walker,bobby walker,39597,Bobby Walker,,,,,,,,,,,,,,,,,,,,,,
Bobby Young,bobby young,161418,Bobby Young,,,,,,,,,,,,,,,,,,,,,,
Bobo Brazil,bobo brazil,134311,Bobo Brazil,,,,,,,,,,,,,,,,,,,,,,
Bobo Johnson & Cowboy Colt,bobo johnson cowboy colt,134379,Bobo Johnson & Cowboy Colt,,,,,,,,,,,,,,,,,,,,,,
Bobo Reeds,bobo reeds,170512,Bobo Reeds,,,,,,,,,,,,,,,,,,,,,,
Bodacious Bart & Bombastic Bob,bodacious bart bombastic bob,151072,Bodacious Bart & Bombastic Bob,,,,,,,,,,,,,,,,,,,,,,
Bodyguard For Hire,bodyguard for hire,9493,Bodyguard For Hire,,,,,,,,,,,,,,,,,,,,,,
Booker & Kidman,booker kidman,39306,Booker & Kidman,,,,,,,,,,,,,,,,,,,,,,
Booker T.,booker t,36563,Booker T.,,,,,,,,,,,,,,,,,,,,,,
Booker T. & Charlie Haas & Chris Benoit & Chris Jericho & Christian & Daniel Puder & Eddie Guerrero & Edge & Gene Snitsky & Hardcore Holly & John Cena & Jonathan Coachman & Kane & Kenzo Suzuki & Kurt Angle & Luther Reigns & Mark Jindrak & Muhammad Hassan & Orlando Jordan & Paul London & Rene Dupree & Rey Mysterio & Ric Flair & Scotty 2 Hotty & Shawn Michaels & Shelton Benjamin & Simon Dean & The Hurricane & Viscera,booker t charlie haas chris benoit chris jericho christian daniel puder eddie guerrero edge gene snitsky hardcore holly john cena jonathan coachman kane kenzo suzuki kurt angle luther reigns mark jindrak muhammad hassan orlando jordan paul london rene dupree rey mysterio ric flair scotty 2 hotty shawn michaels shelton benjamin simon dean the hurricane viscera,125850,Booker T. & Charlie Haas & Chris Benoit & Chris Jericho & Christian & Daniel Puder & Eddie Guerrero & Edge & Gene Snitsky & Hardcore Holly & John Cena & Jonathan Coachman & Kane & Kenzo Suzuki & Kurt Angle & Luther Reigns & Mark Jindrak & Muhammad Hassan & Orlando Jordan & Paul London & Rene Dupree & Rey Mysterio & Ric Flair & Scotty 2 Hotty & Shawn Michaels & Shelton Benjamin & Simon Dean & The Hurricane & Viscera,,,,,,,,,,,,,,,,,,,,,,
Bore-Us Malenko,bore us malenko,46172,Bore-Us Malenko,,,,,,,,,,,,,,,,,,,,,,
Boris Malenko,boris malenko,136276,Boris Malenko,,,,,,,,,,,,,,,,,,,,,,
Boris Zhukov,boris zhukov,166438,Boris Zhukov,,,,,,,,,,,,,,,,,,,,,,
Borne Again,borne again,9219,Borne Again,,,,,,,,,,,,,,,,,,,,,,
Boston Bob,boston bob,71230,Boston Bob,,,,,,,,,,,,,,,,,,,,,,
Boyce Legrande & Robert Thompson,boyce legrande robert thompson,143182,Boyce Legrande & Robert Thompson,,,,,,,,,,,,,,,,,,,,,,
Brad Allen,brad allen,118782,Brad Allen,,,,,,,,,,,,,,,,,,,,,,
Brad Anderson & Chuck Striker,brad anderson chuck striker,170504,Brad Anderson & Chuck Striker,,,,,,,,,,,,,,,,,,,,,,
Brad Anderson & Lanny Poffo,brad anderson lanny poffo,170478,Brad Anderson & Lanny Poffo,,,,,,,,,,,,,,,,,,,,,,
Brad Anderson & Quinn Nash,brad anderson quinn nash,52064,Brad Anderson & Quinn Nash,,,,,,,,,,,,,,,,,,,,,,
Brad Andrews & Tony Parks,brad andrews tony parks,170686,Brad Andrews & Tony Parks,,,,,,,,,,,,,,,,,,,,,,
Brad Armstrong,brad armstrong,40675,Brad Armstrong,,,,,,,,,,,,,,,,,,,,,,
Brad Attitude & Chrisifix & Matt Lynch,brad attitude chrisifix matt lynch,74352,Brad Attitude & Chrisifix & Matt Lynch,,,,,,,,,,,,,,,,,,,,,,
Brad Avery,brad avery,163674,Brad Avery,,,,,,,,,,,,,,,,,,,,,,
Brad Baylor & Bryce Donovan & Ricky Smokes,brad baylor bryce donovan ricky smokes,55707,Brad Baylor & Bryce Donovan & Ricky Smokes,,,,,,,,,,,,,,,,,,,,,,
Brad Baylor & Ethan Page & Ricky Smokes,brad baylor ethan page ricky smokes,10304,Brad Baylor & Ethan Page & Ricky Smokes,,,,,,,,,,,,,,,,,,,,,,
Brad Baylor & Ricky Smokes,brad baylor ricky smokes,10406,Brad Baylor & Ricky Smokes,,,,,,,,,,,,,,,,,,,,,,
Brad Bradley & Jaymin Oliveris,brad bradley jaymin oliveris,123460,Brad Bradley & Jaymin Oliveris,,,,,,,,,,,,,,,,,,,,,,
Brad Cooper & Heidenreich,brad cooper heidenreich,127456,Brad Cooper & Heidenreich,,,,,,,,,,,,,,,,,,,,,,
Brad Hackerman,brad hackerman,152952,Brad Hackerman,,,,,,,,,,,,,,,,,,,,,,
Brad Hunter,brad hunter,129510,Brad Hunter,,,,,,,,,,,,,,,,,,,,,,
Brad Kramer,brad kramer,164834,Brad Kramer,,,,,,,,,,,,,,,,,,,,,,
Brad Maddox,brad maddox,35668,Brad Maddox,,,,,,,,,,,,,,,,,,,,,,
Brad Maddox & Curtis Axel & Damien Sandow & Heath Slater & Kalisto & Konnor & Sin Cara (II) & Viktor,brad maddox curtis axel damien sandow heath slater kalisto konnor sin cara ii viktor,87666,Brad Maddox & Curtis Axel & Damien Sandow & Heath Slater & Kalisto & Konnor & Sin Cara (II) & Viktor,,,,,,,,,,,,,,,,,,,,,,
Brad Perry,brad perry,168952,Brad Perry,,,,,,,,,,,,,,,,,,,,,,
Brad Rheingans,brad rheingans,172150,Brad Rheingans,,,,,,,,,,,,,,,,,,,,,,
Brad Taylor,brad taylor,124398,Brad Taylor,,,,,,,,,,,,,,,,,,,,,,
Braden Walker,braden walker,116229,Braden Walker,,,,,,,,,,,,,,,,,,,,,,
Bradley Jay,bradley jay,119940,Bradley Jay,,,,,,,,,,,,,,,,,,,,,,
Bradshaw & Chris Benoit,bradshaw chris benoit,129308,Bradshaw & Chris Benoit,,,,,,,,,,,,,,,,,,,,,,
Bradshaw & Crash Holly & Faarooq,bradshaw crash holly faarooq,144593,Bradshaw & Crash Holly & Faarooq,,,,,,,,,,,,,,,,,,,,,,
Bradshaw & Faarooq,bradshaw faarooq,127982,Bradshaw & Faarooq,,,,,,,,,,,,,,,,,,,,,,
Bradshaw & Jamie Noble,bradshaw jamie noble,129389,Bradshaw & Jamie Noble,,,,,,,,,,,,,,,,,,,,,,
Bradshaw & Jeff Hardy,bradshaw jeff hardy,142975,Bradshaw & Jeff Hardy,,,,,,,,,,,,,,,,,,,,,,
Bradshaw & Kane,bradshaw kane,132648,Bradshaw & Kane,,,,,,,,,,,,,,,,,,,,,,
Bradshaw & Steve Austin,bradshaw steve austin,137263,Bradshaw & Steve Austin,,,,,,,,,,,,,,,,,,,,,,
Bradshaw & Test,bradshaw test,146387,Bradshaw & Test,,,,,,,,,,,,,,,,,,,,,,
Bradshaw & Thrasher,bradshaw thrasher,152556,Bradshaw & Thrasher,,,,,,,,,,,,,,,,,,,,,,
Brady Boone,brady boone,167168,Brady Boone,,,,,,,,,,,,,,,,,,,,,,
Brakkus,brakkus,5258,Brakkus,,,,,,,,,,,,,,,,,,,,,,
Branden Vice,branden vice,70678,Branden Vice,,,,,,,,,,,,,,,,,,,,,,
Brandi Alexander,brandi alexander,40894,Brandi Alexander,,,,,,,,,,,,,,,,,,,,,,
Brandi Lauren,brandi lauren,23810,Brandi Lauren,,,,,,,,,,,,,,,,,,,,,,
Brandon Cruz,brandon cruz,143268,Brandon Cruz,,,,,,,,,,,,,,,,,,,,,,
Brandon Gatson,brandon gatson,118288,Brandon Gatson,,,,,,,,,,,,,,,,,,,,,,
Brandon Groom & Eddie Atlas,brandon groom eddie atlas,125468,Brandon Groom & Eddie Atlas,,,,,,,,,,,,,,,,,,,,,,
Brandon Groom & Jason Yates,brandon groom jason yates,127686,Brandon Groom & Jason Yates,,,,,,,,,,,,,,,,,,,,,,
Brandon Hill,brandon hill,117444,Brandon Hill,,,,,,,,,,,,,,,,,,,,,,
Brandon James,brandon james,108524,Brandon James,,,,,,,,,,,,,,,,,,,,,,
Brandon Scott & Elijah King,brandon scott elijah king,72920,Brandon Scott & Elijah King,,,,,,,,,,,,,,,,,,,,,,
Brandon Scott & Trevor Irvin,brandon scott trevor irvin,63846,Brandon Scott & Trevor Irvin,,,,,,,,,,,,,,,,,,,,,,
Brandon Taylor & Matt Knotts,brandon taylor matt knotts,23216,Brandon Taylor & Matt Knotts,,,,,,,,,,,,,,,,,,,,,,
Brandon Young & Dustin Brady,brandon young dustin brady,113544,Brandon Young & Dustin Brady,,,,,,,,,,,,,,,,,,,,,,
Braun Stowman,braun stowman,32261,Braun Stowman,,,,,,,,,,,,,,,,,,,,,,
Braun Strowman & Damian Priest,braun strowman damian priest,56435,Braun Strowman & Damian Priest,,,,,,,,,,,,,,,,,,,,,,
Braun Strowman & Elias,braun strowman elias,70525,Braun Strowman & Elias,,,,,,,,,,,,,,,,,,,,,,
Braun Strowman & Finn Bálor,braun strowman finn balor,72985,Braun Strowman & Finn Bálor,,,,,,,,,,,,,,,,,,,,,,
Braun Strowman & Jimmy Uso,braun strowman jimmy uso,56175,Braun Strowman & Jimmy Uso,,,,,,,,,,,,,,,,,,,,,,
Braun Strowman & Kairi Sane,braun strowman kairi sane,57719,Braun Strowman & Kairi Sane,,,,,,,,,,,,,,,,,,,,,,
Braun Strowman & Kane,braun strowman kane,75418,Braun Strowman & Kane,,,,,,,,,,,,,,,,,,,,,,
Braun Strowman & Nicholas,braun strowman nicholas,75297,Braun Strowman & Nicholas,,,,,,,,,,,,,,,,,,,,,,
Braun Strowman & Rey Mysterio,braun strowman rey mysterio,58131,Braun Strowman & Rey Mysterio,,,,,,,,,,,,,,,,,,,,,,
Bravo Americano & Rayo Americano,bravo americano rayo americano,10557,Bravo Americano & Rayo Americano,,,,,,,,,,,,,,,,,,,,,,
Braxton Cole,braxton cole,11034,Braxton Cole,,,,,,,,,,,,,,,,,,,,,,
Braxton Cole & Brooks Jensen & Chris Island & Dante Chen & Dion Lennox & Drake Morreaux & Elio LeFleur & Hank Walker & Harlem Lewis & Kam Hendrix & Keanu Carver & Lexis King & Mike Garcia & Shiloh Hill & Trill London,braxton cole brooks jensen chris island dante chen dion lennox drake morreaux elio lefleur hank walker harlem lewis kam hendrix keanu carver lexis king mike garcia shiloh hill trill london,10400,Braxton Cole & Brooks Jensen & Chris Island & Dante Chen & Dion Lennox & Drake Morreaux & Elio LeFleur & Hank Walker & Harlem Lewis & Kam Hendrix & Keanu Carver & Lexis King & Mike Garcia & Shiloh Hill & Trill London,,,,,,,,,,,,,,,,,,,,,,
Bray Wyatt,bray wyatt,35420,Bray Wyatt,,,,,,,,,,,,,,,,,,,,,,
Brayden Ray,brayden ray,11406,Brayden Ray,,,,,,,,,,,,,,,,,,,,,,
Braydon Knight & Johnny Knockout,braydon knight johnny knockout,28302,Braydon Knight & Johnny Knockout,,,,,,,,,,,,,,,,,,,,,,
Breanna Covington,breanna covington,13078,Breanna Covington,,,,,,,,,,,,,,,,,,,,,,
Breanna Ruggiero,breanna ruggiero,14264,Breanna Ruggiero,,,,,,,,,,,,,,,,,,,,,,
Brendan Burke & Dan Barrone,brendan burke dan barrone,104180,Brendan Burke & Dan Barrone,,,,,,,,,,,,,,,,,,,,,,
Brendan Vink,brendan vink,18668,Brendan Vink,,,,,,,,,,,,,,,,,,,,,,
Brennan Williams,brennan williams,20745,Brennan Williams,,,,,,,,,,,,,,,,,,,,,,
Brennan Williams & Buddy Murphy & Christopher Dijak & Fabian Aichner & Jason & Jeet Rama & Kona Reeves & Marcel Barthel & Nick Miller & Otis Dozovic & Raul Mendoza & Shane Thorne & Steve Cutler & Tian Bing & Tucker Knight & Tyler Bate & Unknown Male Wrestler & Wesley Blake & Wolfgang,brennan williams buddy murphy christopher dijak fabian aichner jason jeet rama kona reeves marcel barthel nick miller otis dozovic raul mendoza shane thorne steve cutler tian bing tucker knight tyler bate unknown male wrestler wesley blake wolfgang,25254,Brennan Williams & Buddy Murphy & Christopher Dijak & Fabian Aichner & Jason & Jeet Rama & Kona Reeves & Marcel Barthel & Nick Miller & Otis Dozovic & Raul Mendoza & Shane Thorne & Steve Cutler & Tian Bing & Tucker Knight & Tyler Bate & Unknown Male Wrestler & Wesley Blake & Wolfgang,,,,,,,,,,,,,,,,,,,,,,
Brent Albright,brent albright,122984,Brent Albright,,,,,,,,,,,,,,,,,,,,,,
Brent Dail & Mideon,brent dail mideon,128638,Brent Dail & Mideon,,,,,,,,,,,,,,,,,,,,,,
Brent Roberts & Jeremy Barner,brent roberts jeremy barner,111900,Brent Roberts & Jeremy Barner,,,,,,,,,,,,,,,,,,,,,,
Bret Hamner,bret hamner,44883,Bret Hamner,,,,,,,,,,,,,,,,,,,,,,
Bret Hart,bret hart,5965,Bret Hart,,,,,,,,,,,,,,,,,,,,,,
Bret Hart & Davey Boy Smith & Dynamite Kid & Jim Neidhart & Jim Powers & Marty Jannetty & Paul Roma & Shawn Michaels & The Barbarian & The Warlord,bret hart davey boy smith dynamite kid jim neidhart jim powers marty jannetty paul roma shawn michaels the barbarian the warlord,169871,Bret Hart & Davey Boy Smith & Dynamite Kid & Jim Neidhart & Jim Powers & Marty Jannetty & Paul Roma & Shawn Michaels & The Barbarian & The Warlord,,,,,,,,,,,,,,,,,,,,,,
Bret Tyler & Darren Trujillo,bret tyler darren trujillo,160792,Bret Tyler & Darren Trujillo,,,,,,,,,,,,,,,,,,,,,,
Bret Tyler & Dave Thornberg,bret tyler dave thornberg,160810,Bret Tyler & Dave Thornberg,,,,,,,,,,,,,,,,,,,,,,
Brett Badery,brett badery,115754,Brett Badery,,,,,,,,,,,,,,,,,,,,,,
Brett Barnes,brett barnes,115334,Brett Barnes,,,,,,,,,,,,,,,,,,,,,,
Brett Major & Brian Major,brett major brian major,118058,Brett Major & Brian Major,,,,,,,,,,,,,,,,,,,,,,
Brett Matthews,brett matthews,125318,Brett Matthews,,,,,,,,,,,,,,,,,,,,,,
Breyer Wellington,breyer wellington,151228,Breyer Wellington,,,,,,,,,,,,,,,,,,,,,,
Brian Adams,brian adams,36766,Brian Adams,,,,,,,,,,,,,,,,,,,,,,
Brian Adams & Bryan Clark & Corporal Cajun & Evan Karagias & Jamie-San & Jimmy Yang & Jr. & Juventud Guerrera & Kaz Hayashi & Lt. Loco & Rey Misterio & Shane Helms & Shannon Moore,brian adams bryan clark corporal cajun evan karagias jamie san jimmy yang jr juventud guerrera kaz hayashi lt loco rey misterio shane helms shannon moore,37588,Brian Adams & Bryan Clark & Corporal Cajun & Evan Karagias & Jamie-San & Jimmy Yang & Jr. & Juventud Guerrera & Kaz Hayashi & Lt. Loco & Rey Misterio & Shane Helms & Shannon Moore,,,,,,,,,,,,,,,,,,,,,,
Brian Anthony,brian anthony,147059,Brian Anthony,,,,,,,,,,,,,,,,,,,,,,
Brian Armstrong & Scott Studd,brian armstrong scott studd,51962,Brian Armstrong & Scott Studd,,,,,,,,,,,,,,,,,,,,,,
Brian Bernick,brian bernick,40504,Brian Bernick,,,,,,,,,,,,,,,,,,,,,,
Brian Black,brian black,125236,Brian Black,,,,,,,,,,,,,,,,,,,,,,
Brian Boyer,brian boyer,161706,Brian Boyer,,,,,,,,,,,,,,,,,,,,,,
Brian Brieger & Brian Donahue,brian brieger brian donahue,163036,Brian Brieger & Brian Donahue,,,,,,,,,,,,,,,,,,,,,,
Brian Christopher,brian christopher,148726,Brian Christopher,,,,,,,,,,,,,,,,,,,,,,
Brian Cole & Chuck Cole,brian cole chuck cole,137708,Brian Cole & Chuck Cole,,,,,,,,,,,,,,,,,,,,,,
Brian Collins,brian collins,36438,Brian Collins,,,,,,,,,,,,,,,,,,,,,,
Brian Costello & Brian Donahue,brian costello brian donahue,164496,Brian Costello & Brian Donahue,,,,,,,,,,,,,,,,,,,,,,
Brian Costello & Chris Oliver,brian costello chris oliver,172096,Brian Costello & Chris Oliver,,,,,,,,,,,,,,,,,,,,,,
Brian Costello & Dan Johnson,brian costello dan johnson,165790,Brian Costello & Dan Johnson,,,,,,,,,,,,,,,,,,,,,,
Brian Costello & Dave Lanning,brian costello dave lanning,170732,Brian Costello & Dave Lanning,,,,,,,,,,,,,,,,,,,,,,
Brian Costello & Doug Wallen,brian costello doug wallen,165846,Brian Costello & Doug Wallen,,,,,,,,,,,,,,,,,,,,,,
Brian Costello & James Saxton,brian costello james saxton,166796,Brian Costello & James Saxton,,,,,,,,,,,,,,,,,,,,,,
Brian Costello & Jim Peterson,brian costello jim peterson,162424,Brian Costello & Jim Peterson,,,,,,,,,,,,,,,,,,,,,,
Brian Costello & Mark Bow,brian costello mark bow,169680,Brian Costello & Mark Bow,,,,,,,,,,,,,,,,,,,,,,
Brian Costello & Paul Sampson,brian costello paul sampson,163768,Brian Costello & Paul Sampson,,,,,,,,,,,,,,,,,,,,,,
Brian Costello & Ray Oakley,brian costello ray oakley,168990,Brian Costello & Ray Oakley,,,,,,,,,,,,,,,,,,,,,,
Brian Costello & Steve Moore,brian costello steve moore,160450,Brian Costello & Steve Moore,,,,,,,,,,,,,,,,,,,,,,
Brian Donahue & Kerry Davis,brian donahue kerry davis,165286,Brian Donahue & Kerry Davis,,,,,,,,,,,,,,,,,,,,,,
Brian Donahue & Mike Khoury,brian donahue mike khoury,165064,Brian Donahue & Mike Khoury,,,,,,,,,,,,,,,,,,,,,,
Brian Donahue & Mike Midland,brian donahue mike midland,165024,Brian Donahue & Mike Midland,,,,,,,,,,,,,,,,,,,,,,
Brian Donahue & Robert Taylor,brian donahue robert taylor,164556,Brian Donahue & Robert Taylor,,,,,,,,,,,,,,,,,,,,,,
Brian Edwards & Kevin Bendl,brian edwards kevin bendl,104800,Brian Edwards & Kevin Bendl,,,,,,,,,,,,,,,,,,,,,,
Brian Elder,brian elder,169278,Brian Elder,,,,,,,,,,,,,,,,,,,,,,
Brian Elmore,brian elmore,163874,Brian Elmore,,,,,,,,,,,,,,,,,,,,,,
Brian Faulkner,brian faulkner,156362,Brian Faulkner,,,,,,,,,,,,,,,,,,,,,,
Brian Gamble,brian gamble,138884,Brian Gamble,,,,,,,,,,,,,,,,,,,,,,
Brian Hardy,brian hardy,158824,Brian Hardy,,,,,,,,,,,,,,,,,,,,,,
Brian Helton,brian helton,162470,Brian Helton,,,,,,,,,,,,,,,,,,,,,,
Brian Henderson,brian henderson,131518,Brian Henderson,,,,,,,,,,,,,,,,,,,,,,
Brian Jennings,brian jennings,122248,Brian Jennings,,,,,,,,,,,,,,,,,,,,,,
Brian Jewel & Stan Saxson,brian jewel stan saxson,165408,Brian Jewel & Stan Saxson,,,,,,,,,,,,,,,,,,,,,,
Brian Johnson & Jesse Knight,brian johnson jesse knight,166272,Brian Johnson & Jesse Knight,,,,,,,,,,,,,,,,,,,,,,
Brian Johnson & Mike Powell,brian johnson mike powell,168236,Brian Johnson & Mike Powell,,,,,,,,,,,,,,,,,,,,,,
Brian Johnson & Tom Fuller,brian johnson tom fuller,168262,Brian Johnson & Tom Fuller,,,,,,,,,,,,,,,,,,,,,,
Brian Keith,brian keith,74918,Brian Keith,,,,,,,,,,,,,,,,,,,,,,
Brian Kendrick,brian kendrick,33090,Brian Kendrick,,,,,,,,,,,,,,,,,,,,,,
Brian Kendrick & Carlito & Charlie Haas & Cody Rhodes & D. H. Smith & Hardcore Holly & Jim Duggan & John Bradshaw Layfield & Lance Cade & Paul Burchill & Robbie McAllister & Santino Marella & Snitsky & Super Crazy & Trevor Murdoch & Umaga & Val Venis,brian kendrick carlito charlie haas cody rhodes d h smith hardcore holly jim duggan john bradshaw layfield lance cade paul burchill robbie mcallister santino marella snitsky super crazy trevor murdoch umaga val venis,117360,Brian Kendrick & Carlito & Charlie Haas & Cody Rhodes & D. H. Smith & Hardcore Holly & Jim Duggan & John Bradshaw Layfield & Lance Cade & Paul Burchill & Robbie McAllister & Santino Marella & Snitsky & Super Crazy & Trevor Murdoch & Umaga & Val Venis,,,,,,,,,,,,,,,,,,,,,,
Brian Kendrick & Chavo Guerrero & Chris Benoit & Dave Taylor & Flash Funk & Funaki & Gregory Helms & Jimmy Wang Yang & Kane & Montel Vontavious Porter & Mr. Kennedy & Paul London & Sylvan & Tatanka & Vito & William Regal,brian kendrick chavo guerrero chris benoit dave taylor flash funk funaki gregory helms jimmy wang yang kane montel vontavious porter mr kennedy paul london sylvan tatanka vito william regal,120552,Brian Kendrick & Chavo Guerrero & Chris Benoit & Dave Taylor & Flash Funk & Funaki & Gregory Helms & Jimmy Wang Yang & Kane & Montel Vontavious Porter & Mr. Kennedy & Paul London & Sylvan & Tatanka & Vito & William Regal,,,,,,,,,,,,,,,,,,,,,,
Brian Kendrick & Chavo Guerrero & Dave Taylor & Gregory Helms & John Cena & Johnny Nitro & Kevin Thorn & Lance Cade & Marcus Cor Von & Paul London & Shawn Michaels & The Miz & The Sandman & Tommy Dreamer & Trevor Murdoch & Val Venis & Viscera & William Regal,brian kendrick chavo guerrero dave taylor gregory helms john cena johnny nitro kevin thorn lance cade marcus cor von paul london shawn michaels the miz the sandman tommy dreamer trevor murdoch val venis viscera william regal,119716,Brian Kendrick & Chavo Guerrero & Dave Taylor & Gregory Helms & John Cena & Johnny Nitro & Kevin Thorn & Lance Cade & Marcus Cor Von & Paul London & Shawn Michaels & The Miz & The Sandman & Tommy Dreamer & Trevor Murdoch & Val Venis & Viscera & William Regal,,,,,,,,,,,,,,,,,,,,,,
Brian Kendrick & Chuck Palumbo & Cody Rhodes & Deuce & Domino & Elijah Burke & Festus & Hardcore Holly & Jamie Noble & Jesse & Jim Duggan & Jimmy Wang Yang & Kofi Kingston & Lance Cade & Mark Henry & Shannon Moore & Snitsky & Stevie Richards & The Great Khali & The Miz & Tommy Dreamer & Trevor Murdoch & Val Venis,brian kendrick chuck palumbo cody rhodes deuce domino elijah burke festus hardcore holly jamie noble jesse jim duggan jimmy wang yang kofi kingston lance cade mark henry shannon moore snitsky stevie richards the great khali the miz tommy dreamer trevor murdoch val venis,117270,Brian Kendrick & Chuck Palumbo & Cody Rhodes & Deuce & Domino & Elijah Burke & Festus & Hardcore Holly & Jamie Noble & Jesse & Jim Duggan & Jimmy Wang Yang & Kofi Kingston & Lance Cade & Mark Henry & Shannon Moore & Snitsky & Stevie Richards & The Great Khali & The Miz & Tommy Dreamer & Trevor Murdoch & Val Venis,,,,,,,,,,,,,,,,,,,,,,
Brian Kendrick & Chuck Palumbo & Deuce & Domino & Elijah Burke & Lance Cade & Mark Henry & Matt Striker & Snitsky & The Great Khali & The Miz & Trevor Murdoch,brian kendrick chuck palumbo deuce domino elijah burke lance cade mark henry matt striker snitsky the great khali the miz trevor murdoch,117301,Brian Kendrick & Chuck Palumbo & Deuce & Domino & Elijah Burke & Lance Cade & Mark Henry & Matt Striker & Snitsky & The Great Khali & The Miz & Trevor Murdoch,,,,,,,,,,,,,,,,,,,,,,
Brian Kendrick & Finlay & Jamie Noble & Kid Kash & Matt Hardy & Mr. Kennedy & Paul London & Psicosis & Scotty 2 Hotty & Sho Funaki & Simon Dean & Super Crazy & William Regal,brian kendrick finlay jamie noble kid kash matt hardy mr kennedy paul london psicosis scotty 2 hotty sho funaki simon dean super crazy william regal,121712,Brian Kendrick & Finlay & Jamie Noble & Kid Kash & Matt Hardy & Mr. Kennedy & Paul London & Psicosis & Scotty 2 Hotty & Sho Funaki & Simon Dean & Super Crazy & William Regal,,,,,,,,,,,,,,,,,,,,,,
Brian Kendrick & Funaki & Hardcore Holly & Kid Kash & Orlando Jordan & Paul Burchill & Paul London & Psicosis & Simon Dean & Super Crazy & Vito & William Regal,brian kendrick funaki hardcore holly kid kash orlando jordan paul burchill paul london psicosis simon dean super crazy vito william regal,123610,Brian Kendrick & Funaki & Hardcore Holly & Kid Kash & Orlando Jordan & Paul Burchill & Paul London & Psicosis & Simon Dean & Super Crazy & Vito & William Regal,,,,,,,,,,,,,,,,,,,,,,
Brian Kendrick & Gregory Helms & Kid Kash & Nunzio & Paul London & Psicosis & Scotty 2 Hotty & Sho Funaki & Super Crazy & Tajiri,brian kendrick gregory helms kid kash nunzio paul london psicosis scotty 2 hotty sho funaki super crazy tajiri,123712,Brian Kendrick & Gregory Helms & Kid Kash & Nunzio & Paul London & Psicosis & Scotty 2 Hotty & Sho Funaki & Super Crazy & Tajiri,,,,,,,,,,,,,,,,,,,,,,
Brian Kendrick & Gymini #1 & Gymini #2 & Jamie Noble & Joey Mercury & Johnny Nitro & Kid Kash & Nunzio & Orlando Jordan & Paul Burchill & Paul London & Psicosis & Road Warrior & Scotty 2 Hotty & Sho Funaki & Simon Dean & Super Crazy & Sylvan & Tatanka,brian kendrick gymini 1 gymini 2 jamie noble joey mercury johnny nitro kid kash nunzio orlando jordan paul burchill paul london psicosis road warrior scotty 2 hotty sho funaki simon dean super crazy sylvan tatanka,122516,Brian Kendrick & Gymini #1 & Gymini #2 & Jamie Noble & Joey Mercury & Johnny Nitro & Kid Kash & Nunzio & Orlando Jordan & Paul Burchill & Paul London & Psicosis & Road Warrior & Scotty 2 Hotty & Sho Funaki & Simon Dean & Super Crazy & Sylvan & Tatanka,,,,,,,,,,,,,,,,,,,,,,
Brian Kennedy & Scott Jackson,brian kennedy scott jackson,83848,Brian Kennedy & Scott Jackson,,,,,,,,,,,,,,,,,,,,,,
Brian Knobbs,brian knobbs,38724,Brian Knobbs,,,,,,,,,,,,,,,,,,,,,,
Brian Knobbs & Cactus Jack & Dustin Rhodes & Jerry Sags & Johnny B. Badd & King Kong & Paul Orndorff & Ric Flair & Rick Rude & Rip Rogers & Road Warrior Hawk & Shanghai Pierce & Steve Austin & Sting & The Shockmaster,brian knobbs cactus jack dustin rhodes jerry sags johnny b badd king kong paul orndorff ric flair rick rude rip rogers road warrior hawk shanghai pierce steve austin sting the shockmaster,52284,Brian Knobbs & Cactus Jack & Dustin Rhodes & Jerry Sags & Johnny B. Badd & King Kong & Paul Orndorff & Ric Flair & Rick Rude & Rip Rogers & Road Warrior Hawk & Shanghai Pierce & Steve Austin & Sting & The Shockmaster,,,,,,,,,,,,,,,,,,,,,,
Brian Knobbs & Ciclope & David Taylor & Hardcore Hak & Horace Hogan & Hugh Morrus & Jerry Flynn & Johnny Grunge & La Parka & Mikey Whipwreck & Rocco Rock & Silver King & Steven Regal,brian knobbs ciclope david taylor hardcore hak horace hogan hugh morrus jerry flynn johnny grunge la parka mikey whipwreck rocco rock silver king steven regal,41756,Brian Knobbs & Ciclope & David Taylor & Hardcore Hak & Horace Hogan & Hugh Morrus & Jerry Flynn & Johnny Grunge & La Parka & Mikey Whipwreck & Rocco Rock & Silver King & Steven Regal,,,,,,,,,,,,,,,,,,,,,,
Brian Lee,brian lee,6617,Brian Lee,,,,,,,,,,,,,,,,,,,,,,
Brian Lee & Buh Buh Ray Dudley & D-Von Dudley & Dog & Don Harris & John Kronus & Mikey Whipwreck & New Jack & Perry Saturn & Pitbull #1 & Ron Harris & Rose & Shane Douglas & Stevie Richards,brian lee buh buh ray dudley d von dudley dog don harris john kronus mikey whipwreck new jack perry saturn pitbull 1 ron harris rose shane douglas stevie richards,7776,Brian Lee & Buh Buh Ray Dudley & D-Von Dudley & Dog & Don Harris & John Kronus & Mikey Whipwreck & New Jack & Perry Saturn & Pitbull #1 & Ron Harris & Rose & Shane Douglas & Stevie Richards,,,,,,,,,,,,,,,,,,,,,,
Brian Logan,brian logan,146716,Brian Logan,,,,,,,,,,,,,,,,,,,,,,
Brian Mackney,brian mackney,175064,Brian Mackney,,,,,,,,,,,,,,,,,,,,,,
Brian McNeil & Kory Williams,brian mcneil kory williams,37878,Brian McNeil & Kory Williams,,,,,,,,,,,,,,,,,,,,,,
Brian Newkirk & Tony Casina,brian newkirk tony casina,127598,Brian Newkirk & Tony Casina,,,,,,,,,,,,,,,,,,,,,,
Brian Owens,brian owens,169252,Brian Owens,,,,,,,,,,,,,,,,,,,,,,
Brian Pillman,brian pillman,51154,Brian Pillman,,,,,,,,,,,,,,,,,,,,,,
Brian Scott,brian scott,154624,Brian Scott,,,,,,,,,,,,,,,,,,,,,,
Brian Taylor & Burt King & Matt Duvall,brian taylor burt king matt duvall,152860,Brian Taylor & Burt King & Matt Duvall,,,,,,,,,,,,,,,,,,,,,,
Brian Thomas & James Maverick,brian thomas james maverick,63274,Brian Thomas & James Maverick,,,,,,,,,,,,,,,,,,,,,,
Brian Walsh,brian walsh,151758,Brian Walsh,,,,,,,,,,,,,,,,,,,,,,
Brian Wenzel & Mike Tolar,brian wenzel mike tolar,119830,Brian Wenzel & Mike Tolar,,,,,,,,,,,,,,,,,,,,,,
Brian West,brian west,161396,Brian West,,,,,,,,,,,,,,,,,,,,,,
Briana Brandy & M. J. Jenkins,briana brandy m j jenkins,18498,Briana Brandy & M. J. Jenkins,,,,,,,,,,,,,,,,,,,,,,
Briana Brandy & Rita Reis,briana brandy rita reis,18851,Briana Brandy & Rita Reis,,,,,,,,,,,,,,,,,,,,,,
Briana Ray,briana ray,62682,Briana Ray,,,,,,,,,,,,,,,,,,,,,,
Brickhouse Brown,brickhouse brown,156454,Brickhouse Brown,,,,,,,,,,,,,,,,,,,,,,
Brie Bella & Daniel Bryan,brie bella daniel bryan,74168,Brie Bella & Daniel Bryan,,,,,,,,,,,,,,,,,,,,,,
Brie Bella & Nikki Bella,brie bella nikki bella,35673,Brie Bella & Nikki Bella,,,,,,,,,,,,,,,,,,,,,,
Briley Pierce & Sakamoto,briley pierce sakamoto,35540,Briley Pierce & Sakamoto,,,,,,,,,,,,,,,,,,,,,,
Briley Pierce & Trent Barreta,briley pierce trent barreta,35960,Briley Pierce & Trent Barreta,,,,,,,,,,,,,,,,,,,,,,
Brinley Reece,brinley reece,11672,Brinley Reece,,,,,,,,,,,,,,,,,,,,,,
Brinley Reece & Dani Palmer & Gigi Dolin & Karmen Petrovic & Kelani Jordan & Kelani Jordan & Layla Diggs & Nikkita Lyons & Roxanne Perez & Shotzi & Stevie Turner & Tatum Paxley & Tyra Mae Steele & Unknown Female Wrestler,brinley reece dani palmer gigi dolin karmen petrovic kelani jordan kelani jordan layla diggs nikkita lyons roxanne perez shotzi stevie turner tatum paxley tyra mae steele unknown female wrestler,11954,Brinley Reece & Dani Palmer & Gigi Dolin & Karmen Petrovic & Kelani Jordan & Kelani Jordan & Layla Diggs & Nikkita Lyons & Roxanne Perez & Shotzi & Stevie Turner & Tatum Paxley & Tyra Mae Steele & Unknown Female Wrestler,,,,,,,,,,,,,,,,,,,,,,
Britt Baker,britt baker,22670,Britt Baker,,,,,,,,,,,,,,,,,,,,,,
Brittney Carter,brittney carter,113288,Brittney Carter,,,,,,,,,,,,,,,,,,,,,,
Broad Street Bully,broad street bully,7978,Broad Street Bully,,,,,,,,,,,,,,,,,,,,,,
Brock Lesnar,brock lesnar,34160715,Brock Lesnar,,UFC Heavyweight,,,1977-07-12,United States,,,https://r2.thesportsdb.com/images/media/player/thumb/ubdyn91574961656.jpg,,UFC Heavyweight,,thesportsdb,,,,,,,,,
Brodie Chase & Krazy K,brodie chase krazy k,118042,Brodie Chase & Krazy K,,,,,,,,,,,,,,,,,,,,,,
Brodus Clay,brodus clay,34442,Brodus Clay,,,,,,,,,,,,,,,,,,,,,,
Brodus Clay & Chavo Guerrero & Chris Masters & Cody Rhodes & Curt Hawkins & Drew McIntyre & Ezekiel Jackson & Heath Slater & JTG & Jack Swagger & Justin Gabriel & Kane & Kofi Kingston & Rey Mysterio & The Big Show & Trent Barreta & Tyler Reks & Wade Barrett & Yoshi Tatsu,brodus clay chavo guerrero chris masters cody rhodes curt hawkins drew mcintyre ezekiel jackson heath slater jtg jack swagger justin gabriel kane kofi kingston rey mysterio the big show trent barreta tyler reks wade barrett yoshi tatsu,109674,Brodus Clay & Chavo Guerrero & Chris Masters & Cody Rhodes & Curt Hawkins & Drew McIntyre & Ezekiel Jackson & Heath Slater & JTG & Jack Swagger & Justin Gabriel & Kane & Kofi Kingston & Rey Mysterio & The Big Show & Trent Barreta & Tyler Reks & Wade Barrett & Yoshi Tatsu,,,,,,,,,,,,,,,,,,,,,,
Brodus Clay & Chris Masters & Cody Rhodes & Daniel Bryan & Drew McIntyre & Evan Bourne & Ezekiel Jackson & Heath Slater & Kane & Mark Henry & Mason Ryan & Santino Marella & Sheamus & Ted DiBiase Jr. & The Great Khali & Wade Barrett & Yoshi Tatsu,brodus clay chris masters cody rhodes daniel bryan drew mcintyre evan bourne ezekiel jackson heath slater kane mark henry mason ryan santino marella sheamus ted dibiase jr the great khali wade barrett yoshi tatsu,109610,Brodus Clay & Chris Masters & Cody Rhodes & Daniel Bryan & Drew McIntyre & Evan Bourne & Ezekiel Jackson & Heath Slater & Kane & Mark Henry & Mason Ryan & Santino Marella & Sheamus & Ted DiBiase Jr. & The Great Khali & Wade Barrett & Yoshi Tatsu,,,,,,,,,,,,,,,,,,,,,,
Brodus Clay & Cody Rhodes & Damien Sandow & Darren Young & Drew McIntyre & Epico & Jey Uso & Jimmy Uso & Jinder Mahal & Justin Gabriel & Primo & Santino Marella & Ted DiBiase Jr. & Titus O'Neil & Tyson Kidd & Wade Barrett & William Regal & Yoshi Tatsu & Zack Ryder,brodus clay cody rhodes damien sandow darren young drew mcintyre epico jey uso jimmy uso jinder mahal justin gabriel primo santino marella ted dibiase jr titus o neil tyson kidd wade barrett william regal yoshi tatsu zack ryder,101820,Brodus Clay & Cody Rhodes & Damien Sandow & Darren Young & Drew McIntyre & Epico & Jey Uso & Jimmy Uso & Jinder Mahal & Justin Gabriel & Primo & Santino Marella & Ted DiBiase Jr. & Titus O'Neil & Tyson Kidd & Wade Barrett & William Regal & Yoshi Tatsu & Zack Ryder,,,,,,,,,,,,,,,,,,,,,,
Brodus Clay & Cody Rhodes & Daniel Bryan & Ezekiel Jackson & Heath Slater & Jey Uso & Jimmy Uso & Jinder Mahal & Sheamus & The Great Khali & Tyson Kidd & Wade Barrett & Yoshi Tatsu,brodus clay cody rhodes daniel bryan ezekiel jackson heath slater jey uso jimmy uso jinder mahal sheamus the great khali tyson kidd wade barrett yoshi tatsu,108476,Brodus Clay & Cody Rhodes & Daniel Bryan & Ezekiel Jackson & Heath Slater & Jey Uso & Jimmy Uso & Jinder Mahal & Sheamus & The Great Khali & Tyson Kidd & Wade Barrett & Yoshi Tatsu,,,,,,,,,,,,,,,,,,,,,,
Brodus Clay & Darren Young & Drew McIntyre & Epico & Heath Slater & JTG & Jinder Mahal & Justin Gabriel & Michael McGillicutty & Primo & Santino Marella & Ted DiBiase Jr. & Tensai & Titus O'Neil & Tyson Kidd,brodus clay darren young drew mcintyre epico heath slater jtg jinder mahal justin gabriel michael mcgillicutty primo santino marella ted dibiase jr tensai titus o neil tyson kidd,103080,Brodus Clay & Darren Young & Drew McIntyre & Epico & Heath Slater & JTG & Jinder Mahal & Justin Gabriel & Michael McGillicutty & Primo & Santino Marella & Ted DiBiase Jr. & Tensai & Titus O'Neil & Tyson Kidd,,,,,,,,,,,,,,,,,,,,,,
Brogan Finlay,brogan finlay,13562,Brogan Finlay,,,,,,,,,,,,,,,,,,,,,,
Bron Breakker,bron breakker,13822,Bron Breakker,,,,,,,,,,,,,,,,,,,,,,
Bronco Nima & Brooks Jensen & Brutus Creed & Butch & Damon Kemp & Drew Gulak & Edris Enofé & Hank Walker & Josh Briggs & Julius Creed & Lucien Price & Malik Blade & Mark Coffey & Ridge Holland & Tank Ledger & Wolfgang,bronco nima brooks jensen brutus creed butch damon kemp drew gulak edris enofe hank walker josh briggs julius creed lucien price malik blade mark coffey ridge holland tank ledger wolfgang,14228,Bronco Nima & Brooks Jensen & Brutus Creed & Butch & Damon Kemp & Drew Gulak & Edris Enofé & Hank Walker & Josh Briggs & Julius Creed & Lucien Price & Malik Blade & Mark Coffey & Ridge Holland & Tank Ledger & Wolfgang,,,,,,,,,,,,,,,,,,,,,,
"Bronco Nima & Brooks Jensen & Brutus Creed & Channing ""Stacks"" Lorenzo & Dante Chen & Edris Enofé & Elton Prince & Grayson Waller & Hank Walker & Ikemen Jiro & Kit Wilson & Malik Blade & Trick Williams & Unknown Participants & Xyon Quinn",bronco nima brooks jensen brutus creed channing stacks lorenzo dante chen edris enofe elton prince grayson waller hank walker ikemen jiro kit wilson malik blade trick williams unknown participants xyon quinn,16066,"Bronco Nima & Brooks Jensen & Brutus Creed & Channing ""Stacks"" Lorenzo & Dante Chen & Edris Enofé & Elton Prince & Grayson Waller & Hank Walker & Ikemen Jiro & Kit Wilson & Malik Blade & Trick Williams & Unknown Participants & Xyon Quinn",,,,,,,,,,,,,,,,,,,,,,
Bronco Nima & Joe Coffey & Lucien Price & Mark Coffey & Wolfgang,bronco nima joe coffey lucien price mark coffey wolfgang,12186,Bronco Nima & Joe Coffey & Lucien Price & Mark Coffey & Wolfgang,,,,,,,,,,,,,,,,,,,,,,
Bronco Nima & Kale Dixon & Lucien Price & Tyriek Igwe & Uriah Connors & Wes Lee,bronco nima kale dixon lucien price tyriek igwe uriah connors wes lee,11166,Bronco Nima & Kale Dixon & Lucien Price & Tyriek Igwe & Uriah Connors & Wes Lee,,,,,,,,,,,,,,,,,,,,,,
Bronco Nima & Lucien Price,bronco nima lucien price,10391,Bronco Nima & Lucien Price,,,,,,,,,,,,,,,,,,,,,,
Bronco Nima & SCRYPTS,bronco nima scrypts,14544,Bronco Nima & SCRYPTS,,,,,,,,,,,,,,,,,,,,,,
Bronson Matthews,bronson matthews,29376,Bronson Matthews,,,,,,,,,,,,,,,,,,,,,,
Bronson Reed,bronson reed,17554,Bronson Reed,,,,,,,,,,,,,,,,,,,,,,
Brook Bernice,brook bernice,168898,Brook Bernice,,,,,,,,,,,,,,,,,,,,,,
Brooke Adams & Jillian Hall & Kelly Kelly & Kristal Marshall & Layla & Maria Kanellis & Melina & Michelle McCool & Mickie James & Torrie Wilson & Victoria,brooke adams jillian hall kelly kelly kristal marshall layla maria kanellis melina michelle mccool mickie james torrie wilson victoria,118762,Brooke Adams & Jillian Hall & Kelly Kelly & Kristal Marshall & Layla & Maria Kanellis & Melina & Michelle McCool & Mickie James & Torrie Wilson & Victoria,,,,,,,,,,,,,,,,,,,,,,
Brooklyn Barlow,brooklyn barlow,14630,Brooklyn Barlow,,,,,,,,,,,,,,,,,,,,,,
Brooklyn Barlow & Cora Jade & Dana Brooke & Elektra Lopez & Fallon Henley & Gigi Dolin & Jacy Jayne & Jakara Jackson & Kelani Jordan & Kiana James & Lash Legend & Lola Vice & Lyra Valkyria & Roxanne Perez & Tatum Paxley & Valentina Feroz & Yulisa Leon,brooklyn barlow cora jade dana brooke elektra lopez fallon henley gigi dolin jacy jayne jakara jackson kelani jordan kiana james lash legend lola vice lyra valkyria roxanne perez tatum paxley valentina feroz yulisa leon,14962,Brooklyn Barlow & Cora Jade & Dana Brooke & Elektra Lopez & Fallon Henley & Gigi Dolin & Jacy Jayne & Jakara Jackson & Kelani Jordan & Kiana James & Lash Legend & Lola Vice & Lyra Valkyria & Roxanne Perez & Tatum Paxley & Valentina Feroz & Yulisa Leon,,,,,,,,,,,,,,,,,,,,,,
Brooks Jensen & Brutus Creed & Grayson Waller & Joaquin Wilde & Josh Briggs & Julius Creed & Raul Mendoza & Sanga,brooks jensen brutus creed grayson waller joaquin wilde josh briggs julius creed raul mendoza sanga,16966,Brooks Jensen & Brutus Creed & Grayson Waller & Joaquin Wilde & Josh Briggs & Julius Creed & Raul Mendoza & Sanga,,,,,,,,,,,,,,,,,,,,,,
"Brooks Jensen & Channing ""Stacks"" Lorenzo & Dion Lennox & Ethan Page & Hank Walker & Harlem Lewis & Luca Crusifino & Myles Borne & Oro Mensah & Tank Ledger & Tavion Heights & Tyriek Igwe & Unknown Participants & Yoshiki Inamura",brooks jensen channing stacks lorenzo dion lennox ethan page hank walker harlem lewis luca crusifino myles borne oro mensah tank ledger tavion heights tyriek igwe unknown participants yoshiki inamura,12002,"Brooks Jensen & Channing ""Stacks"" Lorenzo & Dion Lennox & Ethan Page & Hank Walker & Harlem Lewis & Luca Crusifino & Myles Borne & Oro Mensah & Tank Ledger & Tavion Heights & Tyriek Igwe & Unknown Participants & Yoshiki Inamura",,,,,,,,,,,,,,,,,,,,,,
Brooks Jensen & Lexis King,brooks jensen lexis king,10300,Brooks Jensen & Lexis King,,,,,,,,,,,,,,,,,,,,,,
Brother Nero & Matt Hardy,brother nero matt hardy,10680,Brother Nero & Matt Hardy,,,,,,,,,,,,,,,,,,,,,,
Bruce Mitchell,bruce mitchell,162698,Bruce Mitchell,,,,,,,,,,,,,,,,,,,,,,
Bruce Steele & Style,bruce steele style,131772,Bruce Steele & Style,,,,,,,,,,,,,,,,,,,,,,
Bruiser Bedlam & Danny Johnson,bruiser bedlam danny johnson,50694,Bruiser Bedlam & Danny Johnson,,,,,,,,,,,,,,,,,,,,,,
Bruiser Brody,bruiser brody,134356,Bruiser Brody,,,,,,,,,,,,,,,,,,,,,,
Bruiser Mastino,bruiser mastino,8245,Bruiser Mastino,,,,,,,,,,,,,,,,,,,,,,
Bruno Detista,bruno detista,155016,Bruno Detista,,,,,,,,,,,,,,,,,,,,,,
Bruno Sammartino,bruno sammartino,34168621,Bruno Sammartino,,_Deceased Figthing,,,1935-10-06,Italy,,,https://r2.thesportsdb.com/images/media/player/thumb/lsuhkc1575314967.jpg,,_Deceased Figthing,,thesportsdb,,,,,,,,,
Bruno Sassi & Dan Evans,bruno sassi dan evans,8784,Bruno Sassi & Dan Evans,,,,,,,,,,,,,,,,,,,,,,
Bruno Taylor,bruno taylor,154424,Bruno Taylor,,,,,,,,,,,,,,,,,,,,,,
Brute Bernard & Skull Murphy,brute bernard skull murphy,136462,Brute Bernard & Skull Murphy,,,,,,,,,,,,,,,,,,,,,,
Brutus Beefcake,brutus beefcake,161819,Brutus Beefcake,,,,,,,,,,,,,,,,,,,,,,
Brutus Creed & El Grande Americano & Julius Creed,brutus creed el grande americano julius creed,56023,Brutus Creed & El Grande Americano & Julius Creed,,,,,,,,,,,,,,,,,,,,,,
Brutus Creed & Erik & Ivar & Julius Creed,brutus creed erik ivar julius creed,55728,Brutus Creed & Erik & Ivar & Julius Creed,,,,,,,,,,,,,,,,,,,,,,
Brutus Creed & Fabian Aichner & Julius Creed & Marcel Barthel,brutus creed fabian aichner julius creed marcel barthel,16996,Brutus Creed & Fabian Aichner & Julius Creed & Marcel Barthel,,,,,,,,,,,,,,,,,,,,,,
Brutus Creed & Jagger Reid & Julius Creed & Rip Fowler,brutus creed jagger reid julius creed rip fowler,15210,Brutus Creed & Jagger Reid & Julius Creed & Rip Fowler,,,,,,,,,,,,,,,,,,,,,,
Brutus Creed & Julius Creed,brutus creed julius creed,10943,Brutus Creed & Julius Creed,,,,,,,,,,,,,,,,,,,,,,
Bryan Clark,bryan clark,36743,Bryan Clark,,,,,,,,,,,,,,,,,,,,,,
Bryan Danielson,bryan danielson,128993,Bryan Danielson,,,,,,,,,,,,,,,,,,,,,,
Bryan Kelly,bryan kelly,74218,Bryan Kelly,,,,,,,,,,,,,,,,,,,,,,
Bryant & Rizzo,bryant rizzo,71392,Bryant & Rizzo,,,,,,,,,,,,,,,,,,,,,,
Bryce Andrews & Mike Bennett,bryce andrews mike bennett,119692,Bryce Andrews & Mike Bennett,,,,,,,,,,,,,,,,,,,,,,
Bryce Andrews & Pat Buck,bryce andrews pat buck,112848,Bryce Andrews & Pat Buck,,,,,,,,,,,,,,,,,,,,,,
"Bryson Montana & Channing ""Stacks"" Lorenzo & Cruz Del Toro & Edris Enofé & Edwin Grande & Guru Raaj & Javier Bernal & Joaquin Wilde & Malik Blade & Nnamdi Oguayo & Quincy Elliott & Sanga & Solo Sikoa & Von Wagner & Xyon Quinn",bryson montana channing stacks lorenzo cruz del toro edris enofe edwin grande guru raaj javier bernal joaquin wilde malik blade nnamdi oguayo quincy elliott sanga solo sikoa von wagner xyon quinn,16614,"Bryson Montana & Channing ""Stacks"" Lorenzo & Cruz Del Toro & Edris Enofé & Edwin Grande & Guru Raaj & Javier Bernal & Joaquin Wilde & Malik Blade & Nnamdi Oguayo & Quincy Elliott & Sanga & Solo Sikoa & Von Wagner & Xyon Quinn",,,,,,,,,,,,,,,,,,,,,,
Bryson Montana & Damaris Griffin,bryson montana damaris griffin,16498,Bryson Montana & Damaris Griffin,,,,,,,,,,,,,,,,,,,,,,
Bryson Montana & Myles Borne,bryson montana myles borne,14858,Bryson Montana & Myles Borne,,,,,,,,,,,,,,,,,,,,,,
Bu Ku Dao & Socorro,bu ku dao socorro,90904,Bu Ku Dao & Socorro,,,,,,,,,,,,,,,,,,,,,,
Bubba Kirk & Max McGiver,bubba kirk max mcgiver,170056,Bubba Kirk & Max McGiver,,,,,,,,,,,,,,,,,,,,,,
Bubba Monroe,bubba monroe,165148,Bubba Monroe,,,,,,,,,,,,,,,,,,,,,,
Bubba Ray Dudley & Chavo Guerrero & Chris Kanyon & D-Von Dudley & Hugh Morrus & Justin Credible & Lance Storm & Mike Awesome & Raven & Rob Van Dam & Steven Richards & Tazz & Test & The Hurricane & Tommy Dreamer,bubba ray dudley chavo guerrero chris kanyon d von dudley hugh morrus justin credible lance storm mike awesome raven rob van dam steven richards tazz test the hurricane tommy dreamer,139620,Bubba Ray Dudley & Chavo Guerrero & Chris Kanyon & D-Von Dudley & Hugh Morrus & Justin Credible & Lance Storm & Mike Awesome & Raven & Rob Van Dam & Steven Richards & Tazz & Test & The Hurricane & Tommy Dreamer,,,,,,,,,,,,,,,,,,,,,,
Bubba Ray Dudley & Chuck Palumbo & D-Von Dudley & Hugh Morrus & Sean O'Haire & Tommy Dreamer,bubba ray dudley chuck palumbo d von dudley hugh morrus sean o haire tommy dreamer,140502,Bubba Ray Dudley & Chuck Palumbo & D-Von Dudley & Hugh Morrus & Sean O'Haire & Tommy Dreamer,,,,,,,,,,,,,,,,,,,,,,
Bubba Ray Dudley & D-Von Dudley,bubba ray dudley d von dudley,82508,Bubba Ray Dudley & D-Von Dudley,,,,,,,,,,,,,,,,,,,,,,
Bubba Ray Dudley & Garrison Cade,bubba ray dudley garrison cade,128857,Bubba Ray Dudley & Garrison Cade,,,,,,,,,,,,,,,,,,,,,,
Bubba Ray Dudley & Jeff Hardy,bubba ray dudley jeff hardy,132112,Bubba Ray Dudley & Jeff Hardy,,,,,,,,,,,,,,,,,,,,,,
Bubba the Bulldog,bubba the bulldog,140813,Bubba the Bulldog,,,,,,,,,,,,,,,,,,,,,,
Bubba the Love Sponge,bubba the love sponge,1461,Bubba the Love Sponge,,,,,,,,,,,,,,,,,,,,,,
Buchanan & Poirier,buchanan poirier,151606,Buchanan & Poirier,,,,,,,,,,,,,,,,,,,,,,
Buck Quartermaine,buck quartermaine,3224,Buck Quartermaine,,,,,,,,,,,,,,,,,,,,,,
Buck Zumhofe,buck zumhofe,154862,Buck Zumhofe,,,,,,,,,,,,,,,,,,,,,,
Bud Greene & Tony Washberg,bud greene tony washberg,49928,Bud Greene & Tony Washberg,,,,,,,,,,,,,,,,,,,,,,
Bud Liscious & Lou Marconi,bud liscious lou marconi,5376,Bud Liscious & Lou Marconi,,,,,,,,,,,,,,,,,,,,,,
Buddy Austin,buddy austin,136607,Buddy Austin,,,,,,,,,,,,,,,,,,,,,,
Buddy Blake,buddy blake,173380,Buddy Blake,,,,,,,,,,,,,,,,,,,,,,
Buddy Burke,buddy burke,166080,Buddy Burke,,,,,,,,,,,,,,,,,,,,,,
Buddy Landel,buddy landel,54057,Buddy Landel,,,,,,,,,,,,,,,,,,,,,,
Buddy Lane & Tony Ray,buddy lane tony ray,161042,Buddy Lane & Tony Ray,,,,,,,,,,,,,,,,,,,,,,
Buddy Murphy,buddy murphy,21158,Buddy Murphy,,,,,,,,,,,,,,,,,,,,,,
Buddy Rogers,buddy rogers,34168628,Buddy Rogers,,_Deceased Figthing,,,1921-02-20,United States,,,https://r2.thesportsdb.com/images/media/player/thumb/e83pl01575320507.jpg,,_Deceased Figthing,,thesportsdb,,,,,,,,,
Buddy Rose & Elmer Johnson,buddy rose elmer johnson,167412,Buddy Rose & Elmer Johnson,,,,,,,,,,,,,,,,,,,,,,
Buddy Rose & Kent Carlson,buddy rose kent carlson,166718,Buddy Rose & Kent Carlson,,,,,,,,,,,,,,,,,,,,,,
Buddy Rose & Larry Stevens,buddy rose larry stevens,167770,Buddy Rose & Larry Stevens,,,,,,,,,,,,,,,,,,,,,,
Buddy Rose & The Black Knight,buddy rose the black knight,167372,Buddy Rose & The Black Knight,,,,,,,,,,,,,,,,,,,,,,
Buddy Rose & Tom Bennett,buddy rose tom bennett,167024,Buddy Rose & Tom Bennett,,,,,,,,,,,,,,,,,,,,,,
Buddy Rosen & Tony Martinelli,buddy rosen tony martinelli,136766,Buddy Rosen & Tony Martinelli,,,,,,,,,,,,,,,,,,,,,,
Buddy Ryan,buddy ryan,52360,Buddy Ryan,,,,,,,,,,,,,,,,,,,,,,
Buddy Wayne,buddy wayne,129830,Buddy Wayne,,,,,,,,,,,,,,,,,,,,,,
Buddy Wolfe,buddy wolfe,135084,Buddy Wolfe,,,,,,,,,,,,,,,,,,,,,,
Buff Bagwell & Chuck Palumbo & Lex Luger,buff bagwell chuck palumbo lex luger,36630,Buff Bagwell & Chuck Palumbo & Lex Luger,,,,,,,,,,,,,,,,,,,,,,
Buff Bagwell & Ernest Miller,buff bagwell ernest miller,37236,Buff Bagwell & Ernest Miller,,,,,,,,,,,,,,,,,,,,,,
Buff Bagwell & Judy Bagwell,buff bagwell judy bagwell,37959,Buff Bagwell & Judy Bagwell,,,,,,,,,,,,,,,,,,,,,,
Buff Bagwell & Kanyon,buff bagwell kanyon,36734,Buff Bagwell & Kanyon,,,,,,,,,,,,,,,,,,,,,,
Buff Bagwell & La Parka,buff bagwell la parka,40758,Buff Bagwell & La Parka,,,,,,,,,,,,,,,,,,,,,,
Buff Bagwell & Lex Luger,buff bagwell lex luger,36684,Buff Bagwell & Lex Luger,,,,,,,,,,,,,,,,,,,,,,
Buff Bagwell & Masa Chono,buff bagwell masa chono,48466,Buff Bagwell & Masa Chono,,,,,,,,,,,,,,,,,,,,,,
Buff Bagwell & Rick Steiner,buff bagwell rick steiner,44715,Buff Bagwell & Rick Steiner,,,,,,,,,,,,,,,,,,,,,,
Buff Bagwell & Scott Steiner,buff bagwell scott steiner,43272,Buff Bagwell & Scott Steiner,,,,,,,,,,,,,,,,,,,,,,
Buff Bagwell & Vampiro,buff bagwell vampiro,39970,Buff Bagwell & Vampiro,,,,,,,,,,,,,,,,,,,,,,
Bugsy McGraw,bugsy mcgraw,134562,Bugsy McGraw,,,,,,,,,,,,,,,,,,,,,,
Buh Buh Ray Dudley & D-Von Dudley & Tommy Dreamer,buh buh ray dudley d von dudley tommy dreamer,81,Buh Buh Ray Dudley & D-Von Dudley & Tommy Dreamer,,,,,,,,,,,,,,,,,,,,,,
Buh Buh Ray Dudley & Hack Myers,buh buh ray dudley hack myers,7461,Buh Buh Ray Dudley & Hack Myers,,,,,,,,,,,,,,,,,,,,,,
Buh Buh Ray Dudley & Pitbull #2,buh buh ray dudley pitbull 2,7578,Buh Buh Ray Dudley & Pitbull #2,,,,,,,,,,,,,,,,,,,,,,
Bull Buchanan,bull buchanan,121228,Bull Buchanan,,,,,,,,,,,,,,,,,,,,,,
Bull Dempsey,bull dempsey,30853,Bull Dempsey,,,,,,,,,,,,,,,,,,,,,,
Bull Johnson,bull johnson,135882,Bull Johnson,,,,,,,,,,,,,,,,,,,,,,
Bull Nakano,bull nakano,50246,Bull Nakano,,,,,,,,,,,,,,,,,,,,,,
Bull Ortega,bull ortega,135932,Bull Ortega,,,,,,,,,,,,,,,,,,,,,,
Bull Pain,bull pain,8467,Bull Pain,,,,,,,,,,,,,,,,,,,,,,
Bull Pometti,bull pometti,135152,Bull Pometti,,,,,,,,,,,,,,,,,,,,,,
Bull Ramos,bull ramos,135749,Bull Ramos,,,,,,,,,,,,,,,,,,,,,,
Bull Schmitt & Rocco Valentino,bull schmitt rocco valentino,143270,Bull Schmitt & Rocco Valentino,,,,,,,,,,,,,,,,,,,,,,
Bulldog Brower,bulldog brower,135474,Bulldog Brower,,,,,,,,,,,,,,,,,,,,,,
Bulldog Gannon,bulldog gannon,136386,Bulldog Gannon,,,,,,,,,,,,,,,,,,,,,,
Bunkhouse Buck,bunkhouse buck,49228,Bunkhouse Buck,,,,,,,,,,,,,,,,,,,,,,
Burt Centeno,burt centeno,156382,Burt Centeno,,,,,,,,,,,,,,,,,,,,,,
Burt Hansen,burt hansen,64806,Burt Hansen,,,,,,,,,,,,,,,,,,,,,,
Burt Stiles,burt stiles,159450,Burt Stiles,,,,,,,,,,,,,,,,,,,,,,
Bushwhacker Butch & Bushwhacker Luke,bushwhacker butch bushwhacker luke,5020,Bushwhacker Butch & Bushwhacker Luke,,,,,,,,,,,,,,,,,,,,,,
Buster Gordon,buster gordon,135704,Buster Gordon,,,,,,,,,,,,,,,,,,,,,,
Butch Banks,butch banks,158768,Butch Banks,,,,,,,,,,,,,,,,,,,,,,
Butch Cassidy & Little Tokyo,butch cassidy little tokyo,176470,Butch Cassidy & Little Tokyo,,,,,,,,,,,,,,,,,,,,,,
Butch Cassidy & Tiny Tom,butch cassidy tiny tom,176400,Butch Cassidy & Tiny Tom,,,,,,,,,,,,,,,,,,,,,,
Butch Long & Chad Brock & Prince Iaukea & The Gambler,butch long chad brock prince iaukea the gambler,50456,Butch Long & Chad Brock & Prince Iaukea & The Gambler,,,,,,,,,,,,,,,,,,,,,,
Butch Long & The Gambler,butch long the gambler,51132,Butch Long & The Gambler,,,,,,,,,,,,,,,,,,,,,,
Butch Mayo,butch mayo,168588,Butch Mayo,,,,,,,,,,,,,,,,,,,,,,
Butch Reed,butch reed,54000,Butch Reed,,,,,,,,,,,,,,,,,,,,,,
Butch Stanley & Len Wagner,butch stanley len wagner,167936,Butch Stanley & Len Wagner,,,,,,,,,,,,,,,,,,,,,,
Butcher Brannigan,butcher brannigan,134933,Butcher Brannigan,,,,,,,,,,,,,,,,,,,,,,
Butcher Vachon,butcher vachon,133978,Butcher Vachon,,,,,,,,,,,,,,,,,,,,,,
Butler Stevens,butler stevens,157120,Butler Stevens,,,,,,,,,,,,,,,,,,,,,,
Butterbean,butterbean,149403,Butterbean,,,,,,,,,,,,,,,,,,,,,,
Buzz Sawyer,buzz sawyer,54137,Buzz Sawyer,,,,,,,,,,,,,,,,,,,,,,
Buzzkill,buzzkill,39070,Buzzkill,,,,,,,,,,,,,,,,,,,,,,
Byron Saxton,byron saxton,66497,Byron Saxton,,,,,,,,,,,,,,,,,,,,,,
C. C. Bonin & Dusty Wallace & James Stock & Rob Pelley,c c bonin dusty wallace james stock rob pelley,79890,C. C. Bonin & Dusty Wallace & James Stock & Rob Pelley,,,,,,,,,,,,,,,,,,,,,,
C. G. Afi,c g afi,131830,C. G. Afi,,,,,,,,,,,,,,,,,,,,,,
C. J. Lunde,c j lunde,80220,C. J. Lunde,,,,,,,,,,,,,,,,,,,,,,
C. J. O'Doyle & Sean Piscitelli,c j o doyle sean piscitelli,29604,C. J. O'Doyle & Sean Piscitelli,,,,,,,,,,,,,,,,,,,,,,
C. J. Parker,c j parker,32758,C. J. Parker,,,,,,,,,,,,,,,,,,,,,,
C. M. Skunk,c m skunk,97294,C. M. Skunk,,,,,,,,,,,,,,,,,,,,,,
C. N. Redd & Crybaby Waldo & Don E. Allen & Jeff Royal & Jimmy Jannetty & John Rock & Johnny Hot Body & Mr. Sandman & Pitbull Spike,c n redd crybaby waldo don e allen jeff royal jimmy jannetty john rock johnny hot body mr sandman pitbull spike,10256,C. N. Redd & Crybaby Waldo & Don E. Allen & Jeff Royal & Jimmy Jannetty & John Rock & Johnny Hot Body & Mr. Sandman & Pitbull Spike,,,,,,,,,,,,,,,,,,,,,,
C. N. Redd & King Kaluha,c n redd king kaluha,10238,C. N. Redd & King Kaluha,,,,,,,,,,,,,,,,,,,,,,
C. W. Anderson,c w anderson,10,C. W. Anderson,,,,,,,,,,,,,,,,,,,,,,
CK3,ck3,116898,CK3,,,,,,,,,,,,,,,,,,,,,,
CM Punk,cm punk,36359,CM Punk,,,,,,,,,,,,,,,,,,,,,,
CM Punk & Carlito & Chavo Guerrero & Chris Benoit & Chris Masters & Edge & Finlay & Gregory Helms & Hardcore Holly & Jeff Hardy & Johnny Nitro & Kane & Kenny Dykstra & Kevin Thorn & King Booker & Matt Hardy & Montel Vontavious Porter & Randy Orton & Ric Flair & Rob Van Dam & Sabu & Shawn Michaels & Shelton Benjamin & Super Crazy & The Great Khali & The Miz & The Sandman & Tommy Dreamer & Viscera,cm punk carlito chavo guerrero chris benoit chris masters edge finlay gregory helms hardcore holly jeff hardy johnny nitro kane kenny dykstra kevin thorn king booker matt hardy montel vontavious porter randy orton ric flair rob van dam sabu shawn michaels shelton benjamin super crazy the great khali the miz the sandman tommy dreamer viscera,120178,CM Punk & Carlito & Chavo Guerrero & Chris Benoit & Chris Masters & Edge & Finlay & Gregory Helms & Hardcore Holly & Jeff Hardy & Johnny Nitro & Kane & Kenny Dykstra & Kevin Thorn & King Booker & Matt Hardy & Montel Vontavious Porter & Randy Orton & Ric Flair & Rob Van Dam & Sabu & Shawn Michaels & Shelton Benjamin & Super Crazy & The Great Khali & The Miz & The Sandman & Tommy Dreamer & Viscera,,,,,,,,,,,,,,,,,,,,,,
CM Punk & Carlito & Chris Jericho & Cody Rhodes & Dolph Ziggler & Finlay & Goldust & JTG & Jim Duggan & John Morrison & Jr. & Kane & Kofi Kingston & Mark Henry & Mike Knox & Montel Vontavious Porter & R-Truth & Rey Mysterio & Rob Van Dam & Santino Marella & Shelton Benjamin & Ted DiBiase & The Big Show & The Brian Kendrick & The Great Khali & The Miz & The Undertaker & Triple H & Vladimir Kozlov & William Regal,cm punk carlito chris jericho cody rhodes dolph ziggler finlay goldust jtg jim duggan john morrison jr kane kofi kingston mark henry mike knox montel vontavious porter r truth rey mysterio rob van dam santino marella shelton benjamin ted dibiase the big show the brian kendrick the great khali the miz the undertaker triple h vladimir kozlov william regal,115274,CM Punk & Carlito & Chris Jericho & Cody Rhodes & Dolph Ziggler & Finlay & Goldust & JTG & Jim Duggan & John Morrison & Jr. & Kane & Kofi Kingston & Mark Henry & Mike Knox & Montel Vontavious Porter & R-Truth & Rey Mysterio & Rob Van Dam & Santino Marella & Shelton Benjamin & Ted DiBiase & The Big Show & The Brian Kendrick & The Great Khali & The Miz & The Undertaker & Triple H & Vladimir Kozlov & William Regal,,,,,,,,,,,,,,,,,,,,,,
Cactus Jack,cactus jack,8045,Cactus Jack,,,,,,,,,,,,,,,,,,,,,,
Caden Matthews,caden matthews,122048,Caden Matthews,,,,,,,,,,,,,,,,,,,,,,
Cain Velasquez & Humberto Carrillo,cain velasquez humberto carrillo,71121,Cain Velasquez & Humberto Carrillo,,,,,,,,,,,,,,,,,,,,,,
Cal Bishop,cal bishop,33292,Cal Bishop,,,,,,,,,,,,,,,,,,,,,,
Cal Bloom,cal bloom,18496,Cal Bloom,,,,,,,,,,,,,,,,,,,,,,
Cal West,cal west,136532,Cal West,,,,,,,,,,,,,,,,,,,,,,
Camacho & Hunico,camacho hunico,34842,Camacho & Hunico,,,,,,,,,,,,,,,,,,,,,,
Camacho & Wesley Blake,camacho wesley blake,34250,Camacho & Wesley Blake,,,,,,,,,,,,,,,,,,,,,,
Cameron & Emma,cameron emma,30988,Cameron & Emma,,,,,,,,,,,,,,,,,,,,,,
Cameron & Layla,cameron layla,92120,Cameron & Layla,,,,,,,,,,,,,,,,,,,,,,
Cameron & Naomi,cameron naomi,35674,Cameron & Naomi,,,,,,,,,,,,,,,,,,,,,,
Cameron & Nikki Bella,cameron nikki bella,91992,Cameron & Nikki Bella,,,,,,,,,,,,,,,,,,,,,,
Cameron Bates & Jacus Plisken,cameron bates jacus plisken,121620,Cameron Bates & Jacus Plisken,,,,,,,,,,,,,,,,,,,,,,
Cameron Grimes,cameron grimes,16028,Cameron Grimes,,,,,,,,,,,,,,,,,,,,,,
Cami Fields,cami fields,20202,Cami Fields,,,,,,,,,,,,,,,,,,,,,,
Camron Connors,camron connors,71432,Camron Connors,,,,,,,,,,,,,,,,,,,,,,
Canadian Earthquake,canadian earthquake,167923,Canadian Earthquake,,,,,,,,,,,,,,,,,,,,,,
Candice LeRae,candice lerae,10733,Candice LeRae,,,,,,,,,,,,,,,,,,,,,,
Candice LeRae & Catalina & Deonna Purrazzo & Indi Hartwell & Io Shirai & Jessi Kamea & Kacy Catanzaro & Kayden Carter & M. J. Jenkins & Mercedes Martinez & Mia Yim & Santana Garrett & Shayna Baszler & Shotzi Blackheart & Tegan Nox & Vanessa Borne & Xia Li,candice lerae catalina deonna purrazzo indi hartwell io shirai jessi kamea kacy catanzaro kayden carter m j jenkins mercedes martinez mia yim santana garrett shayna baszler shotzi blackheart tegan nox vanessa borne xia li,18978,Candice LeRae & Catalina & Deonna Purrazzo & Indi Hartwell & Io Shirai & Jessi Kamea & Kacy Catanzaro & Kayden Carter & M. J. Jenkins & Mercedes Martinez & Mia Yim & Santana Garrett & Shayna Baszler & Shotzi Blackheart & Tegan Nox & Vanessa Borne & Xia Li,,,,,,,,,,,,,,,,,,,,,,
Candice LeRae & Giulia & Ivy Nile & Izzi Dame & Jaida Parker & Kelani Jordan & Lash Legend & Lola Vice & Maxxine Dupri & Natalya & Nia Jax & Nikki Bella & Tatum Paxley & Zelina Vega,candice lerae giulia ivy nile izzi dame jaida parker kelani jordan lash legend lola vice maxxine dupri natalya nia jax nikki bella tatum paxley zelina vega,55456,Candice LeRae & Giulia & Ivy Nile & Izzi Dame & Jaida Parker & Kelani Jordan & Lash Legend & Lola Vice & Maxxine Dupri & Natalya & Nia Jax & Nikki Bella & Tatum Paxley & Zelina Vega,,,,,,,,,,,,,,,,,,,,,,
Candice Michelle,candice michelle,72093,Candice Michelle,,,,,,,,,,,,,,,,,,,,,,
Candy Malloy & Peggy Lee,candy malloy peggy lee,176142,Candy Malloy & Peggy Lee,,,,,,,,,,,,,,,,,,,,,,
Cappuccino Jones & Jack Cartwheel,cappuccino jones jack cartwheel,54870,Cappuccino Jones & Jack Cartwheel,,,,,,,,,,,,,,,,,,,,,,
Cappuccino Jones & Mike Cunningham,cappuccino jones mike cunningham,54716,Cappuccino Jones & Mike Cunningham,,,,,,,,,,,,,,,,,,,,,,
Caprice Coleman,caprice coleman,123078,Caprice Coleman,,,,,,,,,,,,,,,,,,,,,,
Captain Comic,captain comic,34424,Captain Comic,,,,,,,,,,,,,,,,,,,,,,
Captain Lou Albano & Don Muraco,captain lou albano don muraco,175492,Captain Lou Albano & Don Muraco,,,,,,,,,,,,,,,,,,,,,,
Captain Lou Albano & Jimmy Valiant & Johnny Valiant,captain lou albano jimmy valiant johnny valiant,133875,Captain Lou Albano & Jimmy Valiant & Johnny Valiant,,,,,,,,,,,,,,,,,,,,,,
Captain Lou Albano & Moondog Rex & Stan Hansen,captain lou albano moondog rex stan hansen,176074,Captain Lou Albano & Moondog Rex & Stan Hansen,,,,,,,,,,,,,,,,,,,,,,
Captain Rection,captain rection,38576,Captain Rection,,,,,,,,,,,,,,,,,,,,,,
Carl Almont & Scott Colton,carl almont scott colton,162102,Carl Almont & Scott Colton,,,,,,,,,,,,,,,,,,,,,,
Carl LeDuc,carl leduc,154292,Carl LeDuc,,,,,,,,,,,,,,,,,,,,,,
Carl Nelson,carl nelson,166264,Carl Nelson,,,,,,,,,,,,,,,,,,,,,,
Carl Oulette,carl oulette,37892,Carl Oulette,,,,,,,,,,,,,,,,,,,,,,
Carlee Bright,carlee bright,10634,Carlee Bright,,,,,,,,,,,,,,,,,,,,,,
Carlee Bright & Jacy Jayne & Jakara Jackson & Kali Armstrong & Karmen Petrovic & Kelani Jordan & Kendal Grey & Lainey Reid & Nikkita Lyons & Shotzi & Stephanie Vaquer & Tatum Paxley & Tyra Mae Steele & Wendy Choo,carlee bright jacy jayne jakara jackson kali armstrong karmen petrovic kelani jordan kendal grey lainey reid nikkita lyons shotzi stephanie vaquer tatum paxley tyra mae steele wendy choo,12020,Carlee Bright & Jacy Jayne & Jakara Jackson & Kali Armstrong & Karmen Petrovic & Kelani Jordan & Kendal Grey & Lainey Reid & Nikkita Lyons & Shotzi & Stephanie Vaquer & Tatum Paxley & Tyra Mae Steele & Wendy Choo,,,,,,,,,,,,,,,,,,,,,,
Carlee Bright & Kali Armstrong & Nikkita Lyons & PJ Vasa & Sirena Linton & Thea Hail & Tyra Mae Steele & Wren Sinclair & Zena Sterling,carlee bright kali armstrong nikkita lyons pj vasa sirena linton thea hail tyra mae steele wren sinclair zena sterling,10302,Carlee Bright & Kali Armstrong & Nikkita Lyons & PJ Vasa & Sirena Linton & Thea Hail & Tyra Mae Steele & Wren Sinclair & Zena Sterling,,,,,,,,,,,,,,,,,,,,,,
Carlito,carlito,57394,Carlito,,,,,,,,,,,,,,,,,,,,,,
Carlito & Caylen Croft & Chavo Guerrero & Chris Masters & David Hart Smith & Finlay & Goldust & Hornswoggle & JTG & Jimmy Wang Yang & Kung Fu Naki & Luke Gallows & Mark Henry & Mike Knox & Primo & Santino Marella & Shad Gaspard & Slam Master J. & The Great Khali & Trent Beretta & Tyler Reks & Tyson Kidd & Vance Archer & Vladimir Kozlov & William Regal & Zack Ryder,carlito caylen croft chavo guerrero chris masters david hart smith finlay goldust hornswoggle jtg jimmy wang yang kung fu naki luke gallows mark henry mike knox primo santino marella shad gaspard slam master j the great khali trent beretta tyler reks tyson kidd vance archer vladimir kozlov william regal zack ryder,112246,Carlito & Caylen Croft & Chavo Guerrero & Chris Masters & David Hart Smith & Finlay & Goldust & Hornswoggle & JTG & Jimmy Wang Yang & Kung Fu Naki & Luke Gallows & Mark Henry & Mike Knox & Primo & Santino Marella & Shad Gaspard & Slam Master J. & The Great Khali & Trent Beretta & Tyler Reks & Tyson Kidd & Vance Archer & Vladimir Kozlov & William Regal & Zack Ryder,,,,,,,,,,,,,,,,,,,,,,
Carlito & Charlie Haas & Chris Masters & Eugene & JTG & Jeff Hardy & Jerry Lawler & Jim Duggan & Johnny & Johnny Nitro & Kenny Dykstra & Lance Cade & Randy Orton & Ric Flair & Rob Conway & Robbie McAllister & Ron Simmons & Rory McAllister & Sergeant Slaughter & Shad Gaspard & Shawn Michaels & Shelton Benjamin & Snitsky & Super Crazy & The Brooklyn Brawler & Trevor Murdoch & Triple H & Val Venis & Viscera,carlito charlie haas chris masters eugene jtg jeff hardy jerry lawler jim duggan johnny johnny nitro kenny dykstra lance cade randy orton ric flair rob conway robbie mcallister ron simmons rory mcallister sergeant slaughter shad gaspard shawn michaels shelton benjamin snitsky super crazy the brooklyn brawler trevor murdoch triple h val venis viscera,120432,Carlito & Charlie Haas & Chris Masters & Eugene & JTG & Jeff Hardy & Jerry Lawler & Jim Duggan & Johnny & Johnny Nitro & Kenny Dykstra & Lance Cade & Randy Orton & Ric Flair & Rob Conway & Robbie McAllister & Ron Simmons & Rory McAllister & Sergeant Slaughter & Shad Gaspard & Shawn Michaels & Shelton Benjamin & Snitsky & Super Crazy & The Brooklyn Brawler & Trevor Murdoch & Triple H & Val Venis & Viscera,,,,,,,,,,,,,,,,,,,,,,
Carlito & Chavo Guerrero & Curt Hawkins & Festus & Jesse & Kizarny & Kung Fu Naki & Montel Vontavious Porter & Primo & R-Truth & Scotty Goldman & Shelton Benjamin & The Brian Kendrick & Zack Ryder,carlito chavo guerrero curt hawkins festus jesse kizarny kung fu naki montel vontavious porter primo r truth scotty goldman shelton benjamin the brian kendrick zack ryder,115224,Carlito & Chavo Guerrero & Curt Hawkins & Festus & Jesse & Kizarny & Kung Fu Naki & Montel Vontavious Porter & Primo & R-Truth & Scotty Goldman & Shelton Benjamin & The Brian Kendrick & Zack Ryder,,,,,,,,,,,,,,,,,,,,,,
Carlos Colon,carlos colon,134101,Carlos Colon,,,,,,,,,,,,,,,,,,,,,,
Carlos Hershey & Mitch Walden,carlos hershey mitch walden,83294,Carlos Hershey & Mitch Walden,,,,,,,,,,,,,,,,,,,,,,
Carlos Rocha,carlos rocha,134233,Carlos Rocha,,,,,,,,,,,,,,,,,,,,,,
Carlos Sanchez,carlos sanchez,111302,Carlos Sanchez,,,,,,,,,,,,,,,,,,,,,,
Carly Colon,carly colon,126998,Carly Colon,,,,,,,,,,,,,,,,,,,,,,
Carmella & Cassie & Devin Taylor,carmella cassie devin taylor,32254,Carmella & Cassie & Devin Taylor,,,,,,,,,,,,,,,,,,,,,,
Carmella & Charlotte Flair,carmella charlotte flair,71632,Carmella & Charlotte Flair,,,,,,,,,,,,,,,,,,,,,,
Carmella & Jasmin & Jessie,carmella jasmin jessie,32030,Carmella & Jasmin & Jessie,,,,,,,,,,,,,,,,,,,,,,
Carmella & Kendall Skye,carmella kendall skye,33954,Carmella & Kendall Skye,,,,,,,,,,,,,,,,,,,,,,
Carmella & Lina,carmella lina,32117,Carmella & Lina,,,,,,,,,,,,,,,,,,,,,,
Carmella & Liv Morgan & Nikki Glencross,carmella liv morgan nikki glencross,29307,Carmella & Liv Morgan & Nikki Glencross,,,,,,,,,,,,,,,,,,,,,,
Carmella & Naomi,carmella naomi,73179,Carmella & Naomi,,,,,,,,,,,,,,,,,,,,,,
Carmella & Peyton Royce,carmella peyton royce,30970,Carmella & Peyton Royce,,,,,,,,,,,,,,,,,,,,,,
Carmella & Ruby Riott,carmella ruby riott,76080,Carmella & Ruby Riott,,,,,,,,,,,,,,,,,,,,,,
Carmella & Tamina,carmella tamina,63974,Carmella & Tamina,,,,,,,,,,,,,,,,,,,,,,
Carmella DeCesare,carmella decesare,126450,Carmella DeCesare,,,,,,,,,,,,,,,,,,,,,,
Carmelo Hayes,carmelo hayes,13236,Carmelo Hayes,,,,,,,,,,,,,,,,,,,,,,
Carmen Harress,carmen harress,62162,Carmen Harress,,,,,,,,,,,,,,,,,,,,,,
Carmine Surace & Mario Mancini,carmine surace mario mancini,170708,Carmine Surace & Mario Mancini,,,,,,,,,,,,,,,,,,,,,,
Carolina & Raul Mendoza,carolina raul mendoza,19417,Carolina & Raul Mendoza,,,,,,,,,,,,,,,,,,,,,,
Carolina & Sin Cara (II),carolina sin cara ii,71320,Carolina & Sin Cara (II),,,,,,,,,,,,,,,,,,,,,,
Carter Mason & Sebastian Suave,carter mason sebastian suave,71930,Carter Mason & Sebastian Suave,,,,,,,,,,,,,,,,,,,,,,
Cary Millman & Darren Ciapetta,cary millman darren ciapetta,17442,Cary Millman & Darren Ciapetta,,,,,,,,,,,,,,,,,,,,,,
Casey BlackRose,casey blackrose,67358,Casey BlackRose,,,,,,,,,,,,,,,,,,,,,,
Casey Cleric,casey cleric,161700,Casey Cleric,,,,,,,,,,,,,,,,,,,,,,
Casey Marion & Mike Labosca,casey marion mike labosca,34660,Casey Marion & Mike Labosca,,,,,,,,,,,,,,,,,,,,,,
Casey Marion & Tommy Taylor,casey marion tommy taylor,35032,Casey Marion & Tommy Taylor,,,,,,,,,,,,,,,,,,,,,,
Cassie & Jessie,cassie jessie,32072,Cassie & Jessie,,,,,,,,,,,,,,,,,,,,,,
Cassie & Lina,cassie lina,32192,Cassie & Lina,,,,,,,,,,,,,,,,,,,,,,
Cassie McIntosh,cassie mcintosh,32208,Cassie McIntosh,,,,,,,,,,,,,,,,,,,,,,
Catalina Garcia & M. J. Jenkins,catalina garcia m j jenkins,19532,Catalina Garcia & M. J. Jenkins,,,,,,,,,,,,,,,,,,,,,,
Catalina Garcia & Mercedes Martinez & Rita Reis,catalina garcia mercedes martinez rita reis,18861,Catalina Garcia & Mercedes Martinez & Rita Reis,,,,,,,,,,,,,,,,,,,,,,
Catalina Garcia & Rita Reis,catalina garcia rita reis,18525,Catalina Garcia & Rita Reis,,,,,,,,,,,,,,,,,,,,,,
Caylen Croft,caylen croft,110617,Caylen Croft,,,,,,,,,,,,,,,,,,,,,,
Caylen Croft & Chavo Guerrero & Chris Masters & Christian & Curt Hawkins & Dolph Ziggler & Drew McIntyre & Finlay & JTG & Kane & Kofi Kingston & Luke Gallows & Montel Vontavious Porter & Trent Beretta & Vance Archer,caylen croft chavo guerrero chris masters christian curt hawkins dolph ziggler drew mcintyre finlay jtg kane kofi kingston luke gallows montel vontavious porter trent beretta vance archer,111820,Caylen Croft & Chavo Guerrero & Chris Masters & Christian & Curt Hawkins & Dolph Ziggler & Drew McIntyre & Finlay & JTG & Kane & Kofi Kingston & Luke Gallows & Montel Vontavious Porter & Trent Beretta & Vance Archer,,,,,,,,,,,,,,,,,,,,,,
Ced Mann,ced mann,154034,Ced Mann,,,,,,,,,,,,,,,,,,,,,,
Cedric Alexander,cedric alexander,11918,Cedric Alexander,,,,,,,,,,,,,,,,,,,,,,
Cedric the Entertainer,cedric the entertainer,113555,Cedric the Entertainer,,,,,,,,,,,,,,,,,,,,,,
Cedrick Von Haussen,cedrick von haussen,119794,Cedrick Von Haussen,,,,,,,,,,,,,,,,,,,,,,
Cesar Rise & Torrey Kirsh & Vinny Mixon,cesar rise torrey kirsh vinny mixon,22682,Cesar Rise & Torrey Kirsh & Vinny Mixon,,,,,,,,,,,,,,,,,,,,,,
Cesaro,cesaro,32925,Cesaro,,,,,,,,,,,,,,,,,,,,,,
Cezar Bononi,cezar bononi,18570,Cezar Bononi,,,,,,,,,,,,,,,,,,,,,,
Chad,chad,2184,Chad,,,,,,,,,,,,,,,,,,,,,,
Chad Austin & Joe College & Watsumi the Rising Sun,chad austin joe college watsumi the rising sun,9801,Chad Austin & Joe College & Watsumi the Rising Sun,,,,,,,,,,,,,,,,,,,,,,
Chad Austin & Tommy Cairo & Tommy Dreamer,chad austin tommy cairo tommy dreamer,9633,Chad Austin & Tommy Cairo & Tommy Dreamer,,,,,,,,,,,,,,,,,,,,,,
Chad Baxter & Chase Donovan & Nick Rogers,chad baxter chase donovan nick rogers,36115,Chad Baxter & Chase Donovan & Nick Rogers,,,,,,,,,,,,,,,,,,,,,,
Chainz,chainz,151292,Chainz,,,,,,,,,,,,,,,,,,,,,,
Chainz & Crush & D-Lo Brown & Faarooq & Henry O. Godwinn & Hunter Hearst Helmsley & Ken Shamrock & Mankind & Miguel Perez Jr. & Mosh & Phineas I. Godwinn & Rockabilly & Salvatore Sincere & Savio Vega & The British Bulldog & The Brooklyn Brawler & The Sultan & Thrasher & Vader,chainz crush d lo brown faarooq henry o godwinn hunter hearst helmsley ken shamrock mankind miguel perez jr mosh phineas i godwinn rockabilly salvatore sincere savio vega the british bulldog the brooklyn brawler the sultan thrasher vader,153040,Chainz & Crush & D-Lo Brown & Faarooq & Henry O. Godwinn & Hunter Hearst Helmsley & Ken Shamrock & Mankind & Miguel Perez Jr. & Mosh & Phineas I. Godwinn & Rockabilly & Salvatore Sincere & Savio Vega & The British Bulldog & The Brooklyn Brawler & The Sultan & Thrasher & Vader,,,,,,,,,,,,,,,,,,,,,,
Chance Thompson,chance thompson,124450,Chance Thompson,,,,,,,,,,,,,,,,,,,,,,
Chandler McClure,chandler mcclure,122452,Chandler McClure,,,,,,,,,,,,,,,,,,,,,,
"Channing ""Stacks"" Lorenzo",channing stacks lorenzo,10317,"Channing ""Stacks"" Lorenzo",,,,,,,,,,,,,,,,,,,,,,
"Channing ""Stacks"" Lorenzo & Eddy Thorpe & Ethan Page & Hank Walker & Harlem Lewis & Jasper Troy & Je'Von Evans & Josh Briggs & Luca Crusifino & Myles Borne & Oro Mensah & Tank Ledger & Unknown Participants & Wes Lee",channing stacks lorenzo eddy thorpe ethan page hank walker harlem lewis jasper troy je von evans josh briggs luca crusifino myles borne oro mensah tank ledger unknown participants wes lee,11974,"Channing ""Stacks"" Lorenzo & Eddy Thorpe & Ethan Page & Hank Walker & Harlem Lewis & Jasper Troy & Je'Von Evans & Josh Briggs & Luca Crusifino & Myles Borne & Oro Mensah & Tank Ledger & Unknown Participants & Wes Lee",,,,,,,,,,,,,,,,,,,,,,
Chantel Monroe,chantel monroe,10501,Chantel Monroe,,,,,,,,,,,,,,,,,,,,,,
Chantel Monroe & Jaida Parker & Jin Tala & Kali Armstrong & Kelani Jordan & Kendal Grey & Lainey Reid & Lash Legend & Nikkita Lyons & P-Nasty & Tatum Paxley & Wendy Choo & Wren Sinclair & Zena Sterling,chantel monroe jaida parker jin tala kali armstrong kelani jordan kendal grey lainey reid lash legend nikkita lyons p nasty tatum paxley wendy choo wren sinclair zena sterling,11172,Chantel Monroe & Jaida Parker & Jin Tala & Kali Armstrong & Kelani Jordan & Kendal Grey & Lainey Reid & Lash Legend & Nikkita Lyons & P-Nasty & Tatum Paxley & Wendy Choo & Wren Sinclair & Zena Sterling,,,,,,,,,,,,,,,,,,,,,,
Chaos,chaos,9060,Chaos,,,,,,,,,,,,,,,,,,,,,,
Chaparita Asari,chaparita asari,155938,Chaparita Asari,,,,,,,,,,,,,,,,,,,,,,
Charles Evans,charles evans,118194,Charles Evans,,,,,,,,,,,,,,,,,,,,,,
Charles Robinson,charles robinson,42478,Charles Robinson,,,,,,,,,,,,,,,,,,,,,,
Charles Schipporeit,charles schipporeit,131668,Charles Schipporeit,,,,,,,,,,,,,,,,,,,,,,
Charlie Dempsey,charlie dempsey,10332,Charlie Dempsey,,,,,,,,,,,,,,,,,,,,,,
Charlie Fulton,charlie fulton,174810,Charlie Fulton,,,,,,,,,,,,,,,,,,,,,,
Charlie Haas,charlie haas,113571,Charlie Haas,,,,,,,,,,,,,,,,,,,,,,
Charlie Haas & Chavo Guerrero & Dolph Ziggler & Goldust & JTG & Jimmy Wang Yang & Kung Fu Naki & Paul Burchill & R-Truth & Ricky Ortiz & Shad Gaspard & The Great Khali & Tommy Dreamer & Vladimir Kozlov & William Regal,charlie haas chavo guerrero dolph ziggler goldust jtg jimmy wang yang kung fu naki paul burchill r truth ricky ortiz shad gaspard the great khali tommy dreamer vladimir kozlov william regal,115022,Charlie Haas & Chavo Guerrero & Dolph Ziggler & Goldust & JTG & Jimmy Wang Yang & Kung Fu Naki & Paul Burchill & R-Truth & Ricky Ortiz & Shad Gaspard & The Great Khali & Tommy Dreamer & Vladimir Kozlov & William Regal,,,,,,,,,,,,,,,,,,,,,,
Charlie Hunter & John Sinouski,charlie hunter john sinouski,157234,Charlie Hunter & John Sinouski,,,,,,,,,,,,,,,,,,,,,,
Charlie Morgan,charlie morgan,74779,Charlie Morgan,,,,,,,,,,,,,,,,,,,,,,
Charlie Norris & Kane,charlie norris kane,52268,Charlie Norris & Kane,,,,,,,,,,,,,,,,,,,,,,
Charlotte & Devin Taylor,charlotte devin taylor,32237,Charlotte & Devin Taylor,,,,,,,,,,,,,,,,,,,,,,
Charlotte & Emma,charlotte emma,35389,Charlotte & Emma,,,,,,,,,,,,,,,,,,,,,,
Charlotte & Kendall Skye,charlotte kendall skye,34466,Charlotte & Kendall Skye,,,,,,,,,,,,,,,,,,,,,,
Charlotte Flair & Jeff Hardy,charlotte flair jeff hardy,73624,Charlotte Flair & Jeff Hardy,,,,,,,,,,,,,,,,,,,,,,
Charlotte Flair & Naomi,charlotte flair naomi,75965,Charlotte Flair & Naomi,,,,,,,,,,,,,,,,,,,,,,
Charlotte Flair & Sareena Sandhu,charlotte flair sareena sandhu,68655,Charlotte Flair & Sareena Sandhu,,,,,,,,,,,,,,,,,,,,,,
Chase Adams,chase adams,23222,Chase Adams,,,,,,,,,,,,,,,,,,,,,,
Chase Parker & Matt Martel,chase parker matt martel,17608,Chase Parker & Matt Martel,,,,,,,,,,,,,,,,,,,,,,
Chase Parker & Sunil Singh,chase parker sunil singh,68253,Chase Parker & Sunil Singh,,,,,,,,,,,,,,,,,,,,,,
Chase Silver,chase silver,81814,Chase Silver,,,,,,,,,,,,,,,,,,,,,,
Chase Stevens,chase stevens,115920,Chase Stevens,,,,,,,,,,,,,,,,,,,,,,
Chase Tatum,chase tatum,41245,Chase Tatum,,,,,,,,,,,,,,,,,,,,,,
Chavo Classic,chavo classic,127312,Chavo Classic,,,,,,,,,,,,,,,,,,,,,,
Chavo Guerrero & Chavo Guerrero Sr.,chavo guerrero chavo guerrero sr,128443,Chavo Guerrero & Chavo Guerrero Sr.,,,,,,,,,,,,,,,,,,,,,,
Chavo Guerrero & Chris Masters & Cody Rhodes & Daniel Bryan & David Otunga & Ezekiel Jackson & Heath Slater & Husky Harris & John Morrison & Justin Gabriel & Michael McGillicutty & Santino Marella & Sheamus & Vladimir Kozlov,chavo guerrero chris masters cody rhodes daniel bryan david otunga ezekiel jackson heath slater husky harris john morrison justin gabriel michael mcgillicutty santino marella sheamus vladimir kozlov,110482,Chavo Guerrero & Chris Masters & Cody Rhodes & Daniel Bryan & David Otunga & Ezekiel Jackson & Heath Slater & Husky Harris & John Morrison & Justin Gabriel & Michael McGillicutty & Santino Marella & Sheamus & Vladimir Kozlov,,,,,,,,,,,,,,,,,,,,,,
Chavo Guerrero & Chris Masters & Curt Hawkins & Daniel Bryan & David Hart Smith & Drew McIntyre & Evan Bourne & JTG & Jey Uso & Jimmy Uso & Johnny Curtis & Mark Henry & Primo & R-Truth & Sheamus & Ted DiBiase Jr. & Trent Barreta & Tyler Reks & William Regal & Yoshi Tatsu & Zack Ryder,chavo guerrero chris masters curt hawkins daniel bryan david hart smith drew mcintyre evan bourne jtg jey uso jimmy uso johnny curtis mark henry primo r truth sheamus ted dibiase jr trent barreta tyler reks william regal yoshi tatsu zack ryder,109742,Chavo Guerrero & Chris Masters & Curt Hawkins & Daniel Bryan & David Hart Smith & Drew McIntyre & Evan Bourne & JTG & Jey Uso & Jimmy Uso & Johnny Curtis & Mark Henry & Primo & R-Truth & Sheamus & Ted DiBiase Jr. & Trent Barreta & Tyler Reks & William Regal & Yoshi Tatsu & Zack Ryder,,,,,,,,,,,,,,,,,,,,,,
Chavo Guerrero & Chris Masters & Eugene & Johnny Nitro & Kenny Dykstra & Kevin Thorn & Marcus Cor Von & Mark Henry & Matt Hardy & Matt Striker & The Sandman & Tommy Dreamer & Viscera & William Regal,chavo guerrero chris masters eugene johnny nitro kenny dykstra kevin thorn marcus cor von mark henry matt hardy matt striker the sandman tommy dreamer viscera william regal,119286,Chavo Guerrero & Chris Masters & Eugene & Johnny Nitro & Kenny Dykstra & Kevin Thorn & Marcus Cor Von & Mark Henry & Matt Hardy & Matt Striker & The Sandman & Tommy Dreamer & Viscera & William Regal,,,,,,,,,,,,,,,,,,,,,,
Chavo Guerrero & Edge,chavo guerrero edge,117672,Chavo Guerrero & Edge,,,,,,,,,,,,,,,,,,,,,,
Chavo Guerrero & Jamie Noble,chavo guerrero jamie noble,114566,Chavo Guerrero & Jamie Noble,,,,,,,,,,,,,,,,,,,,,,
Chavo Guerrero & Jillian Hall,chavo guerrero jillian hall,112736,Chavo Guerrero & Jillian Hall,,,,,,,,,,,,,,,,,,,,,,
Chavo Guerrero & Mando Guerrero,chavo guerrero mando guerrero,51938,Chavo Guerrero & Mando Guerrero,,,,,,,,,,,,,,,,,,,,,,
Chavo Guerrero & Primo,chavo guerrero primo,112666,Chavo Guerrero & Primo,,,,,,,,,,,,,,,,,,,,,,
Chavo Guerrero & Rey Mysterio,chavo guerrero rey mysterio,126327,Chavo Guerrero & Rey Mysterio,,,,,,,,,,,,,,,,,,,,,,
Chavo Guerrero & Tajiri,chavo guerrero tajiri,133667,Chavo Guerrero & Tajiri,,,,,,,,,,,,,,,,,,,,,,
Chavo Guerrero Jr.,chavo guerrero jr,36568,Chavo Guerrero Jr.,,,,,,,,,,,,,,,,,,,,,,
Chaz Taylor,chaz taylor,766,Chaz Taylor,,,,,,,,,,,,,,,,,,,,,,
Chaz Ware,chaz ware,160134,Chaz Ware,,,,,,,,,,,,,,,,,,,,,,
Cheesy & Sleazy,cheesy sleazy,157210,Cheesy & Sleazy,,,,,,,,,,,,,,,,,,,,,,
Chelsea Green,chelsea green,10419,Chelsea Green,,,,,,,,,,,,,,,,,,,,,,
Cheng Yuxiang,cheng yuxiang,23186,Cheng Yuxiang,,,,,,,,,,,,,,,,,,,,,,
Cherry,cherry,116350,Cherry,,,,,,,,,,,,,,,,,,,,,,
Chet Jablonski,chet jablonski,125938,Chet Jablonski,,,,,,,,,,,,,,,,,,,,,,
Chet Wallick,chet wallick,136506,Chet Wallick,,,,,,,,,,,,,,,,,,,,,,
Chi Chi Cruz,chi chi cruz,165348,Chi Chi Cruz,,,,,,,,,,,,,,,,,,,,,,
Chic Cullen & Drew McDonald & Johnny Saint,chic cullen drew mcdonald johnny saint,165750,Chic Cullen & Drew McDonald & Johnny Saint,,,,,,,,,,,,,,,,,,,,,,
Chico Adams & Johnny Vandal,chico adams johnny vandal,21558,Chico Adams & Johnny Vandal,,,,,,,,,,,,,,,,,,,,,,
Chico Martinez,chico martinez,163182,Chico Martinez,,,,,,,,,,,,,,,,,,,,,,
Chico Santana & Pee Wee Lopez,chico santana pee wee lopez,137093,Chico Santana & Pee Wee Lopez,,,,,,,,,,,,,,,,,,,,,,
Chief Big Heart,chief big heart,136085,Chief Big Heart,,,,,,,,,,,,,,,,,,,,,,
Chief Jay Strongbow & Dominic DeNucci,chief jay strongbow dominic denucci,133881,Chief Jay Strongbow & Dominic DeNucci,,,,,,,,,,,,,,,,,,,,,,
Chief Morley,chief morley,130606,Chief Morley,,,,,,,,,,,,,,,,,,,,,,
Chief White Owl,chief white owl,136148,Chief White Owl,,,,,,,,,,,,,,,,,,,,,,
Chigusa Nagayo & Lioness Asuka,chigusa nagayo lioness asuka,174389,Chigusa Nagayo & Lioness Asuka,,,,,,,,,,,,,,,,,,,,,,
Chihuahua #1 & Chihuahua #2,chihuahua 1 chihuahua 2,130760,Chihuahua #1 & Chihuahua #2,,,,,,,,,,,,,,,,,,,,,,
Chilango,chilango,152094,Chilango,,,,,,,,,,,,,,,,,,,,,,
Chip Minton,chip minton,41763,Chip Minton,,,,,,,,,,,,,,,,,,,,,,
Chris Adams,chris adams,40130,Chris Adams,,,,,,,,,,,,,,,,,,,,,,
Chris Adams & Dave Taylor & El Dandy & Jerry Flynn & Lord Steven Regal & Prince Iaukea & Scotty Riggs,chris adams dave taylor el dandy jerry flynn lord steven regal prince iaukea scotty riggs,40592,Chris Adams & Dave Taylor & El Dandy & Jerry Flynn & Lord Steven Regal & Prince Iaukea & Scotty Riggs,,,,,,,,,,,,,,,,,,,,,,
Chris Allen & Gus Kantarakis,chris allen gus kantarakis,162298,Chris Allen & Gus Kantarakis,,,,,,,,,,,,,,,,,,,,,,
Chris Atkins,chris atkins,27212,Chris Atkins,,,,,,,,,,,,,,,,,,,,,,
Chris Avery,chris avery,157822,Chris Avery,,,,,,,,,,,,,,,,,,,,,,
Chris Bassett,chris bassett,170958,Chris Bassett,,,,,,,,,,,,,,,,,,,,,,
Chris Benoit & Dustin Rhodes & Sid Vicious,chris benoit dustin rhodes sid vicious,40178,Chris Benoit & Dustin Rhodes & Sid Vicious,,,,,,,,,,,,,,,,,,,,,,
Chris Benoit & Edge,chris benoit edge,126197,Chris Benoit & Edge,,,,,,,,,,,,,,,,,,,,,,
Chris Benoit & Jeff Jarrett & Lex Luger & Roddy Piper & Scott Steiner & Steve McMichael & The Giant,chris benoit jeff jarrett lex luger roddy piper scott steiner steve mcmichael the giant,49094,Chris Benoit & Jeff Jarrett & Lex Luger & Roddy Piper & Scott Steiner & Steve McMichael & The Giant,,,,,,,,,,,,,,,,,,,,,,
Chris Benoit & Kane,chris benoit kane,143565,Chris Benoit & Kane,,,,,,,,,,,,,,,,,,,,,,
Chris Benoit & Matt Hardy,chris benoit matt hardy,119345,Chris Benoit & Matt Hardy,,,,,,,,,,,,,,,,,,,,,,
Chris Benoit & Rey Mysterio,chris benoit rey mysterio,123035,Chris Benoit & Rey Mysterio,,,,,,,,,,,,,,,,,,,,,,
Chris Benoit & Rick Steiner,chris benoit rick steiner,40593,Chris Benoit & Rick Steiner,,,,,,,,,,,,,,,,,,,,,,
Chris Benoit & Sid Vicious,chris benoit sid vicious,39830,Chris Benoit & Sid Vicious,,,,,,,,,,,,,,,,,,,,,,
Chris Benoit & Steve McMichael,chris benoit steve mcmichael,43931,Chris Benoit & Steve McMichael,,,,,,,,,,,,,,,,,,,,,,
Chris Benoit & Tajiri,chris benoit tajiri,129730,Chris Benoit & Tajiri,,,,,,,,,,,,,,,,,,,,,,
Chris Benoit & Test,chris benoit test,142149,Chris Benoit & Test,,,,,,,,,,,,,,,,,,,,,,
Chris Benoit & Too Cold Scorpio,chris benoit too cold scorpio,8526,Chris Benoit & Too Cold Scorpio,,,,,,,,,,,,,,,,,,,,,,
Chris Bey,chris bey,71542,Chris Bey,,,,,,,,,,,,,,,,,,,,,,
Chris Cage & Mike Mizanin,chris cage mike mizanin,122777,Chris Cage & Mike Mizanin,,,,,,,,,,,,,,,,,,,,,,
Chris Candido,chris candido,1789,Chris Candido,,,,,,,,,,,,,,,,,,,,,,
Chris Canyon,chris canyon,9174,Chris Canyon,,,,,,,,,,,,,,,,,,,,,,
Chris Chavis,chris chavis,164099,Chris Chavis,,,,,,,,,,,,,,,,,,,,,,
Chris Chetti,chris chetti,162,Chris Chetti,,,,,,,,,,,,,,,,,,,,,,
Chris Class & Lee Charles,chris class lee charles,144752,Chris Class & Lee Charles,,,,,,,,,,,,,,,,,,,,,,
Chris Cronus & Michael Hutter,chris cronus michael hutter,121564,Chris Cronus & Michael Hutter,,,,,,,,,,,,,,,,,,,,,,
Chris Curtis & Mike Poland,chris curtis mike poland,172218,Chris Curtis & Mike Poland,,,,,,,,,,,,,,,,,,,,,,
Chris Curtis & Tom Stone,chris curtis tom stone,169018,Chris Curtis & Tom Stone,,,,,,,,,,,,,,,,,,,,,,
Chris Dickinson & Jaka,chris dickinson jaka,24149,Chris Dickinson & Jaka,,,,,,,,,,,,,,,,,,,,,,
Chris Dube & Cowboy Lang,chris dube cowboy lang,171675,Chris Dube & Cowboy Lang,,,,,,,,,,,,,,,,,,,,,,
Chris Dube & Little Coco,chris dube little coco,168001,Chris Dube & Little Coco,,,,,,,,,,,,,,,,,,,,,,
Chris Duffy,chris duffy,152320,Chris Duffy,,,,,,,,,,,,,,,,,,,,,,
Chris Escobar & Damian Wayne,chris escobar damian wayne,121422,Chris Escobar & Damian Wayne,,,,,,,,,,,,,,,,,,,,,,
Chris Evans,chris evans,9984,Chris Evans,,,,,,,,,,,,,,,,,,,,,,
Chris Goodman,chris goodman,170664,Chris Goodman,,,,,,,,,,,,,,,,,,,,,,
Chris Guy,chris guy,122400,Chris Guy,,,,,,,,,,,,,,,,,,,,,,
Chris Hahn & Laverne McGill,chris hahn laverne mcgill,162266,Chris Hahn & Laverne McGill,,,,,,,,,,,,,,,,,,,,,,
Chris Hamrick,chris hamrick,42,Chris Hamrick,,,,,,,,,,,,,,,,,,,,,,
Chris Harris,chris harris,37950,Chris Harris,,,,,,,,,,,,,,,,,,,,,,
Chris Harvard,chris harvard,137456,Chris Harvard,,,,,,,,,,,,,,,,,,,,,,
Chris Hawn,chris hawn,160890,Chris Hawn,,,,,,,,,,,,,,,,,,,,,,
Chris Ifix & Luka Daniels & Michael Stevens & Sal Rinauro,chris ifix luka daniels michael stevens sal rinauro,63154,Chris Ifix & Luka Daniels & Michael Stevens & Sal Rinauro,,,,,,,,,,,,,,,,,,,,,,
Chris Island,chris island,10818,Chris Island,,,,,,,,,,,,,,,,,,,,,,
Chris Jericho,chris jericho,7540,Chris Jericho,,,,,,,,,,,,,,,,,,,,,,
Chris Kanyon & Horace,chris kanyon horace,45318,Chris Kanyon & Horace,,,,,,,,,,,,,,,,,,,,,,
Chris Kanyon & Shannon Moore,chris kanyon shannon moore,129018,Chris Kanyon & Shannon Moore,,,,,,,,,,,,,,,,,,,,,,
Chris Katowski,chris katowski,161572,Chris Katowski,,,,,,,,,,,,,,,,,,,,,,
Chris Lewie & Luke Hawx,chris lewie luke hawx,114290,Chris Lewie & Luke Hawx,,,,,,,,,,,,,,,,,,,,,,
Chris Lyons & Ryan Shelton,chris lyons ryan shelton,104616,Chris Lyons & Ryan Shelton,,,,,,,,,,,,,,,,,,,,,,
Chris Masters,chris masters,108922,Chris Masters,,,,,,,,,,,,,,,,,,,,,,
Chris Metro & J. C. Metro,chris metro j c metro,21980,Chris Metro & J. C. Metro,,,,,,,,,,,,,,,,,,,,,,
Chris Michaels & Damien Stone & Don E. Allen & Glen Osbourne & Kodiak Bear & Max Thrasher & The Canadian Wolfman & The Metal Maniac & The Samoan Savage & Tommy Cairo,chris michaels damien stone don e allen glen osbourne kodiak bear max thrasher the canadian wolfman the metal maniac the samoan savage tommy cairo,10010,Chris Michaels & Damien Stone & Don E. Allen & Glen Osbourne & Kodiak Bear & Max Thrasher & The Canadian Wolfman & The Metal Maniac & The Samoan Savage & Tommy Cairo,,,,,,,,,,,,,,,,,,,,,,
Chris Michaels & Jason Lee,chris michaels jason lee,143360,Chris Michaels & Jason Lee,,,,,,,,,,,,,,,,,,,,,,
Chris Michaels & John Rock,chris michaels john rock,10208,Chris Michaels & John Rock,,,,,,,,,,,,,,,,,,,,,,
Chris Michaels & Kendo Nagasaki,chris michaels kendo nagasaki,8055,Chris Michaels & Kendo Nagasaki,,,,,,,,,,,,,,,,,,,,,,
Chris Nawrocki,chris nawrocki,126374,Chris Nawrocki,,,,,,,,,,,,,,,,,,,,,,
Chris Nelson,chris nelson,51264,Chris Nelson,,,,,,,,,,,,,,,,,,,,,,
Chris Nowinski,chris nowinski,140283,Chris Nowinski,,,,,,,,,,,,,,,,,,,,,,
Chris Payne & Doug Sessa,chris payne doug sessa,28960,Chris Payne & Doug Sessa,,,,,,,,,,,,,,,,,,,,,,
Chris Ricks,chris ricks,161090,Chris Ricks,,,,,,,,,,,,,,,,,,,,,,
Chris Robinson & Ryan DePolo,chris robinson ryan depolo,74528,Chris Robinson & Ryan DePolo,,,,,,,,,,,,,,,,,,,,,,
Chris Rockwell & Jonathan Ortagun,chris rockwell jonathan ortagun,34952,Chris Rockwell & Jonathan Ortagun,,,,,,,,,,,,,,,,,,,,,,
Chris Ryder,chris ryder,158924,Chris Ryder,,,,,,,,,,,,,,,,,,,,,,
Chris Sabin,chris sabin,55754,Chris Sabin,,,,,,,,,,,,,,,,,,,,,,
Chris Sawyer,chris sawyer,51410,Chris Sawyer,,,,,,,,,,,,,,,,,,,,,,
Chris Silvio,chris silvio,26876,Chris Silvio,,,,,,,,,,,,,,,,,,,,,,
Chris Simpson,chris simpson,125882,Chris Simpson,,,,,,,,,,,,,,,,,,,,,,
Chris Sullivan & Tommy Angel,chris sullivan tommy angel,52670,Chris Sullivan & Tommy Angel,,,,,,,,,,,,,,,,,,,,,,
Chris Taylor,chris taylor,134515,Chris Taylor,,,,,,,,,,,,,,,,,,,,,,
Chris Tipton,chris tipton,157454,Chris Tipton,,,,,,,,,,,,,,,,,,,,,,
Chris Todd,chris todd,170646,Chris Todd,,,,,,,,,,,,,,,,,,,,,,
Chris Tyler & Jack Starz,chris tyler jack starz,80185,Chris Tyler & Jack Starz,,,,,,,,,,,,,,,,,,,,,,
Chris Valenzuela,chris valenzuela,122574,Chris Valenzuela,,,,,,,,,,,,,,,,,,,,,,
Chris Van de Lay,chris van de lay,6936,Chris Van de Lay,,,,,,,,,,,,,,,,,,,,,,
Chris Walker,chris walker,4370,Chris Walker,,,,,,,,,,,,,,,,,,,,,,
Chris Wellman,chris wellman,122162,Chris Wellman,,,,,,,,,,,,,,,,,,,,,,
Chris Williams,chris williams,39936,Chris Williams,,,,,,,,,,,,,,,,,,,,,,
Chris Wylde & Rory Gulak,chris wylde rory gulak,75690,Chris Wylde & Rory Gulak,,,,,,,,,,,,,,,,,,,,,,
Chris Young & Joe White,chris young joe white,151308,Chris Young & Joe White,,,,,,,,,,,,,,,,,,,,,,
Chris Young & Rex Royal,chris young rex royal,151356,Chris Young & Rex Royal,,,,,,,,,,,,,,,,,,,,,,
Chris Youngblood & Mark Youngblood,chris youngblood mark youngblood,5951,Chris Youngblood & Mark Youngblood,,,,,,,,,,,,,,,,,,,,,,
Chris Zarna,chris zarna,169084,Chris Zarna,,,,,,,,,,,,,,,,,,,,,,
Chris Zarnoff,chris zarnoff,168996,Chris Zarnoff,,,,,,,,,,,,,,,,,,,,,,
Christian & Curtis Axel & Dean Ambrose & Jey Uso & Jimmy Uso & Justin Gabriel & Mark Henry & R-Truth & Rob Van Dam & Roman Reigns & Ryback & Seth Rollins & The Miz & Wade Barrett,christian curtis axel dean ambrose jey uso jimmy uso justin gabriel mark henry r truth rob van dam roman reigns ryback seth rollins the miz wade barrett,98412,Christian & Curtis Axel & Dean Ambrose & Jey Uso & Jimmy Uso & Justin Gabriel & Mark Henry & R-Truth & Rob Van Dam & Roman Reigns & Ryback & Seth Rollins & The Miz & Wade Barrett,,,,,,,,,,,,,,,,,,,,,,
Christian & D-Von Dudley,christian d von dudley,142602,Christian & D-Von Dudley,,,,,,,,,,,,,,,,,,,,,,
Christian & Daniel Bryan,christian daniel bryan,98959,Christian & Daniel Bryan,,,,,,,,,,,,,,,,,,,,,,
Christian & Edge,christian edge,109785,Christian & Edge,,,,,,,,,,,,,,,,,,,,,,
Christian & Finlay,christian finlay,114960,Christian & Finlay,,,,,,,,,,,,,,,,,,,,,,
Christian & Jeff Hardy,christian jeff hardy,146737,Christian & Jeff Hardy,,,,,,,,,,,,,,,,,,,,,,
Christian & Kane,christian kane,112660,Christian & Kane,,,,,,,,,,,,,,,,,,,,,,
Christian & Matt Hardy,christian matt hardy,111498,Christian & Matt Hardy,,,,,,,,,,,,,,,,,,,,,,
Christian & Test,christian test,128324,Christian & Test,,,,,,,,,,,,,,,,,,,,,,
Christian & Tommy Dreamer,christian tommy dreamer,113658,Christian & Tommy Dreamer,,,,,,,,,,,,,,,,,,,,,,
Christian Cage,christian cage,152474,Christian Cage,,,,,,,,,,,,,,,,,,,,,,
Christian Eckstein,christian eckstein,130356,Christian Eckstein,,,,,,,,,,,,,,,,,,,,,,
Christian Jacobs & John Everett,christian jacobs john everett,119570,Christian Jacobs & John Everett,,,,,,,,,,,,,,,,,,,,,,
Christian Taylor,christian taylor,46829,Christian Taylor,,,,,,,,,,,,,,,,,,,,,,
Christian York & Joey Matthews,christian york joey matthews,3,Christian York & Joey Matthews,,,,,,,,,,,,,,,,,,,,,,
Christina Crawford,christina crawford,109452,Christina Crawford,,,,,,,,,,,,,,,,,,,,,,
Christopher Daniels,christopher daniels,2854,Christopher Daniels,,,,,,,,,,,,,,,,,,,,,,
Christopher Girard,christopher girard,29664,Christopher Girard,,,,,,,,,,,,,,,,,,,,,,
Christopher Guy,christopher guy,74996,Christopher Guy,,,,,,,,,,,,,,,,,,,,,,
Christopher Martinez,christopher martinez,150424,Christopher Martinez,,,,,,,,,,,,,,,,,,,,,,
Christopher Nowinski,christopher nowinski,130188,Christopher Nowinski,,,,,,,,,,,,,,,,,,,,,,
Christopher W. Anderson,christopher w anderson,121119,Christopher W. Anderson,,,,,,,,,,,,,,,,,,,,,,
Christy Hemme,christy hemme,123486,Christy Hemme,,,,,,,,,,,,,,,,,,,,,,
Chuck Adcox,chuck adcox,135680,Chuck Adcox,,,,,,,,,,,,,,,,,,,,,,
Chuck Campbell,chuck campbell,168680,Chuck Campbell,,,,,,,,,,,,,,,,,,,,,,
Chuck Casey & Mike Williams,chuck casey mike williams,168414,Chuck Casey & Mike Williams,,,,,,,,,,,,,,,,,,,,,,
Chuck Coates,chuck coates,39034,Chuck Coates,,,,,,,,,,,,,,,,,,,,,,
Chuck Greenman & Iron Mike Sharpe,chuck greenman iron mike sharpe,160222,Chuck Greenman & Iron Mike Sharpe,,,,,,,,,,,,,,,,,,,,,,
Chuck Kilts & Terry Bronson,chuck kilts terry bronson,167912,Chuck Kilts & Terry Bronson,,,,,,,,,,,,,,,,,,,,,,
Chuck Lennox,chuck lennox,88254,Chuck Lennox,,,,,,,,,,,,,,,,,,,,,,
Chuck O'Connor,chuck o connor,135158,Chuck O'Connor,,,,,,,,,,,,,,,,,,,,,,
Chuck Palumbo & Johnny The Bull & Mark Jindrak & Mike Sanders & Reno & Sean O'Haire & Shawn Stasiak,chuck palumbo johnny the bull mark jindrak mike sanders reno sean o haire shawn stasiak,37690,Chuck Palumbo & Johnny The Bull & Mark Jindrak & Mike Sanders & Reno & Sean O'Haire & Shawn Stasiak,,,,,,,,,,,,,,,,,,,,,,
Chuck Palumbo & Kanyon,chuck palumbo kanyon,140000,Chuck Palumbo & Kanyon,,,,,,,,,,,,,,,,,,,,,,
Chuck Palumbo & Kevin Thorn,chuck palumbo kevin thorn,117410,Chuck Palumbo & Kevin Thorn,,,,,,,,,,,,,,,,,,,,,,
Chuck Palumbo & Mark Jindrak & Sean O'Haire & Shawn Stasiak,chuck palumbo mark jindrak sean o haire shawn stasiak,37041,Chuck Palumbo & Mark Jindrak & Sean O'Haire & Shawn Stasiak,,,,,,,,,,,,,,,,,,,,,,
Chuck Palumbo & Meng & Mike Sanders & Sean O'Haire,chuck palumbo meng mike sanders sean o haire,36990,Chuck Palumbo & Meng & Mike Sanders & Sean O'Haire,,,,,,,,,,,,,,,,,,,,,,
Chuck Palumbo & Sean O'Haire,chuck palumbo sean o haire,36569,Chuck Palumbo & Sean O'Haire,,,,,,,,,,,,,,,,,,,,,,
Chuck Palumbo & Shawn Stasiak,chuck palumbo shawn stasiak,37002,Chuck Palumbo & Shawn Stasiak,,,,,,,,,,,,,,,,,,,,,,
Chuck Palumbo & Sonny Siaki,chuck palumbo sonny siaki,39226,Chuck Palumbo & Sonny Siaki,,,,,,,,,,,,,,,,,,,,,,
Chuck Palumbo & Tommy Dreamer,chuck palumbo tommy dreamer,140091,Chuck Palumbo & Tommy Dreamer,,,,,,,,,,,,,,,,,,,,,,
Chuck Richards,chuck richards,135116,Chuck Richards,,,,,,,,,,,,,,,,,,,,,,
Chuck Wepner,chuck wepner,134474,Chuck Wepner,,,,,,,,,,,,,,,,,,,,,,
Chuck West & Isi Bermudez,chuck west isi bermudez,162076,Chuck West & Isi Bermudez,,,,,,,,,,,,,,,,,,,,,,
Chuck Williams,chuck williams,51546,Chuck Williams,,,,,,,,,,,,,,,,,,,,,,
Chuckie Viola & Paxton Averill,chuckie viola paxton averill,17466,Chuckie Viola & Paxton Averill,,,,,,,,,,,,,,,,,,,,,,
Chukwusom Enekwechi & Rickssen Opont,chukwusom enekwechi rickssen opont,15098,Chukwusom Enekwechi & Rickssen Opont,,,,,,,,,,,,,,,,,,,,,,
Chyna,chyna,141609,Chyna,,,,,,,,,,,,,,,,,,,,,,
Cibernetico & Pierroth,cibernetico pierroth,154192,Cibernetico & Pierroth,,,,,,,,,,,,,,,,,,,,,,
Ciclope & Galaxy,ciclope galaxy,48954,Ciclope & Galaxy,,,,,,,,,,,,,,,,,,,,,,
Ciclope & La Parka,ciclope la parka,41491,Ciclope & La Parka,,,,,,,,,,,,,,,,,,,,,,
Clay Roberts,clay roberts,73630,Clay Roberts,,,,,,,,,,,,,,,,,,,,,,
Clay Splash & Steven Splash,clay splash steven splash,81670,Clay Splash & Steven Splash,,,,,,,,,,,,,,,,,,,,,,
Clayton Matthews,clayton matthews,115140,Clayton Matthews,,,,,,,,,,,,,,,,,,,,,,
Clement Petiot,clement petiot,83358,Clement Petiot,,,,,,,,,,,,,,,,,,,,,,
Cliff Compton,cliff compton,124192,Cliff Compton,,,,,,,,,,,,,,,,,,,,,,
Cliff Sheets,cliff sheets,146660,Cliff Sheets,,,,,,,,,,,,,,,,,,,,,,
Coach Buzz Stern,coach buzz stern,40582,Coach Buzz Stern,,,,,,,,,,,,,,,,,,,,,,
Cobra,cobra,50582,Cobra,,,,,,,,,,,,,,,,,,,,,,
Cody Devine,cody devine,74098,Cody Devine,,,,,,,,,,,,,,,,,,,,,,
Cody Michaels,cody michaels,6878,Cody Michaels,,,,,,,,,,,,,,,,,,,,,,
Cody Rhodes,cody rhodes,34160757,Cody Rhodes,,Smackdown Mens,,,1985-06-30,United States,,,https://r2.thesportsdb.com/images/media/player/thumb/qbe86q1713875358.jpg,,Smackdown Mens,,thesportsdb,,,,,,,,,
Cody Rhodes & Curtis Axel & Damien Sandow & Dean Ambrose & Dolph Ziggler & Fandango & Goldust & Heath Slater & Jack Swagger & Kofi Kingston & Mark Henry & R-Truth & Ryback & Santino Marella & Sin Cara (II) & The Big Show & Titus O'Neil & Xavier Woods & Zack Ryder,cody rhodes curtis axel damien sandow dean ambrose dolph ziggler fandango goldust heath slater jack swagger kofi kingston mark henry r truth ryback santino marella sin cara ii the big show titus o neil xavier woods zack ryder,94650,Cody Rhodes & Curtis Axel & Damien Sandow & Dean Ambrose & Dolph Ziggler & Fandango & Goldust & Heath Slater & Jack Swagger & Kofi Kingston & Mark Henry & R-Truth & Ryback & Santino Marella & Sin Cara (II) & The Big Show & Titus O'Neil & Xavier Woods & Zack Ryder,,,,,,,,,,,,,,,,,,,,,,
Cody Rhodes & Daniel Bryan & Ezekiel Jackson & Heath Slater & Jey Uso & Jimmy Uso & Jinder Mahal & Johnny Curtis & Justin Gabriel & Sheamus & Sin Cara (II) & Ted DiBiase Jr. & The Great Khali & Trent Barreta & Tyson Kidd & Wade Barrett & William Regal & Yoshi Tatsu & Zack Ryder,cody rhodes daniel bryan ezekiel jackson heath slater jey uso jimmy uso jinder mahal johnny curtis justin gabriel sheamus sin cara ii ted dibiase jr the great khali trent barreta tyson kidd wade barrett william regal yoshi tatsu zack ryder,108728,Cody Rhodes & Daniel Bryan & Ezekiel Jackson & Heath Slater & Jey Uso & Jimmy Uso & Jinder Mahal & Johnny Curtis & Justin Gabriel & Sheamus & Sin Cara (II) & Ted DiBiase Jr. & The Great Khali & Trent Barreta & Tyson Kidd & Wade Barrett & William Regal & Yoshi Tatsu & Zack Ryder,,,,,,,,,,,,,,,,,,,,,,
Cody Rhodes & Dolph Ziggler & Kofi Kingston & R-Truth & Santino Marella & The Big Show & The Great Khali & The Miz & Wade Barrett,cody rhodes dolph ziggler kofi kingston r truth santino marella the big show the great khali the miz wade barrett,106190,Cody Rhodes & Dolph Ziggler & Kofi Kingston & R-Truth & Santino Marella & The Big Show & The Great Khali & The Miz & Wade Barrett,,,,,,,,,,,,,,,,,,,,,,
Cody Rhodes & Festus & Hardcore Holly & Jamie Noble & Jesse & Jim Duggan & Jimmy Wang Yang & Kane & Kofi Kingston & Shannon Moore & Tommy Dreamer & Val Venis,cody rhodes festus hardcore holly jamie noble jesse jim duggan jimmy wang yang kane kofi kingston shannon moore tommy dreamer val venis,117302,Cody Rhodes & Festus & Hardcore Holly & Jamie Noble & Jesse & Jim Duggan & Jimmy Wang Yang & Kane & Kofi Kingston & Shannon Moore & Tommy Dreamer & Val Venis,,,,,,,,,,,,,,,,,,,,,,
Cody Steele,cody steele,126238,Cody Steele,,,,,,,,,,,,,,,,,,,,,,
Cody Vincent & George Hixon,cody vincent george hixon,23794,Cody Vincent & George Hixon,,,,,,,,,,,,,,,,,,,,,,
Cohito & Greg Hatfield,cohito greg hatfield,160240,Cohito & Greg Hatfield,,,,,,,,,,,,,,,,,,,,,,
Col. Sanders,col sanders,82543,Col. Sanders,,,,,,,,,,,,,,,,,,,,,,
Colby Corino,colby corino,69420,Colby Corino,,,,,,,,,,,,,,,,,,,,,,
Cole Carter & Johnny James,cole carter johnny james,72034,Cole Carter & Johnny James,,,,,,,,,,,,,,,,,,,,,,
Colin Cassady & Enzo Amore,colin cassady enzo amore,30234,Colin Cassady & Enzo Amore,,,,,,,,,,,,,,,,,,,,,,
Colin Delaney,colin delaney,74624,Colin Delaney,,,,,,,,,,,,,,,,,,,,,,
Colonel Robert Parker,colonel robert parker,49768,Colonel Robert Parker,,,,,,,,,,,,,,,,,,,,,,
Colt Cabana,colt cabana,108882,Colt Cabana,,,,,,,,,,,,,,,,,,,,,,
Commander Azeez,commander azeez,64595,Commander Azeez,,,,,,,,,,,,,,,,,,,,,,
Conor O'Brian,conor o brian,35206,Conor O'Brian,,,,,,,,,,,,,,,,,,,,,,
Conquistador #45 & Conquistador #47,conquistador 45 conquistador 47,130050,Conquistador #45 & Conquistador #47,,,,,,,,,,,,,,,,,,,,,,
Conquistador Dos & Conquistador Uno,conquistador dos conquistador uno,144015,Conquistador Dos & Conquistador Uno,,,,,,,,,,,,,,,,,,,,,,
Conquistador Uno & Gene Ligon,conquistador uno gene ligon,168232,Conquistador Uno & Gene Ligon,,,,,,,,,,,,,,,,,,,,,,
Conquistador Uno & Joe Stedum,conquistador uno joe stedum,167652,Conquistador Uno & Joe Stedum,,,,,,,,,,,,,,,,,,,,,,
Conrad Carr & Jay Adams,conrad carr jay adams,118442,Conrad Carr & Jay Adams,,,,,,,,,,,,,,,,,,,,,,
Cora Jade,cora jade,11552,Cora Jade,,,,,,,,,,,,,,,,,,,,,,
Corazon Delgado & Evan Daniels,corazon delgado evan daniels,75564,Corazon Delgado & Evan Daniels,,,,,,,,,,,,,,,,,,,,,,
Corey Graves,corey graves,34501,Corey Graves,,,,,,,,,,,,,,,,,,,,,,
Corey Hollis,corey hollis,27334,Corey Hollis,,,,,,,,,,,,,,,,,,,,,,
Corey Student,corey student,158944,Corey Student,,,,,,,,,,,,,,,,,,,,,,
Corporal Cajun & Elix Skipper & Evan Karagias & Jamie Knoble & Kaz Hayashi & Kidman & Shane Helms & Yun Yang,corporal cajun elix skipper evan karagias jamie knoble kaz hayashi kidman shane helms yun yang,36878,Corporal Cajun & Elix Skipper & Evan Karagias & Jamie Knoble & Kaz Hayashi & Kidman & Shane Helms & Yun Yang,,,,,,,,,,,,,,,,,,,,,,
Corporal Cajun & Elix Skipper & Jr. & Kidman & Lt. Loco & Rey Misterio,corporal cajun elix skipper jr kidman lt loco rey misterio,37298,Corporal Cajun & Elix Skipper & Jr. & Kidman & Lt. Loco & Rey Misterio,,,,,,,,,,,,,,,,,,,,,,
Corporal Cajun & Lt. Loco,corporal cajun lt loco,37189,Corporal Cajun & Lt. Loco,,,,,,,,,,,,,,,,,,,,,,
Corporal Cajun & Sgt. AWOL,corporal cajun sgt awol,37024,Corporal Cajun & Sgt. AWOL,,,,,,,,,,,,,,,,,,,,,,
Corporal Kirchner,corporal kirchner,172660,Corporal Kirchner,,,,,,,,,,,,,,,,,,,,,,
Corporal Punishment,corporal punishment,6468,Corporal Punishment,,,,,,,,,,,,,,,,,,,,,,
Cory K.,cory k,140814,Cory K.,,,,,,,,,,,,,,,,,,,,,,
Cory Student & Iron Mike Sharpe,cory student iron mike sharpe,158836,Cory Student & Iron Mike Sharpe,,,,,,,,,,,,,,,,,,,,,,
Cory Student & Mike Khoury,cory student mike khoury,159652,Cory Student & Mike Khoury,,,,,,,,,,,,,,,,,,,,,,
Cougar Jay,cougar jay,169262,Cougar Jay,,,,,,,,,,,,,,,,,,,,,,
Cousin Junior,cousin junior,174612,Cousin Junior,,,,,,,,,,,,,,,,,,,,,,
Cousin Ray & Henry O. Godwinn,cousin ray henry o godwinn,119835,Cousin Ray & Henry O. Godwinn,,,,,,,,,,,,,,,,,,,,,,
Cousin Sal,cousin sal,116693,Cousin Sal,,,,,,,,,,,,,,,,,,,,,,
Cowboy Bradley & Irish Jackie,cowboy bradley irish jackie,135863,Cowboy Bradley & Irish Jackie,,,,,,,,,,,,,,,,,,,,,,
Cowboy Bradley & Little Beaver,cowboy bradley little beaver,135629,Cowboy Bradley & Little Beaver,,,,,,,,,,,,,,,,,,,,,,
Cowboy Bradley & Pancho Lopez,cowboy bradley pancho lopez,136156,Cowboy Bradley & Pancho Lopez,,,,,,,,,,,,,,,,,,,,,,
Cowboy Bradley & Pee Wee Russell,cowboy bradley pee wee russell,135712,Cowboy Bradley & Pee Wee Russell,,,,,,,,,,,,,,,,,,,,,,
Cowboy Bradley & Sonny Boy Cassidy,cowboy bradley sonny boy cassidy,136355,Cowboy Bradley & Sonny Boy Cassidy,,,,,,,,,,,,,,,,,,,,,,
Cowboy Catrell & Little Tokyo,cowboy catrell little tokyo,168002,Cowboy Catrell & Little Tokyo,,,,,,,,,,,,,,,,,,,,,,
Cowboy Lang & Lone Eagle,cowboy lang lone eagle,176301,Cowboy Lang & Lone Eagle,,,,,,,,,,,,,,,,,,,,,,
Cowboy Lang & The Haiti Kid,cowboy lang the haiti kid,134167,Cowboy Lang & The Haiti Kid,,,,,,,,,,,,,,,,,,,,,,
Cowboy Lang & Tiny Thumb,cowboy lang tiny thumb,176469,Cowboy Lang & Tiny Thumb,,,,,,,,,,,,,,,,,,,,,,
Craig Bowman,craig bowman,169718,Craig Bowman,,,,,,,,,,,,,,,,,,,,,,
Craig Green,craig green,168060,Craig Green,,,,,,,,,,,,,,,,,,,,,,
Craig Malley,craig malley,49172,Craig Malley,,,,,,,,,,,,,,,,,,,,,,
Craig Reilly,craig reilly,168544,Craig Reilly,,,,,,,,,,,,,,,,,,,,,,
Crash Holly & Jamie Noble,crash holly jamie noble,132142,Crash Holly & Jamie Noble,,,,,,,,,,,,,,,,,,,,,,
Crash Holly & Shannon Moore,crash holly shannon moore,130240,Crash Holly & Shannon Moore,,,,,,,,,,,,,,,,,,,,,,
Crash Holly & Steven Richards,crash holly steven richards,133471,Crash Holly & Steven Richards,,,,,,,,,,,,,,,,,,,,,,
Crash the Terminator,crash the terminator,9593,Crash the Terminator,,,,,,,,,,,,,,,,,,,,,,
Creature #1 & Creature #2,creature 1 creature 2,53218,Creature #1 & Creature #2,,,,,,,,,,,,,,,,,,,,,,
Crowbar,crowbar,36736,Crowbar,,,,,,,,,,,,,,,,,,,,,,
Crush & Faarooq,crush faarooq,152882,Crush & Faarooq,,,,,,,,,,,,,,,,,,,,,,
Crush & Owen Hart,crush owen hart,159593,Crush & Owen Hart,,,,,,,,,,,,,,,,,,,,,,
Crush & Smash,crush smash,165730,Crush & Smash,,,,,,,,,,,,,,,,,,,,,,
Crush & Yokozuna,crush yokozuna,158847,Crush & Yokozuna,,,,,,,,,,,,,,,,,,,,,,
Crusher Blackwell,crusher blackwell,133912,Crusher Blackwell,,,,,,,,,,,,,,,,,,,,,,
Crusher Verdu,crusher verdu,135519,Crusher Verdu,,,,,,,,,,,,,,,,,,,,,,
Cruz Del Toro & Hank Walker & Joaquin Wilde & Tank Ledger,cruz del toro hank walker joaquin wilde tank ledger,10948,Cruz Del Toro & Hank Walker & Joaquin Wilde & Tank Ledger,,,,,,,,,,,,,,,,,,,,,,
Cruz Del Toro & Joaquin Wilde,cruz del toro joaquin wilde,10561,Cruz Del Toro & Joaquin Wilde,,,,,,,,,,,,,,,,,,,,,,
Crybaby Cannon,crybaby cannon,135848,Crybaby Cannon,,,,,,,,,,,,,,,,,,,,,,
Crybaby Waldo,crybaby waldo,10239,Crybaby Waldo,,,,,,,,,,,,,,,,,,,,,,
Curly Bill,curly bill,40460,Curly Bill,,,,,,,,,,,,,,,,,,,,,,
Curt Hawkins,curt hawkins,26886,Curt Hawkins,,,,,,,,,,,,,,,,,,,,,,
Curt Hawkins & EC3 & Eric Young & Gran Metalik & Heath Slater & Kalisto & Lince Dorado & Mojo Rawley & No Way Jose & R-Truth & Robert Roode & Titus O'Neil & Zack Ryder,curt hawkins ec3 eric young gran metalik heath slater kalisto lince dorado mojo rawley no way jose r truth robert roode titus o neil zack ryder,72020,Curt Hawkins & EC3 & Eric Young & Gran Metalik & Heath Slater & Kalisto & Lince Dorado & Mojo Rawley & No Way Jose & R-Truth & Robert Roode & Titus O'Neil & Zack Ryder,,,,,,,,,,,,,,,,,,,,,,
Curt Hawkins & Heath Slater & Jinder Mahal & Konnor & No Way Jose & Rhyno & Titus O'Neil & Viktor & Zack Ryder,curt hawkins heath slater jinder mahal konnor no way jose rhyno titus o neil viktor zack ryder,73474,Curt Hawkins & Heath Slater & Jinder Mahal & Konnor & No Way Jose & Rhyno & Titus O'Neil & Viktor & Zack Ryder,,,,,,,,,,,,,,,,,,,,,,
Curt Hennig,curt hennig,38592,Curt Hennig,,,,,,,,,,,,,,,,,,,,,,
Curt Sloan & Darren Trujillo,curt sloan darren trujillo,160674,Curt Sloan & Darren Trujillo,,,,,,,,,,,,,,,,,,,,,,
Curt Stallion,curt stallion,17864,Curt Stallion,,,,,,,,,,,,,,,,,,,,,,
Curt Todd,curt todd,170280,Curt Todd,,,,,,,,,,,,,,,,,,,,,,
Curtis Axel,curtis axel,32793,Curtis Axel,,,,,,,,,,,,,,,,,,,,,,
Curtis Cole & Johnny Proof & Tyler Stinson,curtis cole johnny proof tyler stinson,81534,Curtis Cole & Johnny Proof & Tyler Stinson,,,,,,,,,,,,,,,,,,,,,,
Curtis Harrison,curtis harrison,158044,Curtis Harrison,,,,,,,,,,,,,,,,,,,,,,
Curtis Hughes,curtis hughes,54172,Curtis Hughes,,,,,,,,,,,,,,,,,,,,,,
Curtis Thompson,curtis thompson,170524,Curtis Thompson,,,,,,,,,,,,,,,,,,,,,,
Cutie Suzuki & Mayumi Ozaki,cutie suzuki mayumi ozaki,51450,Cutie Suzuki & Mayumi Ozaki,,,,,,,,,,,,,,,,,,,,,,
Cutler James,cutler james,10325,Cutler James,,,,,,,,,,,,,,,,,,,,,,
Cyclone Soto,cyclone soto,136372,Cyclone Soto,,,,,,,,,,,,,,,,,,,,,,
Cyrus & Jerry Lynn,cyrus jerry lynn,37,Cyrus & Jerry Lynn,,,,,,,,,,,,,,,,,,,,,,
Cyrus & Lou E. Dangerously,cyrus lou e dangerously,491,Cyrus & Lou E. Dangerously,,,,,,,,,,,,,,,,,,,,,,
D-Day,d day,8810,D-Day,,,,,,,,,,,,,,,,,,,,,,
D-Lo Brown,d lo brown,115636,D-Lo Brown,,,,,,,,,,,,,,,,,,,,,,
D-Von Dudley & Jeff Hardy,d von dudley jeff hardy,144598,D-Von Dudley & Jeff Hardy,,,,,,,,,,,,,,,,,,,,,,
D-Von Dudley & Mass Transit,d von dudley mass transit,7168,D-Von Dudley & Mass Transit,,,,,,,,,,,,,,,,,,,,,,
D-Von Dudley & Ric Rage,d von dudley ric rage,7256,D-Von Dudley & Ric Rage,,,,,,,,,,,,,,,,,,,,,,
D. C. Drake,d c drake,8956,D. C. Drake,,,,,,,,,,,,,,,,,,,,,,
D. D. Russell,d d russell,164262,D. D. Russell,,,,,,,,,,,,,,,,,,,,,,
D. H. Smith,d h smith,110057,D. H. Smith,,,,,,,,,,,,,,,,,,,,,,
D. J. Gabriel,d j gabriel,115020,D. J. Gabriel,,,,,,,,,,,,,,,,,,,,,,
D. J. Peterson & Tommy Angel,d j peterson tommy angel,170308,D. J. Peterson & Tommy Angel,,,,,,,,,,,,,,,,,,,,,,
D. K. Brauch & Paul Perez,d k brauch paul perez,166952,D. K. Brauch & Paul Perez,,,,,,,,,,,,,,,,,,,,,,
DDS & Isaac Yankem,dds isaac yankem,155114,DDS & Isaac Yankem,,,,,,,,,,,,,,,,,,,,,,
Da Mack,da mack,83364,Da Mack,,,,,,,,,,,,,,,,,,,,,,
Dabba-Kato,dabba kato,14492,Dabba-Kato,,,,,,,,,,,,,,,,,,,,,,
Daffney,daffney,38191,Daffney,,,,,,,,,,,,,,,,,,,,,,
Dakota Kai,dakota kai,16962,Dakota Kai,,,,,,,,,,,,,,,,,,,,,,
Dale Hutchinson,dale hutchinson,153170,Dale Hutchinson,,,,,,,,,,,,,,,,,,,,,,
Dale London,dale london,169550,Dale London,,,,,,,,,,,,,,,,,,,,,,
Dale Torborg,dale torborg,40883,Dale Torborg,,,,,,,,,,,,,,,,,,,,,,
Dale Wolfe,dale wolfe,49968,Dale Wolfe,,,,,,,,,,,,,,,,,,,,,,
Dallas Harper,dallas harper,28390,Dallas Harper,,,,,,,,,,,,,,,,,,,,,,
Damaja,damaja,124409,Damaja,,,,,,,,,,,,,,,,,,,,,,
Damian Adams & Johnny Candido,damian adams johnny candido,124746,Damian Adams & Johnny Candido,,,,,,,,,,,,,,,,,,,,,,
Damian Kane,damian kane,7422,Damian Kane,,,,,,,,,,,,,,,,,,,,,,
Damian Knight,damian knight,10160,Damian Knight,,,,,,,,,,,,,,,,,,,,,,
Damian Priest & Drew McIntyre & Keith Lee & Kevin Owens & Matt Riddle & Randy Orton & Ricochet & Seth Rollins & Tommaso Ciampa & WALTER,damian priest drew mcintyre keith lee kevin owens matt riddle randy orton ricochet seth rollins tommaso ciampa walter,71188,Damian Priest & Drew McIntyre & Keith Lee & Kevin Owens & Matt Riddle & Randy Orton & Ricochet & Seth Rollins & Tommaso Ciampa & WALTER,,,,,,,,,,,,,,,,,,,,,,
Damian Priest & Finn Bálor,damian priest finn balor,14763,Damian Priest & Finn Bálor,,,,,,,,,,,,,,,,,,,,,,
Damian Priest & Io Shirai,damian priest io shirai,18106,Damian Priest & Io Shirai,,,,,,,,,,,,,,,,,,,,,,
Damian Priest & Jeff Hardy,damian priest jeff hardy,66967,Damian Priest & Jeff Hardy,,,,,,,,,,,,,,,,,,,,,,
Damian Priest & Jimmy Uso,damian priest jimmy uso,56201,Damian Priest & Jimmy Uso,,,,,,,,,,,,,,,,,,,,,,
Damian Priest & Theory,damian priest theory,64708,Damian Priest & Theory,,,,,,,,,,,,,,,,,,,,,,
Damian Slater,damian slater,83362,Damian Slater,,,,,,,,,,,,,,,,,,,,,,
Damien,damien,7832,Damien,,,,,,,,,,,,,,,,,,,,,,
Damon Kemp,damon kemp,12820,Damon Kemp,,,,,,,,,,,,,,,,,,,,,,
Dan Delaney & Rob Grymes,dan delaney rob grymes,104330,Dan Delaney & Rob Grymes,,,,,,,,,,,,,,,,,,,,,,
Dan Dubiel,dan dubiel,158730,Dan Dubiel,,,,,,,,,,,,,,,,,,,,,,
Dan Farren,dan farren,161112,Dan Farren,,,,,,,,,,,,,,,,,,,,,,
Dan Harris,dan harris,9054,Dan Harris,,,,,,,,,,,,,,,,,,,,,,
Dan Haskins,dan haskins,173994,Dan Haskins,,,,,,,,,,,,,,,,,,,,,,
Dan Jarmon & Trevor Skelly,dan jarmon trevor skelly,17458,Dan Jarmon & Trevor Skelly,,,,,,,,,,,,,,,,,,,,,,
Dan Jesser,dan jesser,154834,Dan Jesser,,,,,,,,,,,,,,,,,,,,,,
Dan Johnson & Tony Skrivins,dan johnson tony skrivins,165812,Dan Johnson & Tony Skrivins,,,,,,,,,,,,,,,,,,,,,,
Dan Kroffat,dan kroffat,172559,Dan Kroffat,,,,,,,,,,,,,,,,,,,,,,
Dan Matha,dan matha,21190,Dan Matha,,,,,,,,,,,,,,,,,,,,,,
Dan Matha & Daniel Vidot & Denzel Dejournette & Dominik Dijakovic & Jeet Rama & Luke Menzies & Mohamed Fahim & Otis Dozovic & Saurav Gurjar & Stacey Ervin Jr. & Tucker Knight,dan matha daniel vidot denzel dejournette dominik dijakovic jeet rama luke menzies mohamed fahim otis dozovic saurav gurjar stacey ervin jr tucker knight,22186,Dan Matha & Daniel Vidot & Denzel Dejournette & Dominik Dijakovic & Jeet Rama & Luke Menzies & Mohamed Fahim & Otis Dozovic & Saurav Gurjar & Stacey Ervin Jr. & Tucker Knight,,,,,,,,,,,,,,,,,,,,,,
Dan McGuire,dan mcguire,173996,Dan McGuire,,,,,,,,,,,,,,,,,,,,,,
Dan Moloney,dan moloney,78550,Dan Moloney,,,,,,,,,,,,,,,,,,,,,,
Dan Parks,dan parks,154408,Dan Parks,,,,,,,,,,,,,,,,,,,,,,
Dan Robbins & John Lars,dan robbins john lars,162330,Dan Robbins & John Lars,,,,,,,,,,,,,,,,,,,,,,
Dan Robbins & Mark Wilson,dan robbins mark wilson,164870,Dan Robbins & Mark Wilson,,,,,,,,,,,,,,,,,,,,,,
Dan Rodimer,dan rodimer,119660,Dan Rodimer,,,,,,,,,,,,,,,,,,,,,,
Dan Rodman,dan rodman,119318,Dan Rodman,,,,,,,,,,,,,,,,,,,,,,
Dan Rubins & Tom Stone,dan rubins tom stone,160520,Dan Rubins & Tom Stone,,,,,,,,,,,,,,,,,,,,,,
Dan Severn,dan severn,149750,Dan Severn,,,,,,,,,,,,,,,,,,,,,,
Dan Spivey,dan spivey,52719,Dan Spivey,,,,,,,,,,,,,,,,,,,,,,
Dana Brooke,dana brooke,14426,Dana Brooke,,,,,,,,,,,,,,,,,,,,,,
Dana Carpenter,dana carpenter,174400,Dana Carpenter,,,,,,,,,,,,,,,,,,,,,,
Dances With Dudley,dances with dudley,7652,Dances With Dudley,,,,,,,,,,,,,,,,,,,,,,
Dancin' Goodnite,dancin goodnite,145696,Dancin' Goodnite,,,,,,,,,,,,,,,,,,,,,,
Dane Bryant & Wayne Bryant,dane bryant wayne bryant,73711,Dane Bryant & Wayne Bryant,,,,,,,,,,,,,,,,,,,,,,
Danger Dean & Jason Jaxon,danger dean jason jaxon,90602,Danger Dean & Jason Jaxon,,,,,,,,,,,,,,,,,,,,,,
Danger Dynamo,danger dynamo,43538,Danger Dynamo,,,,,,,,,,,,,,,,,,,,,,
Dangerous Derek & Wild Wade,dangerous derek wild wade,126668,Dangerous Derek & Wild Wade,,,,,,,,,,,,,,,,,,,,,,
Dani Mo & Katie Arquette & Kay Sparks,dani mo katie arquette kay sparks,63644,Dani Mo & Katie Arquette & Kay Sparks,,,,,,,,,,,,,,,,,,,,,,
Dani Palmer,dani palmer,11849,Dani Palmer,,,,,,,,,,,,,,,,,,,,,,
Dani Sekelsky,dani sekelsky,10716,Dani Sekelsky,,,,,,,,,,,,,,,,,,,,,,
Daniel Bryan & Darren Young & David Otunga & Heath Slater & Justin Gabriel & Michael Tarver & Skip Sheffield & Wade Barrett,daniel bryan darren young david otunga heath slater justin gabriel michael tarver skip sheffield wade barrett,111981,Daniel Bryan & Darren Young & David Otunga & Heath Slater & Justin Gabriel & Michael Tarver & Skip Sheffield & Wade Barrett,,,,,,,,,,,,,,,,,,,,,,
Daniel Bryan & Dash Wilder & Rowan & Scott Dawson,daniel bryan dash wilder rowan scott dawson,72316,Daniel Bryan & Dash Wilder & Rowan & Scott Dawson,,,,,,,,,,,,,,,,,,,,,,
Daniel Bryan & Edge,daniel bryan edge,68200,Daniel Bryan & Edge,,,,,,,,,,,,,,,,,,,,,,
Daniel Bryan & Kane,daniel bryan kane,36201,Daniel Bryan & Kane,,,,,,,,,,,,,,,,,,,,,,
Daniel Bryan & Otis & Rowan & Tucker,daniel bryan otis rowan tucker,72168,Daniel Bryan & Otis & Rowan & Tucker,,,,,,,,,,,,,,,,,,,,,,
Daniel Bryan & Rowan,daniel bryan rowan,71976,Daniel Bryan & Rowan,,,,,,,,,,,,,,,,,,,,,,
Daniel Bryan & Sin Cara,daniel bryan sin cara,109325,Daniel Bryan & Sin Cara,,,,,,,,,,,,,,,,,,,,,,
Daniel Cross & Dinty Moore,daniel cross dinty moore,120334,Daniel Cross & Dinty Moore,,,,,,,,,,,,,,,,,,,,,,
Daniel Puder,daniel puder,126101,Daniel Puder,,,,,,,,,,,,,,,,,,,,,,
Daniel Vidot,daniel vidot,18656,Daniel Vidot,,,,,,,,,,,,,,,,,,,,,,
Daniel Williams & Dustin Lawyer,daniel williams dustin lawyer,66674,Daniel Williams & Dustin Lawyer,,,,,,,,,,,,,,,,,,,,,,
Daniela Roma & Julio Rivera,daniela roma julio rivera,19804,Daniela Roma & Julio Rivera,,,,,,,,,,,,,,,,,,,,,,
Danielle Kamela,danielle kamela,26600,Danielle Kamela,,,,,,,,,,,,,,,,,,,,,,
Danny Basham & Doug Basham,danny basham doug basham,121686,Danny Basham & Doug Basham,,,,,,,,,,,,,,,,,,,,,,
Danny Boy Collins,danny boy collins,163432,Danny Boy Collins,,,,,,,,,,,,,,,,,,,,,,
Danny Brazil,danny brazil,166102,Danny Brazil,,,,,,,,,,,,,,,,,,,,,,
Danny Burch,danny burch,18078,Danny Burch,,,,,,,,,,,,,,,,,,,,,,
Danny Danger,danny danger,113922,Danny Danger,,,,,,,,,,,,,,,,,,,,,,
Danny Daniels,danny daniels,94,Danny Daniels,,,,,,,,,,,,,,,,,,,,,,
Danny Davis,danny davis,169368,Danny Davis,,,,,,,,,,,,,,,,,,,,,,
Danny DeNucci,danny denucci,131938,Danny DeNucci,,,,,,,,,,,,,,,,,,,,,,
Danny Dees,danny dees,52472,Danny Dees,,,,,,,,,,,,,,,,,,,,,,
Danny Doring & Darren Drozdov,danny doring darren drozdov,5202,Danny Doring & Darren Drozdov,,,,,,,,,,,,,,,,,,,,,,
Danny Doring & Jamie Dundee,danny doring jamie dundee,4704,Danny Doring & Jamie Dundee,,,,,,,,,,,,,,,,,,,,,,
Danny Doring & Mikey Whipwreck & Roadkill,danny doring mikey whipwreck roadkill,1430,Danny Doring & Mikey Whipwreck & Roadkill,,,,,,,,,,,,,,,,,,,,,,
Danny Doring & Roadkill & Robert Gibson,danny doring roadkill robert gibson,3954,Danny Doring & Roadkill & Robert Gibson,,,,,,,,,,,,,,,,,,,,,,
Danny Doring & The Dirt Bike Kid,danny doring the dirt bike kid,4637,Danny Doring & The Dirt Bike Kid,,,,,,,,,,,,,,,,,,,,,,
Danny Doring & Tommy Dreamer,danny doring tommy dreamer,7,Danny Doring & Tommy Dreamer,,,,,,,,,,,,,,,,,,,,,,
Danny Doring & Tony Mamaluke,danny doring tony mamaluke,129336,Danny Doring & Tony Mamaluke,,,,,,,,,,,,,,,,,,,,,,
Danny Duggan,danny duggan,81366,Danny Duggan,,,,,,,,,,,,,,,,,,,,,,
Danny Garcia,danny garcia,74564,Danny Garcia,,,,,,,,,,,,,,,,,,,,,,
Danny Gimondo,danny gimondo,121232,Danny Gimondo,,,,,,,,,,,,,,,,,,,,,,
Danny Holiday & Jason Lee,danny holiday jason lee,146606,Danny Holiday & Jason Lee,,,,,,,,,,,,,,,,,,,,,,
Danny Jacks & Mikey Deek,danny jacks mikey deek,119850,Danny Jacks & Mikey Deek,,,,,,,,,,,,,,,,,,,,,,
Danny Jet & Mike Bennett,danny jet mike bennett,119870,Danny Jet & Mike Bennett,,,,,,,,,,,,,,,,,,,,,,
Danny Kamo,danny kamo,163748,Danny Kamo,,,,,,,,,,,,,,,,,,,,,,
Danny Lerman,danny lerman,105338,Danny Lerman,,,,,,,,,,,,,,,,,,,,,,
Danny Morrison,danny morrison,5418,Danny Morrison,,,,,,,,,,,,,,,,,,,,,,
Danny Shanley,danny shanley,119206,Danny Shanley,,,,,,,,,,,,,,,,,,,,,,
Danny Spivey & Jerry Allen,danny spivey jerry allen,173122,Danny Spivey & Jerry Allen,,,,,,,,,,,,,,,,,,,,,,
Danny Spivey & Mike Rotundo,danny spivey mike rotundo,173579,Danny Spivey & Mike Rotundo,,,,,,,,,,,,,,,,,,,,,,
Danny Vaughn & Mark Franks,danny vaughn mark franks,112938,Danny Vaughn & Mark Franks,,,,,,,,,,,,,,,,,,,,,,
Danny White,danny white,147386,Danny White,,,,,,,,,,,,,,,,,,,,,,
Dante Chen,dante chen,10326,Dante Chen,,,,,,,,,,,,,,,,,,,,,,
Dante Dash,dante dash,35386,Dante Dash,,,,,,,,,,,,,,,,,,,,,,
Dante Leon,dante leon,70970,Dante Leon,,,,,,,,,,,,,,,,,,,,,,
Dante Marquis Carter,dante marquis carter,69642,Dante Marquis Carter,,,,,,,,,,,,,,,,,,,,,,
Dante Rios,dante rios,17872,Dante Rios,,,,,,,,,,,,,,,,,,,,,,
Dardi Dahl & Peggy Patterson,dardi dahl peggy patterson,134920,Dardi Dahl & Peggy Patterson,,,,,,,,,,,,,,,,,,,,,,
Daria & Peyton Royce,daria peyton royce,29678,Daria & Peyton Royce,,,,,,,,,,,,,,,,,,,,,,
Daria Berenato,daria berenato,27266,Daria Berenato,,,,,,,,,,,,,,,,,,,,,,
Dark Destiny,dark destiny,162256,Dark Destiny,,,,,,,,,,,,,,,,,,,,,,
Dark Patriot II,dark patriot ii,9978,Dark Patriot II,,,,,,,,,,,,,,,,,,,,,,
Darnell Yates,darnell yates,167148,Darnell Yates,,,,,,,,,,,,,,,,,,,,,,
Darrell Cochran,darrell cochran,135546,Darrell Cochran,,,,,,,,,,,,,,,,,,,,,,
Darrell Peterson,darrell peterson,169564,Darrell Peterson,,,,,,,,,,,,,,,,,,,,,,
Darren Rain,darren rain,118384,Darren Rain,,,,,,,,,,,,,,,,,,,,,,
Darren Wade & Steve Anthony,darren wade steve anthony,116452,Darren Wade & Steve Anthony,,,,,,,,,,,,,,,,,,,,,,
Darren Young,darren young,80166,Darren Young,,,,,,,,,,,,,,,,,,,,,,
Darren Young & David Hart Smith & David Otunga & Evan Bourne & Heath Slater & John Cena & John Morrison & Justin Gabriel & Mark Henry & Primo & R-Truth & Santino Marella & Sheamus & Ted DiBiase Jr. & The Miz & Tyson Kidd & Vladimir Kozlov & William Regal & Zack Ryder,darren young david hart smith david otunga evan bourne heath slater john cena john morrison justin gabriel mark henry primo r truth santino marella sheamus ted dibiase jr the miz tyson kidd vladimir kozlov william regal zack ryder,111038,Darren Young & David Hart Smith & David Otunga & Evan Bourne & Heath Slater & John Cena & John Morrison & Justin Gabriel & Mark Henry & Primo & R-Truth & Santino Marella & Sheamus & Ted DiBiase Jr. & The Miz & Tyson Kidd & Vladimir Kozlov & William Regal & Zack Ryder,,,,,,,,,,,,,,,,,,,,,,
Darren Young & David Hart Smith & Primo & R-Truth & Sheamus & Ted DiBiase Jr. & Tyson Kidd & William Regal & Yoshi Tatsu & Zack Ryder,darren young david hart smith primo r truth sheamus ted dibiase jr tyson kidd william regal yoshi tatsu zack ryder,110244,Darren Young & David Hart Smith & Primo & R-Truth & Sheamus & Ted DiBiase Jr. & Tyson Kidd & William Regal & Yoshi Tatsu & Zack Ryder,,,,,,,,,,,,,,,,,,,,,,
Darryl Nichols,darryl nichols,167630,Darryl Nichols,,,,,,,,,,,,,,,,,,,,,,
Darryl Nickel,darryl nickel,167648,Darryl Nickel,,,,,,,,,,,,,,,,,,,,,,
Darryl Woodworth,darryl woodworth,166192,Darryl Woodworth,,,,,,,,,,,,,,,,,,,,,,
Dash Wilder & Erik & Ivar & Scott Dawson,dash wilder erik ivar scott dawson,72769,Dash Wilder & Erik & Ivar & Scott Dawson,,,,,,,,,,,,,,,,,,,,,,
Dash Wilder & Konnor & Scott Dawson & Viktor,dash wilder konnor scott dawson viktor,73004,Dash Wilder & Konnor & Scott Dawson & Viktor,,,,,,,,,,,,,,,,,,,,,,
Dash Wilder & Scott Dawson,dash wilder scott dawson,19320,Dash Wilder & Scott Dawson,,,,,,,,,,,,,,,,,,,,,,
Dave Barbie,dave barbie,172828,Dave Barbie,,,,,,,,,,,,,,,,,,,,,,
Dave Bazo & Scott Key,dave bazo scott key,165506,Dave Bazo & Scott Key,,,,,,,,,,,,,,,,,,,,,,
Dave Criner,dave criner,159046,Dave Criner,,,,,,,,,,,,,,,,,,,,,,
Dave D'Amaglio,dave d amaglio,158096,Dave D'Amaglio,,,,,,,,,,,,,,,,,,,,,,
Dave Dalton,dave dalton,156040,Dave Dalton,,,,,,,,,,,,,,,,,,,,,,
Dave Danger & Jeff Starr,dave danger jeff starr,121892,Dave Danger & Jeff Starr,,,,,,,,,,,,,,,,,,,,,,
Dave Delicious,dave delicious,131056,Dave Delicious,,,,,,,,,,,,,,,,,,,,,,
Dave Glenn & Nate Mattson,dave glenn nate mattson,118478,Dave Glenn & Nate Mattson,,,,,,,,,,,,,,,,,,,,,,
Dave Hart,dave hart,52372,Dave Hart,,,,,,,,,,,,,,,,,,,,,,
Dave Johnson & Terry Bronson,dave johnson terry bronson,54030,Dave Johnson & Terry Bronson,,,,,,,,,,,,,,,,,,,,,,
Dave Keiner,dave keiner,160894,Dave Keiner,,,,,,,,,,,,,,,,,,,,,,
Dave Millison,dave millison,163074,Dave Millison,,,,,,,,,,,,,,,,,,,,,,
Dave Moraldo & Mike Khoury,dave moraldo mike khoury,160628,Dave Moraldo & Mike Khoury,,,,,,,,,,,,,,,,,,,,,,
Dave Morgan & Matt Williams,dave morgan matt williams,162292,Dave Morgan & Matt Williams,,,,,,,,,,,,,,,,,,,,,,
Dave Paradise & Mike Peskin,dave paradise mike peskin,168868,Dave Paradise & Mike Peskin,,,,,,,,,,,,,,,,,,,,,,
Dave Power,dave power,39352,Dave Power,,,,,,,,,,,,,,,,,,,,,,
Dave Pullman & The Gladiator,dave pullman the gladiator,168930,Dave Pullman & The Gladiator,,,,,,,,,,,,,,,,,,,,,,
Dave Roulette,dave roulette,163330,Dave Roulette,,,,,,,,,,,,,,,,,,,,,,
Dave Siegfried & George Mendison,dave siegfried george mendison,165686,Dave Siegfried & George Mendison,,,,,,,,,,,,,,,,,,,,,,
Dave Siegfried & Tom Stone,dave siegfried tom stone,157150,Dave Siegfried & Tom Stone,,,,,,,,,,,,,,,,,,,,,,
Dave Sigfrid,dave sigfrid,157172,Dave Sigfrid,,,,,,,,,,,,,,,,,,,,,,
Dave Sigfritts,dave sigfritts,165630,Dave Sigfritts,,,,,,,,,,,,,,,,,,,,,,
Dave Silguero & Robert Taylor,dave silguero robert taylor,162014,Dave Silguero & Robert Taylor,,,,,,,,,,,,,,,,,,,,,,
Dave Starr,dave starr,155292,Dave Starr,,,,,,,,,,,,,,,,,,,,,,
Dave Sullivan,dave sullivan,50890,Dave Sullivan,,,,,,,,,,,,,,,,,,,,,,
Dave Taylor,dave taylor,40126,Dave Taylor,,,,,,,,,,,,,,,,,,,,,,
Dave Wagner,dave wagner,169082,Dave Wagner,,,,,,,,,,,,,,,,,,,,,,
Dave Watson,dave watson,168276,Dave Watson,,,,,,,,,,,,,,,,,,,,,,
Dave Wilson,dave wilson,164698,Dave Wilson,,,,,,,,,,,,,,,,,,,,,,
Davey Boy Smith,davey boy smith,9991,Davey Boy Smith,,,,,,,,,,,,,,,,,,,,,,
Davey O'Hannon,davey o hannon,134440,Davey O'Hannon,,,,,,,,,,,,,,,,,,,,,,
Davey Pazano & Little Guido,davey pazano little guido,7094,Davey Pazano & Little Guido,,,,,,,,,,,,,,,,,,,,,,
Davey Starr & Gary Key,davey starr gary key,161710,Davey Starr & Gary Key,,,,,,,,,,,,,,,,,,,,,,
Davey Tyler,davey tyler,7240,Davey Tyler,,,,,,,,,,,,,,,,,,,,,,
David Arquette,david arquette,38633,David Arquette,,,,,,,,,,,,,,,,,,,,,,
David Bertoch,david bertoch,168662,David Bertoch,,,,,,,,,,,,,,,,,,,,,,
David Cash,david cash,2094,David Cash,,,,,,,,,,,,,,,,,,,,,,
David Clements & J. D. Striker,david clements j d striker,159776,David Clements & J. D. Striker,,,,,,,,,,,,,,,,,,,,,,
David Coleman & John Wise,david coleman john wise,169476,David Coleman & John Wise,,,,,,,,,,,,,,,,,,,,,,
David Flair,david flair,37180,David Flair,,,,,,,,,,,,,,,,,,,,,,
David Floridia,david floridia,114858,David Floridia,,,,,,,,,,,,,,,,,,,,,,
David Gold,david gold,173340,David Gold,,,,,,,,,,,,,,,,,,,,,,
David Hart Smith,david hart smith,109624,David Hart Smith,,,,,,,,,,,,,,,,,,,,,,
David Haskins,david haskins,48386,David Haskins,,,,,,,,,,,,,,,,,,,,,,
David Heath,david heath,152110,David Heath,,,,,,,,,,,,,,,,,,,,,,
David Hintz,david hintz,113180,David Hintz,,,,,,,,,,,,,,,,,,,,,,
David Howard,david howard,36174,David Howard,,,,,,,,,,,,,,,,,,,,,,
David Isley,david isley,166136,David Isley,,,,,,,,,,,,,,,,,,,,,,
David Jericho,david jericho,6938,David Jericho,,,,,,,,,,,,,,,,,,,,,,
David Kauffman & Kevin Lee,david kauffman kevin lee,72660,David Kauffman & Kevin Lee,,,,,,,,,,,,,,,,,,,,,,
David Lanning,david lanning,169490,David Lanning,,,,,,,,,,,,,,,,,,,,,,
David Otunga,david otunga,88188,David Otunga,,,,,,,,,,,,,,,,,,,,,,
David Owen,david owen,117738,David Owen,,,,,,,,,,,,,,,,,,,,,,
David Sammartino,david sammartino,49642,David Sammartino,,,,,,,,,,,,,,,,,,,,,,
David Schultz,david schultz,175230,David Schultz,,,,,,,,,,,,,,,,,,,,,,
David Sierra,david sierra,5897,David Sierra,,,,,,,,,,,,,,,,,,,,,,
David Stoudemire & George Evans,david stoudemire george evans,169494,David Stoudemire & George Evans,,,,,,,,,,,,,,,,,,,,,,
David Stoudemire & Rick Allen,david stoudemire rick allen,169686,David Stoudemire & Rick Allen,,,,,,,,,,,,,,,,,,,,,,
David Taylor,david taylor,47579,David Taylor,,,,,,,,,,,,,,,,,,,,,,
David Thornberg,david thornberg,156618,David Thornberg,,,,,,,,,,,,,,,,,,,,,,
David Tyler Morton Jericho,david tyler morton jericho,7194,David Tyler Morton Jericho,,,,,,,,,,,,,,,,,,,,,,
David Von Erich,david von erich,176347,David Von Erich,,,,,,,,,,,,,,,,,,,,,,
David Young,david young,142792,David Young,,,,,,,,,,,,,,,,,,,,,,
Dawn Marie & Jamie Noble,dawn marie jamie noble,127408,Dawn Marie & Jamie Noble,,,,,,,,,,,,,,,,,,,,,,
Dawn Marie & Matt Hardy,dawn marie matt hardy,132323,Dawn Marie & Matt Hardy,,,,,,,,,,,,,,,,,,,,,,
Dawn Marie & Nidia,dawn marie nidia,130645,Dawn Marie & Nidia,,,,,,,,,,,,,,,,,,,,,,
Dawn Marie & Rene Dupree,dawn marie rene dupree,125302,Dawn Marie & Rene Dupree,,,,,,,,,,,,,,,,,,,,,,
Dean Ambrose,dean ambrose,35302,Dean Ambrose,,,,,,,,,,,,,,,,,,,,,,
Dean Baldwin,dean baldwin,130778,Dean Baldwin,,,,,,,,,,,,,,,,,,,,,,
Dean Douglas,dean douglas,155919,Dean Douglas,,,,,,,,,,,,,,,,,,,,,,
Dean Ho,dean ho,134664,Dean Ho,,,,,,,,,,,,,,,,,,,,,,
Dean Malenko,dean malenko,8521,Dean Malenko,,,,,,,,,,,,,,,,,,,,,,
Dean Roll,dean roll,40895,Dean Roll,,,,,,,,,,,,,,,,,,,,,,
Dean Visk,dean visk,126276,Dean Visk,,,,,,,,,,,,,,,,,,,,,,
Death Row 3260,death row 3260,8809,Death Row 3260,,,,,,,,,,,,,,,,,,,,,,
Debbie Combs,debbie combs,48984,Debbie Combs,,,,,,,,,,,,,,,,,,,,,,
Debbie Johnson & Sharon Brooks,debbie johnson sharon brooks,134888,Debbie Johnson & Sharon Brooks,,,,,,,,,,,,,,,,,,,,,,
Debra & Jeff Jarrett,debra jeff jarrett,147630,Debra & Jeff Jarrett,,,,,,,,,,,,,,,,,,,,,,
Dee Dee Venturi,dee dee venturi,38502,Dee Dee Venturi,,,,,,,,,,,,,,,,,,,,,,
Del Adams,del adams,133948,Del Adams,,,,,,,,,,,,,,,,,,,,,,
Delilah Dawson,delilah dawson,79986,Delilah Dawson,,,,,,,,,,,,,,,,,,,,,,
Demitrius Bronson,demitrius bronson,26037,Demitrius Bronson,,,,,,,,,,,,,,,,,,,,,,
Dennis Allen & The Gladiator,dennis allen the gladiator,166396,Dennis Allen & The Gladiator,,,,,,,,,,,,,,,,,,,,,,
Dennis Bunt,dennis bunt,163756,Dennis Bunt,,,,,,,,,,,,,,,,,,,,,,
Dennis Daniels,dennis daniels,65916,Dennis Daniels,,,,,,,,,,,,,,,,,,,,,,
Dennis Diamond & P. J. Walker,dennis diamond p j walker,160218,Dennis Diamond & P. J. Walker,,,,,,,,,,,,,,,,,,,,,,
Dennis Knight,dennis knight,124353,Dennis Knight,,,,,,,,,,,,,,,,,,,,,,
Dennis Miller & Tony Ulysses,dennis miller tony ulysses,167430,Dennis Miller & Tony Ulysses,,,,,,,,,,,,,,,,,,,,,,
Dennis Rodman,dennis rodman,41406,Dennis Rodman,,,,,,,,,,,,,,,,,,,,,,
Dennis Stamp & Mike Lucas,dennis stamp mike lucas,173554,Dennis Stamp & Mike Lucas,,,,,,,,,,,,,,,,,,,,,,
Denny Brown,denny brown,47836,Denny Brown,,,,,,,,,,,,,,,,,,,,,,
Denton Blackwell,denton blackwell,35890,Denton Blackwell,,,,,,,,,,,,,,,,,,,,,,
Denzel Dejournette,denzel dejournette,18242,Denzel Dejournette,,,,,,,,,,,,,,,,,,,,,,
Deonn Rusman,deonn rusman,70952,Deonn Rusman,,,,,,,,,,,,,,,,,,,,,,
Deonna Purrazzo,deonna purrazzo,18434,Deonna Purrazzo,,,,,,,,,,,,,,,,,,,,,,
Derec Domino & Iron Mike Sharpe,derec domino iron mike sharpe,158928,Derec Domino & Iron Mike Sharpe,,,,,,,,,,,,,,,,,,,,,,
Derek Billington & John Cahill,derek billington john cahill,34858,Derek Billington & John Cahill,,,,,,,,,,,,,,,,,,,,,,
Derek Domino,derek domino,10248,Derek Domino,,,,,,,,,,,,,,,,,,,,,,
Derek McQuinn,derek mcquinn,118388,Derek McQuinn,,,,,,,,,,,,,,,,,,,,,,
Derek Selsvold,derek selsvold,131666,Derek Selsvold,,,,,,,,,,,,,,,,,,,,,,
Derek Stone & Neil Haley,derek stone neil haley,153606,Derek Stone & Neil Haley,,,,,,,,,,,,,,,,,,,,,,
Derek Werley & Fernando Vega & Jody Reese,derek werley fernando vega jody reese,111394,Derek Werley & Fernando Vega & Jody Reese,,,,,,,,,,,,,,,,,,,,,,
Derrian Gobourne,derrian gobourne,11972,Derrian Gobourne,,,,,,,,,,,,,,,,,,,,,,
Derrick Bateman,derrick bateman,35522,Derrick Bateman,,,,,,,,,,,,,,,,,,,,,,
Derrick Dukes,derrick dukes,147940,Derrick Dukes,,,,,,,,,,,,,,,,,,,,,,
Derrick King,derrick king,143364,Derrick King,,,,,,,,,,,,,,,,,,,,,,
Derrick Neikirk,derrick neikirk,109134,Derrick Neikirk,,,,,,,,,,,,,,,,,,,,,,
Derrick Stone,derrick stone,141870,Derrick Stone,,,,,,,,,,,,,,,,,,,,,,
Desiree Petersen,desiree petersen,171028,Desiree Petersen,,,,,,,,,,,,,,,,,,,,,,
Desmond Troy,desmond troy,17950,Desmond Troy,,,,,,,,,,,,,,,,,,,,,,
Destinee Brown,destinee brown,12170,Destinee Brown,,,,,,,,,,,,,,,,,,,,,,
Deuce,deuce,115890,Deuce,,,,,,,,,,,,,,,,,,,,,,
Devin Justin,devin justin,72182,Devin Justin,,,,,,,,,,,,,,,,,,,,,,
Devin Knight,devin knight,33161,Devin Knight,,,,,,,,,,,,,,,,,,,,,,
Devin Taylor & Zada,devin taylor zada,32570,Devin Taylor & Zada,,,,,,,,,,,,,,,,,,,,,,
Devon Dixie & Joe Furrer,devon dixie joe furrer,70602,Devon Dixie & Joe Furrer,,,,,,,,,,,,,,,,,,,,,,
Devon Nicholson,devon nicholson,122116,Devon Nicholson,,,,,,,,,,,,,,,,,,,,,,
Devon Storm,devon storm,7096,Devon Storm,,,,,,,,,,,,,,,,,,,,,,
Dewey James,dewey james,74738,Dewey James,,,,,,,,,,,,,,,,,,,,,,
Dewey Robertson,dewey robertson,134136,Dewey Robertson,,,,,,,,,,,,,,,,,,,,,,
Dexter Lumis,dexter lumis,15913,Dexter Lumis,,,,,,,,,,,,,,,,,,,,,,
Diamond Dallas Page,diamond dallas page,36622,Diamond Dallas Page,,,,,,,,,,,,,,,,,,,,,,
Diamondback,diamondback,131571,Diamondback,,,,,,,,,,,,,,,,,,,,,,
Dick Hertz & Simon Diamond,dick hertz simon diamond,1902,Dick Hertz & Simon Diamond,,,,,,,,,,,,,,,,,,,,,,
Dick Murdoch,dick murdoch,9977,Dick Murdoch,,,,,,,,,,,,,,,,,,,,,,
Dick Slater,dick slater,50020,Dick Slater,,,,,,,,,,,,,,,,,,,,,,
Dick Steinborn,dick steinborn,135842,Dick Steinborn,,,,,,,,,,,,,,,,,,,,,,
Dick Togo,dick togo,150256,Dick Togo,,,,,,,,,,,,,,,,,,,,,,
Dick Warning,dick warning,165306,Dick Warning,,,,,,,,,,,,,,,,,,,,,,
Dick Weeden,dick weeden,165260,Dick Weeden,,,,,,,,,,,,,,,,,,,,,,
Diego & El Torito & Fernando,diego el torito fernando,87538,Diego & El Torito & Fernando,,,,,,,,,,,,,,,,,,,,,,
Diego & El Torito & Sin Cara (II),diego el torito sin cara ii,93645,Diego & El Torito & Sin Cara (II),,,,,,,,,,,,,,,,,,,,,,
Diego & Fernando,diego fernando,84066,Diego & Fernando,,,,,,,,,,,,,,,,,,,,,,
Diesel,diesel,153877,Diesel,,,,,,,,,,,,,,,,,,,,,,
Digg Rawlis,digg rawlis,33116,Digg Rawlis,,,,,,,,,,,,,,,,,,,,,,
Dijak,dijak,13222,Dijak,,,,,,,,,,,,,,,,,,,,,,
Dink & Pink,dink pink,157209,Dink & Pink,,,,,,,,,,,,,,,,,,,,,,
Dino Bravo,dino bravo,133938,Dino Bravo,,,,,,,,,,,,,,,,,,,,,,
Dino Sandoff,dino sandoff,8372,Dino Sandoff,,,,,,,,,,,,,,,,,,,,,,
Dinty Moore & Steve Fender,dinty moore steve fender,118200,Dinty Moore & Steve Fender,,,,,,,,,,,,,,,,,,,,,,
Dio Maddin,dio maddin,18481,Dio Maddin,,,,,,,,,,,,,,,,,,,,,,
Dion Lennox,dion lennox,10320,Dion Lennox,,,,,,,,,,,,,,,,,,,,,,
Dirty Morgan & Little Tokyo,dirty morgan little tokyo,176302,Dirty Morgan & Little Tokyo,,,,,,,,,,,,,,,,,,,,,,
Disco Inferno,disco inferno,36592,Disco Inferno,,,,,,,,,,,,,,,,,,,,,,
Discovery & Ludxor & Super Nova & Venum,discovery ludxor super nova venum,153705,Discovery & Ludxor & Super Nova & Venum,,,,,,,,,,,,,,,,,,,,,,
Divya Ch,divya ch,71340,Divya Ch,,,,,,,,,,,,,,,,,,,,,,
Doc Dean,doc dean,45652,Doc Dean,,,,,,,,,,,,,,,,,,,,,,
Doc Gallows & Karl Anderson,doc gallows karl anderson,81944,Doc Gallows & Karl Anderson,,,,,,,,,,,,,,,,,,,,,,
Dog & Rose,dog rose,6006,Dog & Rose,,,,,,,,,,,,,,,,,,,,,,
Doink the Clown (Matt Borne),doink the clown matt borne,159857,Doink the Clown (Matt Borne),,,,,,,,,,,,,,,,,,,,,,
Doink the Clown (Nick Dinsmore),doink the clown nick dinsmore,129862,Doink the Clown (Nick Dinsmore),,,,,,,,,,,,,,,,,,,,,,
Doink the Clown (Ray Apollo),doink the clown ray apollo,156190,Doink the Clown (Ray Apollo),,,,,,,,,,,,,,,,,,,,,,
Doink the Clown (Steve Lombardi),doink the clown steve lombardi,104140,Doink the Clown (Steve Lombardi),,,,,,,,,,,,,,,,,,,,,,
Dolph Ziggler,dolph ziggler,17001,Dolph Ziggler,,,,,,,,,,,,,,,,,,,,,,
Dolph Ziggler & Epico & Erick Rowan & Fandango & Jason Jordan & Konnor & Luke Harper & Mojo Rawley & Sami Zayn & Sin Cara (II) & Tye Dillinger & Tyler Breeze & Viktor & Zack Ryder,dolph ziggler epico erick rowan fandango jason jordan konnor luke harper mojo rawley sami zayn sin cara ii tye dillinger tyler breeze viktor zack ryder,77588,Dolph Ziggler & Epico & Erick Rowan & Fandango & Jason Jordan & Konnor & Luke Harper & Mojo Rawley & Sami Zayn & Sin Cara (II) & Tye Dillinger & Tyler Breeze & Viktor & Zack Ryder,,,,,,,,,,,,,,,,,,,,,,
Dominic DeNucci & Tony Parisi,dominic denucci tony parisi,50693,Dominic DeNucci & Tony Parisi,,,,,,,,,,,,,,,,,,,,,,
Dominic Doganiero,dominic doganiero,136762,Dominic Doganiero,,,,,,,,,,,,,,,,,,,,,,
Dominik Mysterio,dominik mysterio,13936,Dominik Mysterio,,,,,,,,,,,,,,,,,,,,,,
Domino & Eric Schwarz,domino eric schwarz,125294,Domino & Eric Schwarz,,,,,,,,,,,,,,,,,,,,,,
Don Adams & Sivi Afi,don adams sivi afi,172890,Don Adams & Sivi Afi,,,,,,,,,,,,,,,,,,,,,,
Don Champ & Tony Ulysses,don champ tony ulysses,168596,Don Champ & Tony Ulysses,,,,,,,,,,,,,,,,,,,,,,
Don Curtis,don curtis,135305,Don Curtis,,,,,,,,,,,,,,,,,,,,,,
Don DeSilva,don desilva,149222,Don DeSilva,,,,,,,,,,,,,,,,,,,,,,
Don Demmel,don demmel,168228,Don Demmel,,,,,,,,,,,,,,,,,,,,,,
Don Diamond,don diamond,176132,Don Diamond,,,,,,,,,,,,,,,,,,,,,,
Don Driggers,don driggers,170460,Don Driggers,,,,,,,,,,,,,,,,,,,,,,
Don E. Allen,don e allen,4697,Don E. Allen,,,,,,,,,,,,,,,,,,,,,,
Don Gonzales,don gonzales,109152,Don Gonzales,,,,,,,,,,,,,,,,,,,,,,
Don Harris & Evan Karagias & Jamie Knoble & Jr. & Kaz Hayashi & Kidman & Kwee Wee & Meng & Rey Misterio & Ron Harris & Shane Helms & Shannon Moore & Yun Yang,don harris evan karagias jamie knoble jr kaz hayashi kidman kwee wee meng rey misterio ron harris shane helms shannon moore yun yang,37042,Don Harris & Evan Karagias & Jamie Knoble & Jr. & Kaz Hayashi & Kidman & Kwee Wee & Meng & Rey Misterio & Ron Harris & Shane Helms & Shannon Moore & Yun Yang,,,,,,,,,,,,,,,,,,,,,,
Don Harris & Jeff Jarrett & Ron Harris,don harris jeff jarrett ron harris,37079,Don Harris & Jeff Jarrett & Ron Harris,,,,,,,,,,,,,,,,,,,,,,
Don Harris & Ron Harris,don harris ron harris,7551,Don Harris & Ron Harris,,,,,,,,,,,,,,,,,,,,,,
Don Harvey & Joey Russell,don harvey joey russell,135616,Don Harvey & Joey Russell,,,,,,,,,,,,,,,,,,,,,,
Don Hutchinson,don hutchinson,162476,Don Hutchinson,,,,,,,,,,,,,,,,,,,,,,
Don Kent,don kent,134305,Don Kent,,,,,,,,,,,,,,,,,,,,,,
Don Kernodle,don kernodle,175508,Don Kernodle,,,,,,,,,,,,,,,,,,,,,,
Don Leo Jonathan,don leo jonathan,134912,Don Leo Jonathan,,,,,,,,,,,,,,,,,,,,,,
Don McClarity,don mcclarity,136231,Don McClarity,,,,,,,,,,,,,,,,,,,,,,
Don Mitchell,don mitchell,143603,Don Mitchell,,,,,,,,,,,,,,,,,,,,,,
Don Muraco & Iron Mike Sharpe,don muraco iron mike sharpe,174126,Don Muraco & Iron Mike Sharpe,,,,,,,,,,,,,,,,,,,,,,
Don Muraco & Jimmy Snuka,don muraco jimmy snuka,9913,Don Muraco & Jimmy Snuka,,,,,,,,,,,,,,,,,,,,,,
Don Richter,don richter,163876,Don Richter,,,,,,,,,,,,,,,,,,,,,,
Don Serrano,don serrano,134344,Don Serrano,,,,,,,,,,,,,,,,,,,,,,
Don Steele,don steele,166364,Don Steele,,,,,,,,,,,,,,,,,,,,,,
Don Stevens,don stevens,167634,Don Stevens,,,,,,,,,,,,,,,,,,,,,,
Donald Lamb,donald lamb,121490,Donald Lamb,,,,,,,,,,,,,,,,,,,,,,
Donna Christanello & Toni Rose,donna christanello toni rose,134996,Donna Christanello & Toni Rose,,,,,,,,,,,,,,,,,,,,,,
Donnie Parker,donnie parker,148352,Donnie Parker,,,,,,,,,,,,,,,,,,,,,,
Donovan Morgan & Robert Thompson,donovan morgan robert thompson,141602,Donovan Morgan & Robert Thompson,,,,,,,,,,,,,,,,,,,,,,
Dori Prange,dori prange,27677,Dori Prange,,,,,,,,,,,,,,,,,,,,,,
Dorian Deville,dorian deville,122616,Dorian Deville,,,,,,,,,,,,,,,,,,,,,,
Dorian Mak,dorian mak,18500,Dorian Mak,,,,,,,,,,,,,,,,,,,,,,
Dory Dixon,dory dixon,136451,Dory Dixon,,,,,,,,,,,,,,,,,,,,,,
Dory Funk & Jimmy Jack Funk & Jr.,dory funk jimmy jack funk jr,174114,Dory Funk & Jimmy Jack Funk & Jr.,,,,,,,,,,,,,,,,,,,,,,
Dory Funk & Jr.,dory funk jr,5886,Dory Funk & Jr.,,,,,,,,,,,,,,,,,,,,,,
Dos Caras & Jr.,dos caras jr,111731,Dos Caras & Jr.,,,,,,,,,,,,,,,,,,,,,,
Dottie Downs,dottie downs,134640,Dottie Downs,,,,,,,,,,,,,,,,,,,,,,
Double Trouble #1 & Double Trouble #2,double trouble 1 double trouble 2,162501,Double Trouble #1 & Double Trouble #2,,,,,,,,,,,,,,,,,,,,,,
Doudrop & Liv Morgan,doudrop liv morgan,65510,Doudrop & Liv Morgan,,,,,,,,,,,,,,,,,,,,,,
Doudrop & Nikki A.S.H.,doudrop nikki a s h,16335,Doudrop & Nikki A.S.H.,,,,,,,,,,,,,,,,,,,,,,
Doug Allen,doug allen,154760,Doug Allen,,,,,,,,,,,,,,,,,,,,,,
Doug Basham & Sean O'Haire,doug basham sean o haire,131999,Doug Basham & Sean O'Haire,,,,,,,,,,,,,,,,,,,,,,
Doug Carson & Stan Saxson,doug carson stan saxson,165360,Doug Carson & Stan Saxson,,,,,,,,,,,,,,,,,,,,,,
Doug Furnas,doug furnas,4910,Doug Furnas,,,,,,,,,,,,,,,,,,,,,,
Doug Gilbert,doug gilbert,134236,Doug Gilbert,,,,,,,,,,,,,,,,,,,,,,
Doug Smith,doug smith,156852,Doug Smith,,,,,,,,,,,,,,,,,,,,,,
Doug Somers,doug somers,53228,Doug Somers,,,,,,,,,,,,,,,,,,,,,,
Doug Vines,doug vines,166000,Doug Vines,,,,,,,,,,,,,,,,,,,,,,
Doug Wellington & Sivi Afi & Steve Lombardi,doug wellington sivi afi steve lombardi,171702,Doug Wellington & Sivi Afi & Steve Lombardi,,,,,,,,,,,,,,,,,,,,,,
Doyle Wolfgang von Frankenstein & Dr. Chud & Jerry Only & Michale Graves & Vampiro,doyle wolfgang von frankenstein dr chud jerry only michale graves vampiro,40420,Doyle Wolfgang von Frankenstein & Dr. Chud & Jerry Only & Michale Graves & Vampiro,,,,,,,,,,,,,,,,,,,,,,
Dr. Bill Miller,dr bill miller,135548,Dr. Bill Miller,,,,,,,,,,,,,,,,,,,,,,
Dr. Jerry Graham,dr jerry graham,136221,Dr. Jerry Graham,,,,,,,,,,,,,,,,,,,,,,
Dr. X,dr x,54042,Dr. X,,,,,,,,,,,,,,,,,,,,,,
Draco Anthony,draco anthony,16964,Draco Anthony,,,,,,,,,,,,,,,,,,,,,,
Dragon Lee,dragon lee,10949,Dragon Lee,,,,,,,,,,,,,,,,,,,,,,
Drake & Gibson,drake gibson,16940,Drake & Gibson,,,,,,,,,,,,,,,,,,,,,,
Drake Maverick,drake maverick,17456,Drake Maverick,,,,,,,,,,,,,,,,,,,,,,
Drake Morreaux,drake morreaux,10649,Drake Morreaux,,,,,,,,,,,,,,,,,,,,,,
Drake Stewart & Vincent Winey,drake stewart vincent winey,12920,Drake Stewart & Vincent Winey,,,,,,,,,,,,,,,,,,,,,,
Drake Thompson & Lavar Barbie,drake thompson lavar barbie,61336,Drake Thompson & Lavar Barbie,,,,,,,,,,,,,,,,,,,,,,
Drako Knox,drako knox,10800,Drako Knox,,,,,,,,,,,,,,,,,,,,,,
Drew Gulak,drew gulak,13329,Drew Gulak,,,,,,,,,,,,,,,,,,,,,,
Drew McIntyre,drew mcintyre,25310,Drew McIntyre,,,,,,,,,,,,,,,,,,,,,,
Drill Instructor,drill instructor,142616,Drill Instructor,,,,,,,,,,,,,,,,,,,,,,
Droz & Road Warrior Animal,droz road warrior animal,150302,Droz & Road Warrior Animal,,,,,,,,,,,,,,,,,,,,,,
Duane Gill & Iron Mike Sharpe,duane gill iron mike sharpe,156988,Duane Gill & Iron Mike Sharpe,,,,,,,,,,,,,,,,,,,,,,
Duane Gill & Laverne McGill,duane gill laverne mcgill,159242,Duane Gill & Laverne McGill,,,,,,,,,,,,,,,,,,,,,,
Duane Gill & Mike Fury,duane gill mike fury,163328,Duane Gill & Mike Fury,,,,,,,,,,,,,,,,,,,,,,
Duane Gill & P. J. Walker,duane gill p j walker,161086,Duane Gill & P. J. Walker,,,,,,,,,,,,,,,,,,,,,,
Duane Gill & The Dublin Destroyer,duane gill the dublin destroyer,163080,Duane Gill & The Dublin Destroyer,,,,,,,,,,,,,,,,,,,,,,
Duane Gill & Tom Alton,duane gill tom alton,159374,Duane Gill & Tom Alton,,,,,,,,,,,,,,,,,,,,,,
Duane Gill & Tom Bennett,duane gill tom bennett,163552,Duane Gill & Tom Bennett,,,,,,,,,,,,,,,,,,,,,,
Duane Gill & Tommy Morrison,duane gill tommy morrison,159846,Duane Gill & Tommy Morrison,,,,,,,,,,,,,,,,,,,,,,
Duane Gill & Tony DeVito,duane gill tony devito,159532,Duane Gill & Tony DeVito,,,,,,,,,,,,,,,,,,,,,,
Duane Gill & Tony Ulysses,duane gill tony ulysses,166486,Duane Gill & Tony Ulysses,,,,,,,,,,,,,,,,,,,,,,
Dude Love,dude love,151406,Dude Love,,,,,,,,,,,,,,,,,,,,,,
Dudley Dudley & Lil' Snot Dudley,dudley dudley lil snot dudley,8635,Dudley Dudley & Lil' Snot Dudley,,,,,,,,,,,,,,,,,,,,,,
Dudley Dudley & The Vampire Warrior,dudley dudley the vampire warrior,8582,Dudley Dudley & The Vampire Warrior,,,,,,,,,,,,,,,,,,,,,,
Dudley Dudley & Too Cold Scorpio,dudley dudley too cold scorpio,8566,Dudley Dudley & Too Cold Scorpio,,,,,,,,,,,,,,,,,,,,,,
Duke Droese,duke droese,154842,Duke Droese,,,,,,,,,,,,,,,,,,,,,,
Duke Hoffman,duke hoffman,136503,Duke Hoffman,,,,,,,,,,,,,,,,,,,,,,
Duke Hudson,duke hudson,12187,Duke Hudson,,,,,,,,,,,,,,,,,,,,,,
Duke Savage,duke savage,135706,Duke Savage,,,,,,,,,,,,,,,,,,,,,,
Dukes Dalton,dukes dalton,142074,Dukes Dalton,,,,,,,,,,,,,,,,,,,,,,
Dustin Carwile,dustin carwile,114346,Dustin Carwile,,,,,,,,,,,,,,,,,,,,,,
Dustin Foster,dustin foster,107958,Dustin Foster,,,,,,,,,,,,,,,,,,,,,,
Dustin Jackson & Iceman & Luke Kurtis & Moses The Deliverer & Rahim De La Suede,dustin jackson iceman luke kurtis moses the deliverer rahim de la suede,63134,Dustin Jackson & Iceman & Luke Kurtis & Moses The Deliverer & Rahim De La Suede,,,,,,,,,,,,,,,,,,,,,,
Dustin Rhodes & Ricky Steamboat,dustin rhodes ricky steamboat,53038,Dustin Rhodes & Ricky Steamboat,,,,,,,,,,,,,,,,,,,,,,
Dustin Rhodes & Robert Gibson,dustin rhodes robert gibson,53366,Dustin Rhodes & Robert Gibson,,,,,,,,,,,,,,,,,,,,,,
Dustin Runnels,dustin runnels,150668,Dustin Runnels,,,,,,,,,,,,,,,,,,,,,,
Dustin Starr,dustin starr,121462,Dustin Starr,,,,,,,,,,,,,,,,,,,,,,
Dusty Daze,dusty daze,164534,Dusty Daze,,,,,,,,,,,,,,,,,,,,,,
Dusty Rhodes,dusty rhodes,851,Dusty Rhodes,,,,,,,,,,,,,,,,,,,,,,
Dusty Wolfe,dusty wolfe,51118,Dusty Wolfe,,,,,,,,,,,,,,,,,,,,,,
Dutch Mantel & Moondog Rex,dutch mantel moondog rex,53958,Dutch Mantel & Moondog Rex,,,,,,,,,,,,,,,,,,,,,,
Dwayne Bruce & Goldberg,dwayne bruce goldberg,36964,Dwayne Bruce & Goldberg,,,,,,,,,,,,,,,,,,,,,,
Dwayne Evans,dwayne evans,165194,Dwayne Evans,,,,,,,,,,,,,,,,,,,,,,
Dwayne Johnson,dwayne johnson,155384,Dwayne Johnson,,,,,,,,,,,,,,,,,,,,,,
Dwight Polk,dwight polk,158838,Dwight Polk,,,,,,,,,,,,,,,,,,,,,,
Dyad #1 & Dyad #2,dyad 1 dyad 2,16773,Dyad #1 & Dyad #2,,,,,,,,,,,,,,,,,,,,,,
Dylan Miley,dylan miley,27063,Dylan Miley,,,,,,,,,,,,,,,,,,,,,,
Dynamite Kid,dynamite kid,173837,Dynamite Kid,,,,,,,,,,,,,,,,,,,,,,
E. C. Negro,e c negro,150593,E. C. Negro,,,,,,,,,,,,,,,,,,,,,,
E. J. Nduka,e j nduka,18528,E. J. Nduka,,,,,,,,,,,,,,,,,,,,,,
E. Z. Money & Julio Dinero,e z money julio dinero,4,E. Z. Money & Julio Dinero,,,,,,,,,,,,,,,,,,,,,,
E. Z. Money & Julio Fantastico,e z money julio fantastico,548,E. Z. Money & Julio Fantastico,,,,,,,,,,,,,,,,,,,,,,
E. Z. Ryder & H. D. Ryder,e z ryder h d ryder,9872,E. Z. Ryder & H. D. Ryder,,,,,,,,,,,,,,,,,,,,,,
E. Z. Ryder & Super Ninja,e z ryder super ninja,10126,E. Z. Ryder & Super Ninja,,,,,,,,,,,,,,,,,,,,,,
EC3,ec3,21928,EC3,,,,,,,,,,,,,,,,,,,,,,
Earl Hebner,earl hebner,140855,Earl Hebner,,,,,,,,,,,,,,,,,,,,,,
Earl Maynard,earl maynard,135819,Earl Maynard,,,,,,,,,,,,,,,,,,,,,,
Earl Robert Eaton,earl robert eaton,50926,Earl Robert Eaton,,,,,,,,,,,,,,,,,,,,,,
Earthquake Evans,earthquake evans,168473,Earthquake Evans,,,,,,,,,,,,,,,,,,,,,,
Earthquake Ferris,earthquake ferris,54134,Earthquake Ferris,,,,,,,,,,,,,,,,,,,,,,
East Hampton Polo Boy #1 & East Hampton Polo Boy #2,east hampton polo boy 1 east hampton polo boy 2,71326,East Hampton Polo Boy #1 & East Hampton Polo Boy #2,,,,,,,,,,,,,,,,,,,,,,
Ed Dean,ed dean,173076,Ed Dean,,,,,,,,,,,,,,,,,,,,,,
Ed Moretti & James Samudo,ed moretti james samudo,155618,Ed Moretti & James Samudo,,,,,,,,,,,,,,,,,,,,,,
Ed Moretti & The Intruder,ed moretti the intruder,161658,Ed Moretti & The Intruder,,,,,,,,,,,,,,,,,,,,,,
Ed Robinson,ed robinson,163886,Ed Robinson,,,,,,,,,,,,,,,,,,,,,,
Ed Rock,ed rock,153900,Ed Rock,,,,,,,,,,,,,,,,,,,,,,
Ed Slater,ed slater,169094,Ed Slater,,,,,,,,,,,,,,,,,,,,,,
Ed Sullivan,ed sullivan,134894,Ed Sullivan,,,,,,,,,,,,,,,,,,,,,,
Eddie Gilbert,eddie gilbert,9981,Eddie Gilbert,,,,,,,,,,,,,,,,,,,,,,
Eddie Graham,eddie graham,135122,Eddie Graham,,,,,,,,,,,,,,,,,,,,,,
Eddie Guerrero,eddie guerrero,8522,Eddie Guerrero,,,,,,,,,,,,,,,,,,,,,,
Eddie Jackie,eddie jackie,50584,Eddie Jackie,,,,,,,,,,,,,,,,,,,,,,
Eddie Orengo,eddie orengo,63583,Eddie Orengo,,,,,,,,,,,,,,,,,,,,,,
Eddie Slater & Tom Stock,eddie slater tom stock,169074,Eddie Slater & Tom Stock,,,,,,,,,,,,,,,,,,,,,,
Eddie Venom & Steve Boz,eddie venom steve boz,119786,Eddie Venom & Steve Boz,,,,,,,,,,,,,,,,,,,,,,
Eddie Watts,eddie watts,126750,Eddie Watts,,,,,,,,,,,,,,,,,,,,,,
Eddy Guerrero & Jeff Jarrett,eddy guerrero jeff jarrett,48024,Eddy Guerrero & Jeff Jarrett,,,,,,,,,,,,,,,,,,,,,,
Eddy Guerrero & Mr. JL,eddy guerrero mr jl,51561,Eddy Guerrero & Mr. JL,,,,,,,,,,,,,,,,,,,,,,
Eddy Guerrero & Rey Mysterio Jr.,eddy guerrero rey mysterio jr,40931,Eddy Guerrero & Rey Mysterio Jr.,,,,,,,,,,,,,,,,,,,,,,
Eddy Guerrero & Tasmaniac,eddy guerrero tasmaniac,8630,Eddy Guerrero & Tasmaniac,,,,,,,,,,,,,,,,,,,,,,
Eddy Thorpe,eddy thorpe,11636,Eddy Thorpe,,,,,,,,,,,,,,,,,,,,,,
Edge & Jeff Hardy,edge jeff hardy,114254,Edge & Jeff Hardy,,,,,,,,,,,,,,,,,,,,,,
Edge & Kane,edge kane,137643,Edge & Kane,,,,,,,,,,,,,,,,,,,,,,
Edge & Kelly Kelly,edge kelly kelly,109981,Edge & Kelly Kelly,,,,,,,,,,,,,,,,,,,,,,
Edge & Matt Hardy,edge matt hardy,146758,Edge & Matt Hardy,,,,,,,,,,,,,,,,,,,,,,
Edge & Maven,edge maven,133707,Edge & Maven,,,,,,,,,,,,,,,,,,,,,,
Edge & Rey Mysterio,edge rey mysterio,61376,Edge & Rey Mysterio,,,,,,,,,,,,,,,,,,,,,,
Edge & Tajiri,edge tajiri,137704,Edge & Tajiri,,,,,,,,,,,,,,,,,,,,,,
Edge & Tommy Dreamer,edge tommy dreamer,122192,Edge & Tommy Dreamer,,,,,,,,,,,,,,,,,,,,,,
Edouard Carpentier,edouard carpentier,134737,Edouard Carpentier,,,,,,,,,,,,,,,,,,,,,,
Edris Enofé,edris enofe,11158,Edris Enofé,,,,,,,,,,,,,,,,,,,,,,
Eduardo Especial & Norville Rogers,eduardo especial norville rogers,75580,Eduardo Especial & Norville Rogers,,,,,,,,,,,,,,,,,,,,,,
Edward Fatu & Matty Samu,edward fatu matty samu,142800,Edward Fatu & Matty Samu,,,,,,,,,,,,,,,,,,,,,,
Ekmo,ekmo,133088,Ekmo,,,,,,,,,,,,,,,,,,,,,,
El Bandito,el bandito,149480,El Bandito,,,,,,,,,,,,,,,,,,,,,,
El Caliente,el caliente,47874,El Caliente,,,,,,,,,,,,,,,,,,,,,,
El Canek & Hector Garza & Perry Aguayo,el canek hector garza perry aguayo,154061,El Canek & Hector Garza & Perry Aguayo,,,,,,,,,,,,,,,,,,,,,,
El Capitan,el capitan,137082,El Capitan,,,,,,,,,,,,,,,,,,,,,,
El Cholo #1 & El Cholo #2,el cholo 1 el cholo 2,6106,El Cholo #1 & El Cholo #2,,,,,,,,,,,,,,,,,,,,,,
El Cubano,el cubano,53982,El Cubano,,,,,,,,,,,,,,,,,,,,,,
El Dandy & La Parka,el dandy la parka,41980,El Dandy & La Parka,,,,,,,,,,,,,,,,,,,,,,
El Dandy & Lizmark Jr.,el dandy lizmark jr,46487,El Dandy & Lizmark Jr.,,,,,,,,,,,,,,,,,,,,,,
El Dandy & Psicosis,el dandy psicosis,46386,El Dandy & Psicosis,,,,,,,,,,,,,,,,,,,,,,
El Dandy & Silver King,el dandy silver king,38830,El Dandy & Silver King,,,,,,,,,,,,,,,,,,,,,,
El Dandy & Super Amigo,el dandy super amigo,46989,El Dandy & Super Amigo,,,,,,,,,,,,,,,,,,,,,,
El Dandy & Villano V,el dandy villano v,43444,El Dandy & Villano V,,,,,,,,,,,,,,,,,,,,,,
El Diablo,el diablo,155284,El Diablo,,,,,,,,,,,,,,,,,,,,,,
El Gato,el gato,50624,El Gato,,,,,,,,,,,,,,,,,,,,,,
El Gigante,el gigante,53269,El Gigante,,,,,,,,,,,,,,,,,,,,,,
El Gran Gordo & Tucker,el gran gordo tucker,69163,El Gran Gordo & Tucker,,,,,,,,,,,,,,,,,,,,,,
El Grande Americano (II),el grande americano ii,10606,El Grande Americano (II),,,,,,,,,,,,,,,,,,,,,,
El Grande Latte,el grande latte,119840,El Grande Latte,,,,,,,,,,,,,,,,,,,,,,
El Hijo del Dr. Wagner Jr.,el hijo del dr wagner jr,10674,El Hijo del Dr. Wagner Jr.,,,,,,,,,,,,,,,,,,,,,,
El Hijo del Fantasma,el hijo del fantasma,18329,El Hijo del Fantasma,,,,,,,,,,,,,,,,,,,,,,
El Hijo del Hijo del Hijo del Cangrejo Rojo & Vaca Blanca Lenta,el hijo del hijo del hijo del cangrejo rojo vaca blanca lenta,72420,El Hijo del Hijo del Hijo del Cangrejo Rojo & Vaca Blanca Lenta,,,,,,,,,,,,,,,,,,,,,,
El Hijo del Santo & Negro Casas,el hijo del santo negro casas,149358,El Hijo del Santo & Negro Casas,,,,,,,,,,,,,,,,,,,,,,
El Local & Kalisto,el local kalisto,34312,El Local & Kalisto,,,,,,,,,,,,,,,,,,,,,,
El Mariachi,el mariachi,151627,El Mariachi,,,,,,,,,,,,,,,,,,,,,,
El Matador,el matador,160658,El Matador,,,,,,,,,,,,,,,,,,,,,,
El Merenguero,el merenguero,148058,El Merenguero,,,,,,,,,,,,,,,,,,,,,,
El Mosco & Pantera,el mosco pantera,152560,El Mosco & Pantera,,,,,,,,,,,,,,,,,,,,,,
El Nino,el nino,36839,El Nino,,,,,,,,,,,,,,,,,,,,,,
El Olympico,el olympico,134730,El Olympico,,,,,,,,,,,,,,,,,,,,,,
El Puerto Ricano,el puerto ricano,7556,El Puerto Ricano,,,,,,,,,,,,,,,,,,,,,,
El Salsero & Piloto Suicida & Raul Reyes Jr.,el salsero piloto suicida raul reyes jr,43697,El Salsero & Piloto Suicida & Raul Reyes Jr.,,,,,,,,,,,,,,,,,,,,,,
El Texano & Rey Misterio & Sr. & Villano III,el texano rey misterio sr villano iii,43694,El Texano & Rey Misterio & Sr. & Villano III,,,,,,,,,,,,,,,,,,,,,,
El Torito & Kalisto,el torito kalisto,85369,El Torito & Kalisto,,,,,,,,,,,,,,,,,,,,,,
El Torito & Piratita Morgan & Tarantula,el torito piratita morgan tarantula,152446,El Torito & Piratita Morgan & Tarantula,,,,,,,,,,,,,,,,,,,,,,
El Tornado,el tornado,130104,El Tornado,,,,,,,,,,,,,,,,,,,,,,
El Vagabundo,el vagabundo,27346,El Vagabundo,,,,,,,,,,,,,,,,,,,,,,
El Vampiro,el vampiro,42285,El Vampiro,,,,,,,,,,,,,,,,,,,,,,
Elektra Lopez,elektra lopez,13688,Elektra Lopez,,,,,,,,,,,,,,,,,,,,,,
Eli Blu & Jacob Blu,eli blu jacob blu,156124,Eli Blu & Jacob Blu,,,,,,,,,,,,,,,,,,,,,,
Eli Cottonwood,eli cottonwood,111464,Eli Cottonwood,,,,,,,,,,,,,,,,,,,,,,
Eli Knight,eli knight,10414,Eli Knight,,,,,,,,,,,,,,,,,,,,,,
Elias & Jaxson Ryker,elias jaxson ryker,67940,Elias & Jaxson Ryker,,,,,,,,,,,,,,,,,,,,,,
Elias & Jeff Hardy,elias jeff hardy,69026,Elias & Jeff Hardy,,,,,,,,,,,,,,,,,,,,,,
Elias & Jinder Mahal,elias jinder mahal,74921,Elias & Jinder Mahal,,,,,,,,,,,,,,,,,,,,,,
Elias Samson,elias samson,27594,Elias Samson,,,,,,,,,,,,,,,,,,,,,,
Elijah Burke,elijah burke,116746,Elijah Burke,,,,,,,,,,,,,,,,,,,,,,
Elijah Holyfield,elijah holyfield,55373,Elijah Holyfield,,,,,,,,,,,,,,,,,,,,,,
Elio LeFleur,elio lefleur,10354,Elio LeFleur,,,,,,,,,,,,,,,,,,,,,,
Elix Skipper & Frank Paris & Shark Boy,elix skipper frank paris shark boy,38882,Elix Skipper & Frank Paris & Shark Boy,,,,,,,,,,,,,,,,,,,,,,
Elix Skipper & Jamie Knoble & Yun Yang,elix skipper jamie knoble yun yang,36864,Elix Skipper & Jamie Knoble & Yun Yang,,,,,,,,,,,,,,,,,,,,,,
Elix Skipper & Kid Romeo,elix skipper kid romeo,36574,Elix Skipper & Kid Romeo,,,,,,,,,,,,,,,,,,,,,,
Elix Skipper & Mark Jindrak,elix skipper mark jindrak,39577,Elix Skipper & Mark Jindrak,,,,,,,,,,,,,,,,,,,,,,
Elliot Sexton,elliot sexton,19001,Elliot Sexton,,,,,,,,,,,,,,,,,,,,,,
Elton Prince & Kit Wilson,elton prince kit wilson,15184,Elton Prince & Kit Wilson,,,,,,,,,,,,,,,,,,,,,,
Elvis Elliot,elvis elliot,145666,Elvis Elliot,,,,,,,,,,,,,,,,,,,,,,
Elvis Gonzalez,elvis gonzalez,44306,Elvis Gonzalez,,,,,,,,,,,,,,,,,,,,,,
Ember Moon,ember moon,17402,Ember Moon,,,,,,,,,,,,,,,,,,,,,,
Emil Sitoci,emil sitoci,102376,Emil Sitoci,,,,,,,,,,,,,,,,,,,,,,
Emilio Ulcia,emilio ulcia,159052,Emilio Ulcia,,,,,,,,,,,,,,,,,,,,,,
Emily Andzulis,emily andzulis,18494,Emily Andzulis,,,,,,,,,,,,,,,,,,,,,,
Emma & Layla,emma layla,88006,Emma & Layla,,,,,,,,,,,,,,,,,,,,,,
Emma & Naomi,emma naomi,81445,Emma & Naomi,,,,,,,,,,,,,,,,,,,,,,
Emma & Nikki Bella,emma nikki bella,92945,Emma & Nikki Bella,,,,,,,,,,,,,,,,,,,,,,
Emma & Tamina,emma tamina,62970,Emma & Tamina,,,,,,,,,,,,,,,,,,,,,,
Emma Diaz,emma diaz,13176,Emma Diaz,,,,,,,,,,,,,,,,,,,,,,
Emory Hale,emory hale,43810,Emory Hale,,,,,,,,,,,,,,,,,,,,,,
Enes Kanter,enes kanter,71765,Enes Kanter,,,,,,,,,,,,,,,,,,,,,,
Enzo Amore & Finn Bálor,enzo amore finn balor,31463,Enzo Amore & Finn Bálor,,,,,,,,,,,,,,,,,,,,,,
Epico & Hunico & Primo,epico hunico primo,104060,Epico & Hunico & Primo,,,,,,,,,,,,,,,,,,,,,,
Epico & Jack Swagger & Jinder Mahal & Justin Gabriel & Kofi Kingston & Primo & Ted DiBiase Jr. & Yoshi Tatsu & Zack Ryder,epico jack swagger jinder mahal justin gabriel kofi kingston primo ted dibiase jr yoshi tatsu zack ryder,103548,Epico & Jack Swagger & Jinder Mahal & Justin Gabriel & Kofi Kingston & Primo & Ted DiBiase Jr. & Yoshi Tatsu & Zack Ryder,,,,,,,,,,,,,,,,,,,,,,
Epico & Jinder Mahal & Primo,epico jinder mahal primo,81726,Epico & Jinder Mahal & Primo,,,,,,,,,,,,,,,,,,,,,,
Epico & John Laurinaitis & Primo,epico john laurinaitis primo,103556,Epico & John Laurinaitis & Primo,,,,,,,,,,,,,,,,,,,,,,
Epico & Konnor & Primo & Viktor,epico konnor primo viktor,76504,Epico & Konnor & Primo & Viktor,,,,,,,,,,,,,,,,,,,,,,
Epico & Primo,epico primo,35930,Epico & Primo,,,,,,,,,,,,,,,,,,,,,,
Eric Abraham & Jay Alexander,eric abraham jay alexander,71990,Eric Abraham & Jay Alexander,,,,,,,,,,,,,,,,,,,,,,
Eric Bischoff,eric bischoff,38419,Eric Bischoff,,,,,,,,,,,,,,,,,,,,,,
Eric Bugenhagen,eric bugenhagen,20756,Eric Bugenhagen,,,,,,,,,,,,,,,,,,,,,,
Eric Cody,eric cody,159466,Eric Cody,,,,,,,,,,,,,,,,,,,,,,
Eric Collins & Mike Freedom,eric collins mike freedom,163560,Eric Collins & Mike Freedom,,,,,,,,,,,,,,,,,,,,,,
Eric Cooper,eric cooper,171240,Eric Cooper,,,,,,,,,,,,,,,,,,,,,,
Eric Escobar,eric escobar,112864,Eric Escobar,,,,,,,,,,,,,,,,,,,,,,
Eric Freedom,eric freedom,162578,Eric Freedom,,,,,,,,,,,,,,,,,,,,,,
Eric Freeze,eric freeze,141513,Eric Freeze,,,,,,,,,,,,,,,,,,,,,,
Eric Mastrocola & Jean Frederic Clement,eric mastrocola jean frederic clement,127450,Eric Mastrocola & Jean Frederic Clement,,,,,,,,,,,,,,,,,,,,,,
Eric Priest,eric priest,122438,Eric Priest,,,,,,,,,,,,,,,,,,,,,,
Eric Shelley,eric shelley,152460,Eric Shelley,,,,,,,,,,,,,,,,,,,,,,
Eric Simms,eric simms,169968,Eric Simms,,,,,,,,,,,,,,,,,,,,,,
Eric Young,eric young,24080,Eric Young,,,,,,,,,,,,,,,,,,,,,,
Eric the Red,eric the red,135619,Eric the Red,,,,,,,,,,,,,,,,,,,,,,
Erica Yan,erica yan,16366,Erica Yan,,,,,,,,,,,,,,,,,,,,,,
Erich Sbracchia,erich sbracchia,149010,Erich Sbracchia,,,,,,,,,,,,,,,,,,,,,,
Erick Rowan,erick rowan,35385,Erick Rowan,,,,,,,,,,,,,,,,,,,,,,
Erik Anderson,erik anderson,9668,Erik Anderson,,,,,,,,,,,,,,,,,,,,,,
Erik Watts,erik watts,1387,Erik Watts,,,,,,,,,,,,,,,,,,,,,,
Erin O'Grady,erin o grady,5600,Erin O'Grady,,,,,,,,,,,,,,,,,,,,,,
Erin Stevens,erin stevens,132134,Erin Stevens,,,,,,,,,,,,,,,,,,,,,,
"Ernest ""The Cat"" Miller",ernest the cat miller,42648,"Ernest ""The Cat"" Miller",,,,,,,,,,,,,,,,,,,,,,
Ernest Alexander,ernest alexander,82452,Ernest Alexander,,,,,,,,,,,,,,,,,,,,,,
Ernest Miller & M. I. Smooth,ernest miller m i smooth,36581,Ernest Miller & M. I. Smooth,,,,,,,,,,,,,,,,,,,,,,
Ernest Miller & Ms. Jones,ernest miller ms jones,37101,Ernest Miller & Ms. Jones,,,,,,,,,,,,,,,,,,,,,,
Ernest Miller & Sonny Onoo,ernest miller sonny onoo,43192,Ernest Miller & Sonny Onoo,,,,,,,,,,,,,,,,,,,,,,
Ernie Ladd,ernie ladd,133913,Ernie Ladd,,,,,,,,,,,,,,,,,,,,,,
Ernie Lassiter,ernie lassiter,135800,Ernie Lassiter,,,,,,,,,,,,,,,,,,,,,,
Essa Rios,essa rios,140408,Essa Rios,,,,,,,,,,,,,,,,,,,,,,
Eugene,eugene,113876,Eugene,,,,,,,,,,,,,,,,,,,,,,
Eugene & Goldust & Joey Mercury & Johnny Nitro & Lance Cade & Matt Striker & Psicosis & Road Warrior & Rob Conway & Sho Funaki & Simon Dean & Snitsky & Steven Richards & Super Crazy & Trevor Murdoch & Tyson Tomko & William Regal,eugene goldust joey mercury johnny nitro lance cade matt striker psicosis road warrior rob conway sho funaki simon dean snitsky steven richards super crazy trevor murdoch tyson tomko william regal,122456,Eugene & Goldust & Joey Mercury & Johnny Nitro & Lance Cade & Matt Striker & Psicosis & Road Warrior & Rob Conway & Sho Funaki & Simon Dean & Snitsky & Steven Richards & Super Crazy & Trevor Murdoch & Tyson Tomko & William Regal,,,,,,,,,,,,,,,,,,,,,,
Eva Marie,eva marie,29426,Eva Marie,,,,,,,,,,,,,,,,,,,,,,
Evan Anderholm,evan anderholm,82762,Evan Anderholm,,,,,,,,,,,,,,,,,,,,,,
Evan Bourne,evan bourne,35621,Evan Bourne,,,,,,,,,,,,,,,,,,,,,,
Evan Karagias & Jimmy Yang & Kaz Hayashi & Kwee Wee & Mike Sanders & Shannon Moore,evan karagias jimmy yang kaz hayashi kwee wee mike sanders shannon moore,36674,Evan Karagias & Jimmy Yang & Kaz Hayashi & Kwee Wee & Mike Sanders & Shannon Moore,,,,,,,,,,,,,,,,,,,,,,
Evan Karagias & Kaz Hayashi & Shannon Moore & Yun Yang,evan karagias kaz hayashi shannon moore yun yang,36566,Evan Karagias & Kaz Hayashi & Shannon Moore & Yun Yang,,,,,,,,,,,,,,,,,,,,,,
Evan Karagias & Madusa,evan karagias madusa,40271,Evan Karagias & Madusa,,,,,,,,,,,,,,,,,,,,,,
Evan Karagias & Shannon Moore,evan karagias shannon moore,36624,Evan Karagias & Shannon Moore,,,,,,,,,,,,,,,,,,,,,,
Evan Karagias & Vampiro,evan karagias vampiro,39994,Evan Karagias & Vampiro,,,,,,,,,,,,,,,,,,,,,,
Evander Holyfield,evander holyfield,118845,Evander Holyfield,,,,,,,,,,,,,,,,,,,,,,
Eve Torres,eve torres,101452,Eve Torres,,,,,,,,,,,,,,,,,,,,,,
Evil Snack,evil snack,8786,Evil Snack,,,,,,,,,,,,,,,,,,,,,,
Executioner #2,executioner 2,134282,Executioner #2,,,,,,,,,,,,,,,,,,,,,,
Ezekiel,ezekiel,63859,Ezekiel,,,,,,,,,,,,,,,,,,,,,,
Ezekiel Jackson & Goldust & Paul Burchill & Sheamus & Shelton Benjamin & Tommy Dreamer & Tyler Reks & Vladimir Kozlov & Yoshi Tatsu,ezekiel jackson goldust paul burchill sheamus shelton benjamin tommy dreamer tyler reks vladimir kozlov yoshi tatsu,113584,Ezekiel Jackson & Goldust & Paul Burchill & Sheamus & Shelton Benjamin & Tommy Dreamer & Tyler Reks & Vladimir Kozlov & Yoshi Tatsu,,,,,,,,,,,,,,,,,,,,,,
Faarooq & Matt Hardy,faarooq matt hardy,142976,Faarooq & Matt Hardy,,,,,,,,,,,,,,,,,,,,,,
Faarooq & Scorpio,faarooq scorpio,150701,Faarooq & Scorpio,,,,,,,,,,,,,,,,,,,,,,
Faarooq & Steve Austin,faarooq steve austin,154144,Faarooq & Steve Austin,,,,,,,,,,,,,,,,,,,,,,
Faarooq Asad,faarooq asad,154661,Faarooq Asad,,,,,,,,,,,,,,,,,,,,,,
Fabian Aichner & Marcel Barthel,fabian aichner marcel barthel,16974,Fabian Aichner & Marcel Barthel,,,,,,,,,,,,,,,,,,,,,,
Fabian Aichner & Raul Mendoza,fabian aichner raul mendoza,18112,Fabian Aichner & Raul Mendoza,,,,,,,,,,,,,,,,,,,,,,
Faby Apache,faby apache,10930,Faby Apache,,,,,,,,,,,,,,,,,,,,,,
Fake Barack Obama,fake barack obama,117059,Fake Barack Obama,,,,,,,,,,,,,,,,,,,,,,
Fake Ciclope,fake ciclope,46069,Fake Ciclope,,,,,,,,,,,,,,,,,,,,,,
Fake Donald Trump,fake donald trump,120319,Fake Donald Trump,,,,,,,,,,,,,,,,,,,,,,
Fake El Local,fake el local,35123,Fake El Local,,,,,,,,,,,,,,,,,,,,,,
Fake Goldberg,fake goldberg,45074,Fake Goldberg,,,,,,,,,,,,,,,,,,,,,,
Fake Hillary Clinton,fake hillary clinton,117060,Fake Hillary Clinton,,,,,,,,,,,,,,,,,,,,,,
Fake La Parka,fake la parka,48429,Fake La Parka,,,,,,,,,,,,,,,,,,,,,,
Fake Rosie O'Donnell,fake rosie o donnell,120320,Fake Rosie O'Donnell,,,,,,,,,,,,,,,,,,,,,,
Fallon Henley,fallon henley,10431,Fallon Henley,,,,,,,,,,,,,,,,,,,,,,
Fandango,fandango,19699,Fandango,,,,,,,,,,,,,,,,,,,,,,
Farmer Jerome & Joey Russell,farmer jerome joey russell,135335,Farmer Jerome & Joey Russell,,,,,,,,,,,,,,,,,,,,,,
Farmer Jerome & Little Louie,farmer jerome little louie,135017,Farmer Jerome & Little Louie,,,,,,,,,,,,,,,,,,,,,,
Farmer Jerome & Sonny Boy Hayes,farmer jerome sonny boy hayes,135367,Farmer Jerome & Sonny Boy Hayes,,,,,,,,,,,,,,,,,,,,,,
Farmer Pete,farmer pete,50690,Farmer Pete,,,,,,,,,,,,,,,,,,,,,,
Fast Eddie Vegas,fast eddie vegas,125448,Fast Eddie Vegas,,,,,,,,,,,,,,,,,,,,,,
Fat Hardy & Nat Hardy & Pat Hardy & Rat Hardy,fat hardy nat hardy pat hardy rat hardy,126838,Fat Hardy & Nat Hardy & Pat Hardy & Rat Hardy,,,,,,,,,,,,,,,,,,,,,,
Fatu & Sionne,fatu sionne,156676,Fatu & Sionne,,,,,,,,,,,,,,,,,,,,,,
Felino & Super Boy,felino super boy,43656,Felino & Super Boy,,,,,,,,,,,,,,,,,,,,,,
Festus,festus,114523,Festus,,,,,,,,,,,,,,,,,,,,,,
Fidel Barrio & Ricky Barrio,fidel barrio ricky barrio,51474,Fidel Barrio & Ricky Barrio,,,,,,,,,,,,,,,,,,,,,,
Fidel Bravo,fidel bravo,22234,Fidel Bravo,,,,,,,,,,,,,,,,,,,,,,
Fidel Sierra & Jr. & Pierroth & Psicopata & Ricky Santana,fidel sierra jr pierroth psicopata ricky santana,43702,Fidel Sierra & Jr. & Pierroth & Psicopata & Ricky Santana,,,,,,,,,,,,,,,,,,,,,,
Fidel Sierra & Ricky Santana,fidel sierra ricky santana,51164,Fidel Sierra & Ricky Santana,,,,,,,,,,,,,,,,,,,,,,
Fidel Sierra & Simon Diamond,fidel sierra simon diamond,2740,Fidel Sierra & Simon Diamond,,,,,,,,,,,,,,,,,,,,,,
Finlay & Jamie Noble,finlay jamie noble,116887,Finlay & Jamie Noble,,,,,,,,,,,,,,,,,,,,,,
Finlay & Little Bastard,finlay little bastard,119989,Finlay & Little Bastard,,,,,,,,,,,,,,,,,,,,,,
Finlay & Matt Hardy,finlay matt hardy,115305,Finlay & Matt Hardy,,,,,,,,,,,,,,,,,,,,,,
Finlay & Rey Mysterio,finlay rey mysterio,113961,Finlay & Rey Mysterio,,,,,,,,,,,,,,,,,,,,,,
Finlay & Tommy Dreamer,finlay tommy dreamer,115827,Finlay & Tommy Dreamer,,,,,,,,,,,,,,,,,,,,,,
Finn Bálor & Karl Anderson,finn balor karl anderson,75659,Finn Bálor & Karl Anderson,,,,,,,,,,,,,,,,,,,,,,
Finn Bálor & Rey Mysterio,finn balor rey mysterio,58070,Finn Bálor & Rey Mysterio,,,,,,,,,,,,,,,,,,,,,,
Firebreaker Chip & Scott Steiner,firebreaker chip scott steiner,53077,Firebreaker Chip & Scott Steiner,,,,,,,,,,,,,,,,,,,,,,
Fit Finlay,fit finlay,37268,Fit Finlay,,,,,,,,,,,,,,,,,,,,,,
Flash Flanagan & Nick Dinsmore & Trailer Park Trash,flash flanagan nick dinsmore trailer park trash,148202,Flash Flanagan & Nick Dinsmore & Trailer Park Trash,,,,,,,,,,,,,,,,,,,,,,
Flash Funk,flash funk,120524,Flash Funk,,,,,,,,,,,,,,,,,,,,,,
Flash Morgan Webster & Mark Andrews,flash morgan webster mark andrews,18972,Flash Morgan Webster & Mark Andrews,,,,,,,,,,,,,,,,,,,,,,
Flash Morgan Webster & Raul Mendoza,flash morgan webster raul mendoza,23047,Flash Morgan Webster & Raul Mendoza,,,,,,,,,,,,,,,,,,,,,,
Floyd Mayweather & Jr.,floyd mayweather jr,117285,Floyd Mayweather & Jr.,,,,,,,,,,,,,,,,,,,,,,
Flyin' Brian,flyin brian,51951,Flyin' Brian,,,,,,,,,,,,,,,,,,,,,,
Flyin' Bryan Williams & Slammin' Jammin' Jimmy Jackson,flyin bryan williams slammin jammin jimmy jackson,15696,Flyin' Bryan Williams & Slammin' Jammin' Jimmy Jackson,,,,,,,,,,,,,,,,,,,,,,
Francine & Tommy Dreamer,francine tommy dreamer,2497,Francine & Tommy Dreamer,,,,,,,,,,,,,,,,,,,,,,
Francine & Trinity,francine trinity,121104,Francine & Trinity,,,,,,,,,,,,,,,,,,,,,,
Francisco Flores,francisco flores,134546,Francisco Flores,,,,,,,,,,,,,,,,,,,,,,
Francois & Jean-Paul,francois jean paul,75128,Francois & Jean-Paul,,,,,,,,,,,,,,,,,,,,,,
Frank Andersson,frank andersson,52121,Frank Andersson,,,,,,,,,,,,,,,,,,,,,,
Frank Cody & Renesto Benifica,frank cody renesto benifica,10022,Frank Cody & Renesto Benifica,,,,,,,,,,,,,,,,,,,,,,
Frank Hickey,frank hickey,135838,Frank Hickey,,,,,,,,,,,,,,,,,,,,,,
Frank Holtz,frank holtz,135968,Frank Holtz,,,,,,,,,,,,,,,,,,,,,,
Frank Lowman,frank lowman,64750,Frank Lowman,,,,,,,,,,,,,,,,,,,,,,
Frank Martinez,frank martinez,136176,Frank Martinez,,,,,,,,,,,,,,,,,,,,,,
Frank Monroe,frank monroe,134264,Frank Monroe,,,,,,,,,,,,,,,,,,,,,,
Frank Monte,frank monte,134543,Frank Monte,,,,,,,,,,,,,,,,,,,,,,
Frank Parker & Roger Hill,frank parker roger hill,149616,Frank Parker & Roger Hill,,,,,,,,,,,,,,,,,,,,,,
Frank Pickens,frank pickens,137102,Frank Pickens,,,,,,,,,,,,,,,,,,,,,,
Frank Rodriguez,frank rodriguez,176402,Frank Rodriguez,,,,,,,,,,,,,,,,,,,,,,
Frank Savage,frank savage,176006,Frank Savage,,,,,,,,,,,,,,,,,,,,,,
Frank Stalletto,frank stalletto,151238,Frank Stalletto,,,,,,,,,,,,,,,,,,,,,,
Frank Stiletto & Lou Marconi,frank stiletto lou marconi,154646,Frank Stiletto & Lou Marconi,,,,,,,,,,,,,,,,,,,,,,
Frank Valdez & Ricky Ataki,frank valdez ricky ataki,169592,Frank Valdez & Ricky Ataki,,,,,,,,,,,,,,,,,,,,,,
Frank Valois,frank valois,134968,Frank Valois,,,,,,,,,,,,,,,,,,,,,,
Frank Vanezia & Jared Wachtler,frank vanezia jared wachtler,104282,Frank Vanezia & Jared Wachtler,,,,,,,,,,,,,,,,,,,,,,
Franki Carissa,franki carissa,15046,Franki Carissa,,,,,,,,,,,,,,,,,,,,,,
Frankie DeFalco,frankie defalco,163956,Frankie DeFalco,,,,,,,,,,,,,,,,,,,,,,
Frankie Kaiatsu,frankie kaiatsu,122594,Frankie Kaiatsu,,,,,,,,,,,,,,,,,,,,,,
Frankie Lancaster,frankie lancaster,38878,Frankie Lancaster,,,,,,,,,,,,,,,,,,,,,,
Frankie Sloan,frankie sloan,114736,Frankie Sloan,,,,,,,,,,,,,,,,,,,,,,
Frankie Valdez,frankie valdez,167726,Frankie Valdez,,,,,,,,,,,,,,,,,,,,,,
Frankie Williams,frankie williams,133886,Frankie Williams,,,,,,,,,,,,,,,,,,,,,,
Franky Monet,franky monet,17408,Franky Monet,,,,,,,,,,,,,,,,,,,,,,
Freakin Deacon,freakin deacon,119865,Freakin Deacon,,,,,,,,,,,,,,,,,,,,,,
Fred Avery,fred avery,52476,Fred Avery,,,,,,,,,,,,,,,,,,,,,,
Fred Curry,fred curry,133873,Fred Curry,,,,,,,,,,,,,,,,,,,,,,
Fred Marzino,fred marzino,175330,Fred Marzino,,,,,,,,,,,,,,,,,,,,,,
Fred Sampson,fred sampson,121316,Fred Sampson,,,,,,,,,,,,,,,,,,,,,,
Fred Williams,fred williams,160676,Fred Williams,,,,,,,,,,,,,,,,,,,,,,
Freddie Blassie,freddie blassie,135038,Freddie Blassie,,,,,,,,,,,,,,,,,,,,,,
Freddie Joe Floyd,freddie joe floyd,153409,Freddie Joe Floyd,,,,,,,,,,,,,,,,,,,,,,
Frenchy Lamont & Sky Low Low,frenchy lamont sky low low,135336,Frenchy Lamont & Sky Low Low,,,,,,,,,,,,,,,,,,,,,,
Frenchy Lamont & Sonny Boy Cassidy,frenchy lamont sonny boy cassidy,135864,Frenchy Lamont & Sonny Boy Cassidy,,,,,,,,,,,,,,,,,,,,,,
Frenchy Lamont & Sonny Boy Hayes,frenchy lamont sonny boy hayes,135198,Frenchy Lamont & Sonny Boy Hayes,,,,,,,,,,,,,,,,,,,,,,
Frenchy Landau & Little Joey,frenchy landau little joey,135482,Frenchy Landau & Little Joey,,,,,,,,,,,,,,,,,,,,,,
Frenchy Martin,frenchy martin,167316,Frenchy Martin,,,,,,,,,,,,,,,,,,,,,,
Friar Ferguson,friar ferguson,161323,Friar Ferguson,,,,,,,,,,,,,,,,,,,,,,
Frog & Rave,frog rave,38798,Frog & Rave,,,,,,,,,,,,,,,,,,,,,,
Funaki,funaki,116083,Funaki,,,,,,,,,,,,,,,,,,,,,,
Fury & Rage,fury rage,52515,Fury & Rage,,,,,,,,,,,,,,,,,,,,,,
Fuzzy Cupid & Little Brutus,fuzzy cupid little brutus,135996,Fuzzy Cupid & Little Brutus,,,,,,,,,,,,,,,,,,,,,,
Fuzzy Cupid & Sky Low Low,fuzzy cupid sky low low,136128,Fuzzy Cupid & Sky Low Low,,,,,,,,,,,,,,,,,,,,,,
Fuzzy Cupid & Vito Gonzalez,fuzzy cupid vito gonzalez,136466,Fuzzy Cupid & Vito Gonzalez,,,,,,,,,,,,,,,,,,,,,,
G. I. Bro,g i bro,38377,G. I. Bro,,,,,,,,,,,,,,,,,,,,,,
G. I. Will,g i will,151214,G. I. Will,,,,,,,,,,,,,,,,,,,,,,
G. Q. Gallo,g q gallo,117514,G. Q. Gallo,,,,,,,,,,,,,,,,,,,,,,
G. Q. Gorgeous,g q gorgeous,7014,G. Q. Gorgeous,,,,,,,,,,,,,,,,,,,,,,
Gabby Stephens & Jenna Levy,gabby stephens jenna levy,17314,Gabby Stephens & Jenna Levy,,,,,,,,,,,,,,,,,,,,,,
Gabe Roach & Vinny Valentino,gabe roach vinny valentino,131688,Gabe Roach & Vinny Valentino,,,,,,,,,,,,,,,,,,,,,,
Gable Steveson,gable steveson,13971,Gable Steveson,,,,,,,,,,,,,,,,,,,,,,
Gabriel Ealy,gabriel ealy,24926,Gabriel Ealy,,,,,,,,,,,,,,,,,,,,,,
Gail Kim,gail kim,109206,Gail Kim,,,,,,,,,,,,,,,,,,,,,,
Galaxy & La Parka,galaxy la parka,48868,Galaxy & La Parka,,,,,,,,,,,,,,,,,,,,,,
Gama Singh,gama singh,174037,Gama Singh,,,,,,,,,,,,,,,,,,,,,,
Gangrel,gangrel,121756,Gangrel,,,,,,,,,,,,,,,,,,,,,,
Garrett Dylan,garrett dylan,34150,Garrett Dylan,,,,,,,,,,,,,,,,,,,,,,
Garrison Cade & Mark Jindrak,garrison cade mark jindrak,128042,Garrison Cade & Mark Jindrak,,,,,,,,,,,,,,,,,,,,,,
Garrison Cade & Test,garrison cade test,127260,Garrison Cade & Test,,,,,,,,,,,,,,,,,,,,,,
Garrison Cade & Trevor Rhodes,garrison cade trevor rhodes,124573,Garrison Cade & Trevor Rhodes,,,,,,,,,,,,,,,,,,,,,,
Garriston Spears & Lance Anoa'i,garriston spears lance anoa i,27780,Garriston Spears & Lance Anoa'i,,,,,,,,,,,,,,,,,,,,,,
Gary Albright,gary albright,7097,Gary Albright,,,,,,,,,,,,,,,,,,,,,,
Gary Davis,gary davis,165218,Gary Davis,,,,,,,,,,,,,,,,,,,,,,
Gary Gandy,gary gandy,78820,Gary Gandy,,,,,,,,,,,,,,,,,,,,,,
Gary Graham,gary graham,82064,Gary Graham,,,,,,,,,,,,,,,,,,,,,,
Gary Heck,gary heck,65344,Gary Heck,,,,,,,,,,,,,,,,,,,,,,
Gary Jackson,gary jackson,52860,Gary Jackson,,,,,,,,,,,,,,,,,,,,,,
Gary Jensen,gary jensen,165670,Gary Jensen,,,,,,,,,,,,,,,,,,,,,,
Gary Lee,gary lee,155276,Gary Lee,,,,,,,,,,,,,,,,,,,,,,
Gary Richards,gary richards,156154,Gary Richards,,,,,,,,,,,,,,,,,,,,,,
Gary Royal,gary royal,169232,Gary Royal,,,,,,,,,,,,,,,,,,,,,,
Gary Sabaugh,gary sabaugh,157528,Gary Sabaugh,,,,,,,,,,,,,,,,,,,,,,
Gary Scott,gary scott,155442,Gary Scott,,,,,,,,,,,,,,,,,,,,,,
Gary Starr & Nelson Veilleux,gary starr nelson veilleux,169506,Gary Starr & Nelson Veilleux,,,,,,,,,,,,,,,,,,,,,,
Gary Stenshorn,gary stenshorn,142288,Gary Stenshorn,,,,,,,,,,,,,,,,,,,,,,
Gary Swinger,gary swinger,142072,Gary Swinger,,,,,,,,,,,,,,,,,,,,,,
Gary Wilde,gary wilde,165696,Gary Wilde,,,,,,,,,,,,,,,,,,,,,,
Gary Wolfe & John Weiss,gary wolfe john weiss,168862,Gary Wolfe & John Weiss,,,,,,,,,,,,,,,,,,,,,,
Gary Wolfe & Tony Durante,gary wolfe tony durante,168538,Gary Wolfe & Tony Durante,,,,,,,,,,,,,,,,,,,,,,
Garza Jr.,garza jr,20684,Garza Jr.,,,,,,,,,,,,,,,,,,,,,,
Gavin Reid,gavin reid,36096,Gavin Reid,,,,,,,,,,,,,,,,,,,,,,
Gavin Spears,gavin spears,115446,Gavin Spears,,,,,,,,,,,,,,,,,,,,,,
Gedo & Jado,gedo jado,1230,Gedo & Jado,,,,,,,,,,,,,,,,,,,,,,
Gene Dundee,gene dundee,134514,Gene Dundee,,,,,,,,,,,,,,,,,,,,,,
Gene Kelly,gene kelly,136590,Gene Kelly,,,,,,,,,,,,,,,,,,,,,,
Gene Kiniski,gene kiniski,136296,Gene Kiniski,,,,,,,,,,,,,,,,,,,,,,
Gene Ligon & Larry Stevens,gene ligon larry stevens,170018,Gene Ligon & Larry Stevens,,,,,,,,,,,,,,,,,,,,,,
Gene Ligon & Mark Brown,gene ligon mark brown,169282,Gene Ligon & Mark Brown,,,,,,,,,,,,,,,,,,,,,,
Gene Okerlund,gene okerlund,37889,Gene Okerlund,,,,,,,,,,,,,,,,,,,,,,
Gene Snisky & Heidenreich,gene snisky heidenreich,125760,Gene Snisky & Heidenreich,,,,,,,,,,,,,,,,,,,,,,
Gene Watson,gene watson,171178,Gene Watson,,,,,,,,,,,,,,,,,,,,,,
General Adnan,general adnan,166024,General Adnan,,,,,,,,,,,,,,,,,,,,,,
General Rection,general rection,36882,General Rection,,,,,,,,,,,,,,,,,,,,,,
Genichiro Tenryu,genichiro tenryu,159181,Genichiro Tenryu,,,,,,,,,,,,,,,,,,,,,,
Gentleman Jack Gallagher,gentleman jack gallagher,18365,Gentleman Jack Gallagher,,,,,,,,,,,,,,,,,,,,,,
George Anderson & Ron Hagan,george anderson ron hagan,157190,George Anderson & Ron Hagan,,,,,,,,,,,,,,,,,,,,,,
George Anderson & Tom Bennett,george anderson tom bennett,158780,George Anderson & Tom Bennett,,,,,,,,,,,,,,,,,,,,,,
George Anderson & Troy Williams,george anderson troy williams,167060,George Anderson & Troy Williams,,,,,,,,,,,,,,,,,,,,,,
George Cannon & Jake Fingado,george cannon jake fingado,15980,George Cannon & Jake Fingado,,,,,,,,,,,,,,,,,,,,,,
George Fouts & Hammond Hagar & Zoltan Bigg,george fouts hammond hagar zoltan bigg,153036,George Fouts & Hammond Hagar & Zoltan Bigg,,,,,,,,,,,,,,,,,,,,,,
George Love & Ranger Seven,george love ranger seven,8298,George Love & Ranger Seven,,,,,,,,,,,,,,,,,,,,,,
George Petraski & Rick Renslow,george petraski rick renslow,170600,George Petraski & Rick Renslow,,,,,,,,,,,,,,,,,,,,,,
George Petraski & Tom Stone,george petraski tom stone,171356,George Petraski & Tom Stone,,,,,,,,,,,,,,,,,,,,,,
George Petrovsky,george petrovsky,162106,George Petrovsky,,,,,,,,,,,,,,,,,,,,,,
George Rodriguez,george rodriguez,136552,George Rodriguez,,,,,,,,,,,,,,,,,,,,,,
George Sanders,george sanders,175098,George Sanders,,,,,,,,,,,,,,,,,,,,,,
George Skaaland & Mario Mancini,george skaaland mario mancini,166958,George Skaaland & Mario Mancini,,,,,,,,,,,,,,,,,,,,,,
George Skaaland & Mark Frear,george skaaland mark frear,168620,George Skaaland & Mark Frear,,,,,,,,,,,,,,,,,,,,,,
George Skaaland & Mike Williams,george skaaland mike williams,168756,George Skaaland & Mike Williams,,,,,,,,,,,,,,,,,,,,,,
George Skaaland & Paul Smith,george skaaland paul smith,169238,George Skaaland & Paul Smith,,,,,,,,,,,,,,,,,,,,,,
George Skaaland & Scott Colton,george skaaland scott colton,167808,George Skaaland & Scott Colton,,,,,,,,,,,,,,,,,,,,,,
George South,george south,52666,George South,,,,,,,,,,,,,,,,,,,,,,
George Steele,george steele,39835,George Steele,,,,,,,,,,,,,,,,,,,,,,
George Terrell & Scott Casey,george terrell scott casey,169786,George Terrell & Scott Casey,,,,,,,,,,,,,,,,,,,,,,
George Terzis,george terzis,124454,George Terzis,,,,,,,,,,,,,,,,,,,,,,
George Wells,george wells,174246,George Wells,,,,,,,,,,,,,,,,,,,,,,
Georgie Love & The Flamingo Kid,georgie love the flamingo kid,8376,Georgie Love & The Flamingo Kid,,,,,,,,,,,,,,,,,,,,,,
Gerald & Patrick,gerald patrick,40028,Gerald & Patrick,,,,,,,,,,,,,,,,,,,,,,
Gerald Brisco,gerald brisco,72087,Gerald Brisco,,,,,,,,,,,,,,,,,,,,,,
Geto Mongol,geto mongol,135490,Geto Mongol,,,,,,,,,,,,,,,,,,,,,,
Geza Kalman Jr.,geza kalman jr,157552,Geza Kalman Jr.,,,,,,,,,,,,,,,,,,,,,,
Giant Baba,giant baba,134871,Giant Baba,,,,,,,,,,,,,,,,,,,,,,
Giant Gonzalez,giant gonzalez,160536,Giant Gonzalez,,,,,,,,,,,,,,,,,,,,,,
Giant Silva,giant silva,148347,Giant Silva,,,,,,,,,,,,,,,,,,,,,,
Giff Horn,giff horn,138525,Giff Horn,,,,,,,,,,,,,,,,,,,,,,
Gigi Dolin,gigi dolin,11975,Gigi Dolin,,,,,,,,,,,,,,,,,,,,,,
Gil Gordon,gil gordon,135898,Gil Gordon,,,,,,,,,,,,,,,,,,,,,,
Gillberg,gillberg,146300,Gillberg,,,,,,,,,,,,,,,,,,,,,,
Gina Delucia,gina delucia,15030,Gina Delucia,,,,,,,,,,,,,,,,,,,,,,
Gino Brito & Tony Parisi,gino brito tony parisi,48657,Gino Brito & Tony Parisi,,,,,,,,,,,,,,,,,,,,,,
Gino Carabello,gino carabello,169466,Gino Carabello,,,,,,,,,,,,,,,,,,,,,,
Gino Caruso,gino caruso,9904,Gino Caruso,,,,,,,,,,,,,,,,,,,,,,
Gino Hernandez,gino hernandez,134307,Gino Hernandez,,,,,,,,,,,,,,,,,,,,,,
Gino Rivera,gino rivera,66760,Gino Rivera,,,,,,,,,,,,,,,,,,,,,,
Gionna Daddio,gionna daddio,31426,Gionna Daddio,,,,,,,,,,,,,,,,,,,,,,
Giovanni Vinci,giovanni vinci,16432,Giovanni Vinci,,,,,,,,,,,,,,,,,,,,,,
Giulia,giulia,11508,Giulia,,,,,,,,,,,,,,,,,,,,,,
Glacier,glacier,43586,Glacier,,,,,,,,,,,,,,,,,,,,,,
Glen Costello,glen costello,163808,Glen Costello,,,,,,,,,,,,,,,,,,,,,,
Glen Kulka,glen kulka,148431,Glen Kulka,,,,,,,,,,,,,,,,,,,,,,
Glen Osbourne,glen osbourne,10005,Glen Osbourne,,,,,,,,,,,,,,,,,,,,,,
Glen Ruth,glen ruth,147705,Glen Ruth,,,,,,,,,,,,,,,,,,,,,,
Glenn Jacobs,glenn jacobs,71699,Glenn Jacobs,,,,,,,,,,,,,,,,,,,,,,
Goldberg & Kane,goldberg kane,128698,Goldberg & Kane,,,,,,,,,,,,,,,,,,,,,,
Goldberg & Rick Steiner,goldberg rick steiner,43343,Goldberg & Rick Steiner,,,,,,,,,,,,,,,,,,,,,,
Goldberg & Scott Steiner,goldberg scott steiner,37926,Goldberg & Scott Steiner,,,,,,,,,,,,,,,,,,,,,,
Goldie Rogers,goldie rogers,175062,Goldie Rogers,,,,,,,,,,,,,,,,,,,,,,
Goldust,goldust,75326,Goldust,,,,,,,,,,,,,,,,,,,,,,
Golga,golga,150058,Golga,,,,,,,,,,,,,,,,,,,,,,
Gordo Chihuahua,gordo chihuahua,136500,Gordo Chihuahua,,,,,,,,,,,,,,,,,,,,,,
Gorgeous George,gorgeous george,42477,Gorgeous George,,,,,,,,,,,,,,,,,,,,,,
Gorilla Monsoon,gorilla monsoon,134048,Gorilla Monsoon,,,,,,,,,,,,,,,,,,,,,,
Gotch Gracie,gotch gracie,147678,Gotch Gracie,,,,,,,,,,,,,,,,,,,,,,
Graig Brown,graig brown,163238,Graig Brown,,,,,,,,,,,,,,,,,,,,,,
Gran Hamada,gran hamada,5318,Gran Hamada,,,,,,,,,,,,,,,,,,,,,,
Gran Metalik,gran metalik,17906,Gran Metalik,,,,,,,,,,,,,,,,,,,,,,
Gran Naniwa,gran naniwa,5316,Gran Naniwa,,,,,,,,,,,,,,,,,,,,,,
Grandmaster Sexay & Mosh & Scotty 2 Hotty & Thrasher,grandmaster sexay mosh scotty 2 hotty thrasher,146524,Grandmaster Sexay & Mosh & Scotty 2 Hotty & Thrasher,,,,,,,,,,,,,,,,,,,,,,
Grandmaster Sexay & Scotty 2 Hotty,grandmaster sexay scotty 2 hotty,34596,Grandmaster Sexay & Scotty 2 Hotty,,,,,,,,,,,,,,,,,,,,,,
Grayson Waller,grayson waller,10589,Grayson Waller,,,,,,,,,,,,,,,,,,,,,,
Greg Cardona,greg cardona,117878,Greg Cardona,,,,,,,,,,,,,,,,,,,,,,
Greg Davis,greg davis,155282,Greg Davis,,,,,,,,,,,,,,,,,,,,,,
Greg Evans,greg evans,168922,Greg Evans,,,,,,,,,,,,,,,,,,,,,,
Greg Gagne,greg gagne,134345,Greg Gagne,,,,,,,,,,,,,,,,,,,,,,
Greg Green,greg green,164846,Greg Green,,,,,,,,,,,,,,,,,,,,,,
Greg Groothius,greg groothius,126850,Greg Groothius,,,,,,,,,,,,,,,,,,,,,,
Greg Johnson,greg johnson,161092,Greg Johnson,,,,,,,,,,,,,,,,,,,,,,
Greg Leslie,greg leslie,65114,Greg Leslie,,,,,,,,,,,,,,,,,,,,,,
Greg Lester & Joey Gibson,greg lester joey gibson,63408,Greg Lester & Joey Gibson,,,,,,,,,,,,,,,,,,,,,,
Greg Pawluk,greg pawluk,141485,Greg Pawluk,,,,,,,,,,,,,,,,,,,,,,
Greg Starr,greg starr,163134,Greg Starr,,,,,,,,,,,,,,,,,,,,,,
Greg Valentine,greg valentine,9816,Greg Valentine,,,,,,,,,,,,,,,,,,,,,,
Greg Vance,greg vance,173444,Greg Vance,,,,,,,,,,,,,,,,,,,,,,
Greg Williams,greg williams,71134,Greg Williams,,,,,,,,,,,,,,,,,,,,,,
Gregory Helms,gregory helms,113651,Gregory Helms,,,,,,,,,,,,,,,,,,,,,,
Gregory Jarque,gregory jarque,136820,Gregory Jarque,,,,,,,,,,,,,,,,,,,,,,
Gregory Martin,gregory martin,142486,Gregory Martin,,,,,,,,,,,,,,,,,,,,,,
Grizzly Smith & Luke Brown,grizzly smith luke brown,136390,Grizzly Smith & Luke Brown,,,,,,,,,,,,,,,,,,,,,,
Guillotine Gordon,guillotine gordon,135926,Guillotine Gordon,,,,,,,,,,,,,,,,,,,,,,
Gunner Scott,gunner scott,121792,Gunner Scott,,,,,,,,,,,,,,,,,,,,,,
Gunther,gunther,16982,Gunther,,,,,,,,,,,,,,,,,,,,,,
Guru Raaj,guru raaj,15948,Guru Raaj,,,,,,,,,,,,,,,,,,,,,,
Gurv Sihra & Harv Sihra,gurv sihra harv sihra,27342,Gurv Sihra & Harv Sihra,,,,,,,,,,,,,,,,,,,,,,
Gus Callas,gus callas,136200,Gus Callas,,,,,,,,,,,,,,,,,,,,,,
Gus Kantarakis & Jim Dimitri,gus kantarakis jim dimitri,156540,Gus Kantarakis & Jim Dimitri,,,,,,,,,,,,,,,,,,,,,,
Gus Kantarakis & John Smith,gus kantarakis john smith,156872,Gus Kantarakis & John Smith,,,,,,,,,,,,,,,,,,,,,,
Gus Kantarakis & Nick Sherry,gus kantarakis nick sherry,162654,Gus Kantarakis & Nick Sherry,,,,,,,,,,,,,,,,,,,,,,
Guy Lambert,guy lambert,174958,Guy Lambert,,,,,,,,,,,,,,,,,,,,,,
Gymini #1 & Gymini #2,gymini 1 gymini 2,122383,Gymini #1 & Gymini #2,,,,,,,,,,,,,,,,,,,,,,
Gypsy Rodriguez,gypsy rodriguez,134066,Gypsy Rodriguez,,,,,,,,,,,,,,,,,,,,,,
Gzim Selmani & Sunny Dhinsa,gzim selmani sunny dhinsa,29057,Gzim Selmani & Sunny Dhinsa,,,,,,,,,,,,,,,,,,,,,,
H. C. Dyer,h c dyer,78540,H. C. Dyer,,,,,,,,,,,,,,,,,,,,,,
H. C. Loc,h c loc,93,H. C. Loc,,,,,,,,,,,,,,,,,,,,,,
H. D. Ryder & Iron Mike Sharpe,h d ryder iron mike sharpe,158162,H. D. Ryder & Iron Mike Sharpe,,,,,,,,,,,,,,,,,,,,,,
HIKULEO,hikuleo,55593,HIKULEO,,,,,,,,,,,,,,,,,,,,,,
Hack Meyers,hack meyers,7196,Hack Meyers,,,,,,,,,,,,,,,,,,,,,,
Hack Myers & Ian Rotten,hack myers ian rotten,9274,Hack Myers & Ian Rotten,,,,,,,,,,,,,,,,,,,,,,
Hack Myers & Mikey Whipwreck,hack myers mikey whipwreck,8815,Hack Myers & Mikey Whipwreck,,,,,,,,,,,,,,,,,,,,,,
Hacksaw Higgins,hacksaw higgins,53972,Hacksaw Higgins,,,,,,,,,,,,,,,,,,,,,,
Hak,hak,41872,Hak,,,,,,,,,,,,,,,,,,,,,,
Haku,haku,137832,Haku,,,,,,,,,,,,,,,,,,,,,,
Haley Jones,haley jones,71066,Haley Jones,,,,,,,,,,,,,,,,,,,,,,
Hamlet McBeth,hamlet mcbeth,119594,Hamlet McBeth,,,,,,,,,,,,,,,,,,,,,,
Hammer & Saturn,hammer saturn,45692,Hammer & Saturn,,,,,,,,,,,,,,,,,,,,,,
Hammerstone,hammerstone,12461,Hammerstone,,,,,,,,,,,,,,,,,,,,,,
Hank Walker & Kale Dixon & Tank Ledger & Uriah Connors,hank walker kale dixon tank ledger uriah connors,10866,Hank Walker & Kale Dixon & Tank Ledger & Uriah Connors,,,,,,,,,,,,,,,,,,,,,,
Hank Walker & Mark Coffey & Tank Ledger & Wolfgang,hank walker mark coffey tank ledger wolfgang,12496,Hank Walker & Mark Coffey & Tank Ledger & Wolfgang,,,,,,,,,,,,,,,,,,,,,,
Hank Walker & Tank Ledger,hank walker tank ledger,10299,Hank Walker & Tank Ledger,,,,,,,,,,,,,,,,,,,,,,
Hans Mortier,hans mortier,135858,Hans Mortier,,,,,,,,,,,,,,,,,,,,,,
Hans Schroeder,hans schroeder,134648,Hans Schroeder,,,,,,,,,,,,,,,,,,,,,,
Hanson & Raymond Rowe,hanson raymond rowe,24243,Hanson & Raymond Rowe,,,,,,,,,,,,,,,,,,,,,,
Hanson & Rowe,hanson rowe,21149,Hanson & Rowe,,,,,,,,,,,,,,,,,,,,,,
Happy Corbin,happy corbin,63256,Happy Corbin,,,,,,,,,,,,,,,,,,,,,,
Hardbody Harrison,hardbody harrison,40922,Hardbody Harrison,,,,,,,,,,,,,,,,,,,,,,
Hardcore Holly,hardcore holly,116466,Hardcore Holly,,,,,,,,,,,,,,,,,,,,,,
Hardwork Walker,hardwork walker,41517,Hardwork Walker,,,,,,,,,,,,,,,,,,,,,,
Harland,harland,17089,Harland,,,,,,,,,,,,,,,,,,,,,,
Harlem Lewis & Lexis King,harlem lewis lexis king,11208,Harlem Lewis & Lexis King,,,,,,,,,,,,,,,,,,,,,,
Harlem Lewis & Mike Derudder,harlem lewis mike derudder,10333,Harlem Lewis & Mike Derudder,,,,,,,,,,,,,,,,,,,,,,
Harley Lewis,harley lewis,151630,Harley Lewis,,,,,,,,,,,,,,,,,,,,,,
Harley Manson,harley manson,168984,Harley Manson,,,,,,,,,,,,,,,,,,,,,,
Harley Race,harley race,133919,Harley Race,,,,,,,,,,,,,,,,,,,,,,
Harley Riggins & Jax Presley,harley riggins jax presley,10322,Harley Riggins & Jax Presley,,,,,,,,,,,,,,,,,,,,,,
Harper & Rowan,harper rowan,74298,Harper & Rowan,,,,,,,,,,,,,,,,,,,,,,
Harry Henzl & Rudy Jacobs,harry henzl rudy jacobs,136953,Harry Henzl & Rudy Jacobs,,,,,,,,,,,,,,,,,,,,,,
Harry Smith,harry smith,118431,Harry Smith,,,,,,,,,,,,,,,,,,,,,,
Harvey Wippleman,harvey wippleman,157750,Harvey Wippleman,,,,,,,,,,,,,,,,,,,,,,
Harvina,harvina,146334,Harvina,,,,,,,,,,,,,,,,,,,,,,
Havok,havok,123176,Havok,,,,,,,,,,,,,,,,,,,,,,
Hayabusa & Jinsei Shinzaki,hayabusa jinsei shinzaki,4586,Hayabusa & Jinsei Shinzaki,,,,,,,,,,,,,,,,,,,,,,
Haystacks Calhoun,haystacks calhoun,133985,Haystacks Calhoun,,,,,,,,,,,,,,,,,,,,,,
Haze Jameson,haze jameson,54872,Haze Jameson,,,,,,,,,,,,,,,,,,,,,,
Headhunter #1 & Headhunter #2,headhunter 1 headhunter 2,52928,Headhunter #1 & Headhunter #2,,,,,,,,,,,,,,,,,,,,,,
Headhunter A & Headhunter B & Jake Roberts,headhunter a headhunter b jake roberts,5964,Headhunter A & Headhunter B & Jake Roberts,,,,,,,,,,,,,,,,,,,,,,
Heath Slater,heath slater,32794,Heath Slater,,,,,,,,,,,,,,,,,,,,,,
Heavy Metal,heavy metal,153812,Heavy Metal,,,,,,,,,,,,,,,,,,,,,,
Hector Garza & Jr. & Lizmark,hector garza jr lizmark,48252,Hector Garza & Jr. & Lizmark,,,,,,,,,,,,,,,,,,,,,,
Hector Garza & Konnan & Rey Mysterio Jr. & Silver King,hector garza konnan rey mysterio jr silver king,43703,Hector Garza & Konnan & Rey Mysterio Jr. & Silver King,,,,,,,,,,,,,,,,,,,,,,
Hector Garza & Latin Lover & Octagon,hector garza latin lover octagon,153790,Hector Garza & Latin Lover & Octagon,,,,,,,,,,,,,,,,,,,,,,
Hector Garza & Octagon,hector garza octagon,154027,Hector Garza & Octagon,,,,,,,,,,,,,,,,,,,,,,
Hector Garza & Silver King,hector garza silver king,40859,Hector Garza & Silver King,,,,,,,,,,,,,,,,,,,,,,
Hector Guerrero,hector guerrero,8948,Hector Guerrero,,,,,,,,,,,,,,,,,,,,,,
Hector Kunsman & Ricardo Watts,hector kunsman ricardo watts,27204,Hector Kunsman & Ricardo Watts,,,,,,,,,,,,,,,,,,,,,,
Hector Kunsman & Stanley Watts,hector kunsman stanley watts,21992,Hector Kunsman & Stanley Watts,,,,,,,,,,,,,,,,,,,,,,
Heidenreich & Road Warrior Animal,heidenreich road warrior animal,124567,Heidenreich & Road Warrior Animal,,,,,,,,,,,,,,,,,,,,,,
Heidenreich & Test,heidenreich test,127485,Heidenreich & Test,,,,,,,,,,,,,,,,,,,,,,
Heidi Lee Morgan,heidi lee morgan,159670,Heidi Lee Morgan,,,,,,,,,,,,,,,,,,,,,,
Henry O. Godwinn & Ray Gordy,henry o godwinn ray gordy,120615,Henry O. Godwinn & Ray Gordy,,,,,,,,,,,,,,,,,,,,,,
Henry O. Godwinn & Road Dogg,henry o godwinn road dogg,152555,Henry O. Godwinn & Road Dogg,,,,,,,,,,,,,,,,,,,,,,
Herbie Starr,herbie starr,136180,Herbie Starr,,,,,,,,,,,,,,,,,,,,,,
Hercules,hercules,163736,Hercules,,,,,,,,,,,,,,,,,,,,,,
Herschel Hoffman,herschel hoffman,174955,Herschel Hoffman,,,,,,,,,,,,,,,,,,,,,,
Herve Renesto,herve renesto,9966,Herve Renesto,,,,,,,,,,,,,,,,,,,,,,
Hideo Itami,hideo itami,24128,Hideo Itami,,,,,,,,,,,,,,,,,,,,,,
Hillbilly Cousin Luke,hillbilly cousin luke,174022,Hillbilly Cousin Luke,,,,,,,,,,,,,,,,,,,,,,
Hillbilly Jim,hillbilly jim,167380,Hillbilly Jim,,,,,,,,,,,,,,,,,,,,,,
Hillbilly Pete & Wee Willie Wilson,hillbilly pete wee willie wilson,134086,Hillbilly Pete & Wee Willie Wilson,,,,,,,,,,,,,,,,,,,,,,
Hiro Hase & Masa Chono,hiro hase masa chono,53946,Hiro Hase & Masa Chono,,,,,,,,,,,,,,,,,,,,,,
Hiro Hase & Shinya Hashimoto,hiro hase shinya hashimoto,52741,Hiro Hase & Shinya Hashimoto,,,,,,,,,,,,,,,,,,,,,,
Hiroko,hiroko,125772,Hiroko,,,,,,,,,,,,,,,,,,,,,,
Hiroyo Matsumoto,hiroyo matsumoto,74382,Hiroyo Matsumoto,,,,,,,,,,,,,,,,,,,,,,
Hiroyoshi Iekuda & Tsubo Genjin,hiroyoshi iekuda tsubo genjin,8766,Hiroyoshi Iekuda & Tsubo Genjin,,,,,,,,,,,,,,,,,,,,,,
Hiroyoshi Tenzan & Masa Chono,hiroyoshi tenzan masa chono,45798,Hiroyoshi Tenzan & Masa Chono,,,,,,,,,,,,,,,,,,,,,,
Ho Ho Lun,ho ho lun,26590,Ho Ho Lun,,,,,,,,,,,,,,,,,,,,,,
Hollywood & O-Dogg,hollywood o dogg,7630,Hollywood & O-Dogg,,,,,,,,,,,,,,,,,,,,,,
Hollywood Hogan,hollywood hogan,42874,Hollywood Hogan,,,,,,,,,,,,,,,,,,,,,,
Honky Tonk Man,honky tonk man,51766,Honky Tonk Man,,,,,,,,,,,,,,,,,,,,,,
Hope,hope,87462,Hope,,,,,,,,,,,,,,,,,,,,,,
Horace & Reese,horace reese,45897,Horace & Reese,,,,,,,,,,,,,,,,,,,,,,
Horace Hogan,horace hogan,38252,Horace Hogan,,,,,,,,,,,,,,,,,,,,,,
Horace The Psychopath & Tony DeVito,horace the psychopath tony devito,2918,Horace The Psychopath & Tony DeVito,,,,,,,,,,,,,,,,,,,,,,
Hornswoggle,hornswoggle,87545,Hornswoggle,,,,,,,,,,,,,,,,,,,,,,
Horshu,horshu,46406,Horshu,,,,,,,,,,,,,,,,,,,,,,
Hoss Funk,hoss funk,174060,Hoss Funk,,,,,,,,,,,,,,,,,,,,,,
Houston Miller,houston miller,15170,Houston Miller,,,,,,,,,,,,,,,,,,,,,,
Howard Finkel,howard finkel,132824,Howard Finkel,,,,,,,,,,,,,,,,,,,,,,
Hugh Morrus,hugh morrus,36583,Hugh Morrus,,,,,,,,,,,,,,,,,,,,,,
Hugo Knox,hugo knox,29012,Hugo Knox,,,,,,,,,,,,,,,,,,,,,,
Hulk Hogan,hulk hogan,34160696,Hulk Hogan,,_Deceased Fighting,,,1953-08-11,United States,,,https://r2.thesportsdb.com/images/media/player/thumb/8svz2b1753384948.jpg,,_Deceased Fighting,,thesportsdb,,,,,,,,,
Humberto Carrillo & Raul Mendoza,humberto carrillo raul mendoza,21128,Humberto Carrillo & Raul Mendoza,,,,,,,,,,,,,,,,,,,,,,
Humberto Carrillo & Rey Mysterio,humberto carrillo rey mysterio,70447,Humberto Carrillo & Rey Mysterio,,,,,,,,,,,,,,,,,,,,,,
Hunter Hearst Helmsley & Jeff Jarrett,hunter hearst helmsley jeff jarrett,155684,Hunter Hearst Helmsley & Jeff Jarrett,,,,,,,,,,,,,,,,,,,,,,
Hunter Hearst Helmsley & Owen Hart,hunter hearst helmsley owen hart,151222,Hunter Hearst Helmsley & Owen Hart,,,,,,,,,,,,,,,,,,,,,,
Hunter Q. Robbins III & Jimmy Snuka,hunter q robbins iii jimmy snuka,10012,Hunter Q. Robbins III & Jimmy Snuka,,,,,,,,,,,,,,,,,,,,,,
Hurricane Curry,hurricane curry,10153,Hurricane Curry,,,,,,,,,,,,,,,,,,,,,,
Hurricane Helms,hurricane helms,113809,Hurricane Helms,,,,,,,,,,,,,,,,,,,,,,
Husky Harris,husky harris,107157,Husky Harris,,,,,,,,,,,,,,,,,,,,,,
Hussein Arab,hussein arab,176304,Hussein Arab,,,,,,,,,,,,,,,,,,,,,,
Hutch Thomas,hutch thomas,165370,Hutch Thomas,,,,,,,,,,,,,,,,,,,,,,
Hyan,hyan,82376,Hyan,,,,,,,,,,,,,,,,,,,,,,
Ian Weston,ian weston,163688,Ian Weston,,,,,,,,,,,,,,,,,,,,,,
Ice Train,ice train,37947,Ice Train,,,,,,,,,,,,,,,,,,,,,,
Ice Williams,ice williams,55224,Ice Williams,,,,,,,,,,,,,,,,,,,,,,
Idol,idol,39144,Idol,,,,,,,,,,,,,,,,,,,,,,
Ike Andrews,ike andrews,158516,Ike Andrews,,,,,,,,,,,,,,,,,,,,,,
Ikemen Jiro,ikemen jiro,14414,Ikemen Jiro,,,,,,,,,,,,,,,,,,,,,,
Ikuto Hidaka,ikuto hidaka,1616,Ikuto Hidaka,,,,,,,,,,,,,,,,,,,,,,
Ilja Dragunov,ilja dragunov,13172,Ilja Dragunov,,,,,,,,,,,,,,,,,,,,,,
Imposter Kane,imposter kane,121833,Imposter Kane,,,,,,,,,,,,,,,,,,,,,,
Indi Hartwell & Lea Mitchell,indi hartwell lea mitchell,15393,Indi Hartwell & Lea Mitchell,,,,,,,,,,,,,,,,,,,,,,
Indi Hartwell & Roxanne Perez,indi hartwell roxanne perez,14300,Indi Hartwell & Roxanne Perez,,,,,,,,,,,,,,,,,,,,,,
Inferno Kid,inferno kid,133822,Inferno Kid,,,,,,,,,,,,,,,,,,,,,,
Ingus Jinx & Wildo Jinx,ingus jinx wildo jinx,154524,Ingus Jinx & Wildo Jinx,,,,,,,,,,,,,,,,,,,,,,
Io Shirai & Kacy Catanzaro,io shirai kacy catanzaro,22651,Io Shirai & Kacy Catanzaro,,,,,,,,,,,,,,,,,,,,,,
Io Shirai & Kairi Sane & Karen Q.,io shirai kairi sane karen q,20946,Io Shirai & Kairi Sane & Karen Q.,,,,,,,,,,,,,,,,,,,,,,
Io Shirai & Kay Lee Ray,io shirai kay lee ray,17037,Io Shirai & Kay Lee Ray,,,,,,,,,,,,,,,,,,,,,,
Irish Jackie & Little Beaver,irish jackie little beaver,135717,Irish Jackie & Little Beaver,,,,,,,,,,,,,,,,,,,,,,
Irish Jackie & Sky Low Low,irish jackie sky low low,136584,Irish Jackie & Sky Low Low,,,,,,,,,,,,,,,,,,,,,,
Irish Jackie & Tiny Tim,irish jackie tiny tim,136417,Irish Jackie & Tiny Tim,,,,,,,,,,,,,,,,,,,,,,
Iron Mike Sharpe & Jimmy Jack Funk,iron mike sharpe jimmy jack funk,173170,Iron Mike Sharpe & Jimmy Jack Funk,,,,,,,,,,,,,,,,,,,,,,
Iron Mike Sharpe & Jose Estrada,iron mike sharpe jose estrada,169812,Iron Mike Sharpe & Jose Estrada,,,,,,,,,,,,,,,,,,,,,,
Iron Mike Sharpe & Mitch Casey,iron mike sharpe mitch casey,169470,Iron Mike Sharpe & Mitch Casey,,,,,,,,,,,,,,,,,,,,,,
Iron Mike Sharpe & Ralph LaRue,iron mike sharpe ralph larue,161034,Iron Mike Sharpe & Ralph LaRue,,,,,,,,,,,,,,,,,,,,,,
Iron Mike Sharpe & Raymond Roy,iron mike sharpe raymond roy,158658,Iron Mike Sharpe & Raymond Roy,,,,,,,,,,,,,,,,,,,,,,
Iron Mike Sharpe & Steve Lombardi,iron mike sharpe steve lombardi,170156,Iron Mike Sharpe & Steve Lombardi,,,,,,,,,,,,,,,,,,,,,,
Iron Mike Sharpe & Sunny Beach,iron mike sharpe sunny beach,168876,Iron Mike Sharpe & Sunny Beach,,,,,,,,,,,,,,,,,,,,,,
Iron Mike Sharpe & The Black Knight,iron mike sharpe the black knight,167704,Iron Mike Sharpe & The Black Knight,,,,,,,,,,,,,,,,,,,,,,
Iron Mike Sharpe & The Intruder,iron mike sharpe the intruder,170820,Iron Mike Sharpe & The Intruder,,,,,,,,,,,,,,,,,,,,,,
Iron Mike Sharpe & Tom Ziegler,iron mike sharpe tom ziegler,168038,Iron Mike Sharpe & Tom Ziegler,,,,,,,,,,,,,,,,,,,,,,
Iron Mike Sharpe & Tony DeVito,iron mike sharpe tony devito,159280,Iron Mike Sharpe & Tony DeVito,,,,,,,,,,,,,,,,,,,,,,
Iron Mike Sharpe & Tony Ulysses,iron mike sharpe tony ulysses,170742,Iron Mike Sharpe & Tony Ulysses,,,,,,,,,,,,,,,,,,,,,,
Iron Mike Sharpe & Von Krus,iron mike sharpe von krus,161824,Iron Mike Sharpe & Von Krus,,,,,,,,,,,,,,,,,,,,,,
Irwin R. Schyster,irwin r schyster,156620,Irwin R. Schyster,,,,,,,,,,,,,,,,,,,,,,
Isaac Odugbesan,isaac odugbesan,16014,Isaac Odugbesan,,,,,,,,,,,,,,,,,,,,,,
"Isaiah ""Swerve"" Scott",isaiah swerve scott,17397,"Isaiah ""Swerve"" Scott",,,,,,,,,,,,,,,,,,,,,,
Isla Dawn,isla dawn,15571,Isla Dawn,,,,,,,,,,,,,,,,,,,,,,
It's GAL,it s gal,54605,It's GAL,,,,,,,,,,,,,,,,,,,,,,
Itsuki Yamazaki & Mami Kitamura,itsuki yamazaki mami kitamura,54095,Itsuki Yamazaki & Mami Kitamura,,,,,,,,,,,,,,,,,,,,,,
Itsuki Yamazaki & Noriyo Tateno,itsuki yamazaki noriyo tateno,171151,Itsuki Yamazaki & Noriyo Tateno,,,,,,,,,,,,,,,,,,,,,,
Ivan Koloff,ivan koloff,34168626,Ivan Koloff,,_Deceased Figthing,,,1942-08-25,Canada,,,https://r2.thesportsdb.com/images/media/player/thumb/4b0j6n1575320097.jpg,,_Deceased Figthing,,thesportsdb,,,,,,,,,
Ivan Putski,ivan putski,133861,Ivan Putski,,,,,,,,,,,,,,,,,,,,,,
Ivan Zukoff,ivan zukoff,136932,Ivan Zukoff,,,,,,,,,,,,,,,,,,,,,,
Ivar,ivar,13142,Ivar,,,,,,,,,,,,,,,,,,,,,,
Ivory,ivory,128668,Ivory,,,,,,,,,,,,,,,,,,,,,,
Ivy Nile,ivy nile,13066,Ivy Nile,,,,,,,,,,,,,,,,,,,,,,
Iyo Sky & Jordynne Grace,iyo sky jordynne grace,11515,Iyo Sky & Jordynne Grace,,,,,,,,,,,,,,,,,,,,,,
Iyo Sky & Kairi Sane,iyo sky kairi sane,12346,Iyo Sky & Kairi Sane,,,,,,,,,,,,,,,,,,,,,,
Izzi Dame,izzi dame,10355,Izzi Dame,,,,,,,,,,,,,,,,,,,,,,
Izzy Slapowitz,izzy slapowitz,166276,Izzy Slapowitz,,,,,,,,,,,,,,,,,,,,,,
J. A. Gooden,j a gooden,163156,J. A. Gooden,,,,,,,,,,,,,,,,,,,,,,
J. B. Destiny,j b destiny,153076,J. B. Destiny,,,,,,,,,,,,,,,,,,,,,,
J. C. Ice & Wolfie D.,j c ice wolfie d,5758,J. C. Ice & Wolfie D.,,,,,,,,,,,,,,,,,,,,,,
J. D. Drake,j d drake,18755,J. D. Drake,,,,,,,,,,,,,,,,,,,,,,
J. D. Michaels,j d michaels,111548,J. D. Michaels,,,,,,,,,,,,,,,,,,,,,,
J. D. Stryker,j d stryker,161546,J. D. Stryker,,,,,,,,,,,,,,,,,,,,,,
J. J. Dillon,j j dillon,175402,J. J. Dillon,,,,,,,,,,,,,,,,,,,,,,
J. J. Johnson,j j johnson,144240,J. J. Johnson,,,,,,,,,,,,,,,,,,,,,,
J. L. Superstar,j l superstar,44240,J. L. Superstar,,,,,,,,,,,,,,,,,,,,,,
J. P. Black,j p black,138554,J. P. Black,,,,,,,,,,,,,,,,,,,,,,
J. P. Parsonage & Ruffy Silverstein,j p parsonage ruffy silverstein,124442,J. P. Parsonage & Ruffy Silverstein,,,,,,,,,,,,,,,,,,,,,,
J. R. Ryder,j r ryder,130566,J. R. Ryder,,,,,,,,,,,,,,,,,,,,,,
J. S. Storm,j s storm,158058,J. S. Storm,,,,,,,,,,,,,,,,,,,,,,
J. S. Tiask,j s tiask,157148,J. S. Tiask,,,,,,,,,,,,,,,,,,,,,,
J. T. Atlas,j t atlas,47698,J. T. Atlas,,,,,,,,,,,,,,,,,,,,,,
J. T. Flash,j t flash,117262,J. T. Flash,,,,,,,,,,,,,,,,,,,,,,
J. T. Quinn,j t quinn,113388,J. T. Quinn,,,,,,,,,,,,,,,,,,,,,,
J. T. Smith,j t smith,7208,J. T. Smith,,,,,,,,,,,,,,,,,,,,,,
J. T. Thomas,j t thomas,169042,J. T. Thomas,,,,,,,,,,,,,,,,,,,,,,
J. W. Storm & Ray Raymond,j w storm ray raymond,157922,J. W. Storm & Ray Raymond,,,,,,,,,,,,,,,,,,,,,,
J. W. Storm & Tony DeVito,j w storm tony devito,159868,J. W. Storm & Tony DeVito,,,,,,,,,,,,,,,,,,,,,,
JC Mateo & Talla Tonga & Tama Tonga & Tonga Loa,jc mateo talla tonga tama tonga tonga loa,54218,JC Mateo & Talla Tonga & Tama Tonga & Tonga Loa,,,,,,,,,,,,,,,,,,,,,,
JC Mateo & Tama Tonga,jc mateo tama tonga,54675,JC Mateo & Tama Tonga,,,,,,,,,,,,,,,,,,,,,,
JC Mateo & Tonga Loa,jc mateo tonga loa,54488,JC Mateo & Tonga Loa,,,,,,,,,,,,,,,,,,,,,,
JD McDonagh,jd mcdonagh,15145,JD McDonagh,,,,,,,,,,,,,,,,,,,,,,
JDC,jdc,11858,JDC,,,,,,,,,,,,,,,,,,,,,,
JTG,jtg,97920,JTG,,,,,,,,,,,,,,,,,,,,,,
Jack Armstrong,jack armstrong,174828,Jack Armstrong,,,,,,,,,,,,,,,,,,,,,,
Jack Boot,jack boot,49988,Jack Boot,,,,,,,,,,,,,,,,,,,,,,
Jack Brisco,jack brisco,134013,Jack Brisco,,,,,,,,,,,,,,,,,,,,,,
Jack Edwards,jack edwards,131340,Jack Edwards,,,,,,,,,,,,,,,,,,,,,,
Jack Evans,jack evans,134102,Jack Evans,,,,,,,,,,,,,,,,,,,,,,
Jack Foley,jack foley,173650,Jack Foley,,,,,,,,,,,,,,,,,,,,,,
Jack Hammer,jack hammer,10176,Jack Hammer,,,,,,,,,,,,,,,,,,,,,,
Jack Hurley & Johnny Vandal,jack hurley johnny vandal,34542,Jack Hurley & Johnny Vandal,,,,,,,,,,,,,,,,,,,,,,
Jack Hurley & Ricky Starks,jack hurley ricky starks,31086,Jack Hurley & Ricky Starks,,,,,,,,,,,,,,,,,,,,,,
Jack Krueger,jack krueger,173448,Jack Krueger,,,,,,,,,,,,,,,,,,,,,,
Jack Miller,jack miller,136656,Jack Miller,,,,,,,,,,,,,,,,,,,,,,
Jack Ostermiller,jack ostermiller,136874,Jack Ostermiller,,,,,,,,,,,,,,,,,,,,,,
Jack Owens,jack owens,164288,Jack Owens,,,,,,,,,,,,,,,,,,,,,,
Jack Swagger,jack swagger,33764,Jack Swagger,,,,,,,,,,,,,,,,,,,,,,
Jack Vansky,jack vansky,135618,Jack Vansky,,,,,,,,,,,,,,,,,,,,,,
Jack Veneno,jack veneno,134362,Jack Veneno,,,,,,,,,,,,,,,,,,,,,,
Jack Victory,jack victory,9,Jack Victory,,,,,,,,,,,,,,,,,,,,,,
Jackie Fargo,jackie fargo,136959,Jackie Fargo,,,,,,,,,,,,,,,,,,,,,,
Jackie Fulton,jackie fulton,153899,Jackie Fulton,,,,,,,,,,,,,,,,,,,,,,
Jackie Gayda,jackie gayda,126163,Jackie Gayda,,,,,,,,,,,,,,,,,,,,,,
Jackson Drake,jackson drake,10533,Jackson Drake,,,,,,,,,,,,,,,,,,,,,,
Jackson James,jackson james,72130,Jackson James,,,,,,,,,,,,,,,,,,,,,,
Jacob Duncan,jacob duncan,118383,Jacob Duncan,,,,,,,,,,,,,,,,,,,,,,
Jacob Fatu,jacob fatu,55266,Jacob Fatu,,,,,,,,,,,,,,,,,,,,,,
Jacob Kaye,jacob kaye,105184,Jacob Kaye,,,,,,,,,,,,,,,,,,,,,,
Jacqueline,jacqueline,47636,Jacqueline,,,,,,,,,,,,,,,,,,,,,,
Jacques Plisken,jacques plisken,121114,Jacques Plisken,,,,,,,,,,,,,,,,,,,,,,
Jacques Rougeau & Pierre Ouellette,jacques rougeau pierre ouellette,49442,Jacques Rougeau & Pierre Ouellette,,,,,,,,,,,,,,,,,,,,,,
Jacques Rougeau & Raymond Rougeau,jacques rougeau raymond rougeau,167874,Jacques Rougeau & Raymond Rougeau,,,,,,,,,,,,,,,,,,,,,,
Jacy Jayne,jacy jayne,10311,Jacy Jayne,,,,,,,,,,,,,,,,,,,,,,
Jade Cargill,jade cargill,54333,Jade Cargill,,,,,,,,,,,,,,,,,,,,,,
Jade Gentile,jade gentile,14104,Jade Gentile,,,,,,,,,,,,,,,,,,,,,,
Jagger Reid & Rip Fowler,jagger reid rip fowler,14508,Jagger Reid & Rip Fowler,,,,,,,,,,,,,,,,,,,,,,
Jaida Parker,jaida parker,10373,Jaida Parker,,,,,,,,,,,,,,,,,,,,,,
Jaime Garcia,jaime garcia,10481,Jaime Garcia,,,,,,,,,,,,,,,,,,,,,,
Jakara Jackson,jakara jackson,11872,Jakara Jackson,,,,,,,,,,,,,,,,,,,,,,
Jake Atlas & Mercedes Martinez,jake atlas mercedes martinez,17596,Jake Atlas & Mercedes Martinez,,,,,,,,,,,,,,,,,,,,,,
Jake Carter,jake carter,35126,Jake Carter,,,,,,,,,,,,,,,,,,,,,,
Jake Constantinou,jake constantinou,75024,Jake Constantinou,,,,,,,,,,,,,,,,,,,,,,
Jake Gymini & Jesse Gymini,jake gymini jesse gymini,122173,Jake Gymini & Jesse Gymini,,,,,,,,,,,,,,,,,,,,,,
Jake Hager,jake hager,116081,Jake Hager,,,,,,,,,,,,,,,,,,,,,,
Jake Milliman,jake milliman,168640,Jake Milliman,,,,,,,,,,,,,,,,,,,,,,
Jake Roberts & Tommy Dreamer,jake roberts tommy dreamer,4215,Jake Roberts & Tommy Dreamer,,,,,,,,,,,,,,,,,,,,,,
Jake Roberts & Yokozuna,jake roberts yokozuna,155363,Jake Roberts & Yokozuna,,,,,,,,,,,,,,,,,,,,,,
Jake Steele,jake steele,156054,Jake Steele,,,,,,,,,,,,,,,,,,,,,,
Jamal & Rico & Rosey,jamal rico rosey,130835,Jamal & Rico & Rosey,,,,,,,,,,,,,,,,,,,,,,
Jamal & Rosey,jamal rosey,123135,Jamal & Rosey,,,,,,,,,,,,,,,,,,,,,,
Jamar Hampton,jamar hampton,11094,Jamar Hampton,,,,,,,,,,,,,,,,,,,,,,
James Alexander,james alexander,67040,James Alexander,,,,,,,,,,,,,,,,,,,,,,
James Bronson,james bronson,36251,James Bronson,,,,,,,,,,,,,,,,,,,,,,
James Curtis,james curtis,116230,James Curtis,,,,,,,,,,,,,,,,,,,,,,
James Dick,james dick,122802,James Dick,,,,,,,,,,,,,,,,,,,,,,
James Drake,james drake,17022,James Drake,,,,,,,,,,,,,,,,,,,,,,
James Ellsworth,james ellsworth,74616,James Ellsworth,,,,,,,,,,,,,,,,,,,,,,
James Grizzle,james grizzle,142622,James Grizzle,,,,,,,,,,,,,,,,,,,,,,
James Harden,james harden,74923,James Harden,,,,,,,,,,,,,,,,,,,,,,
James Mason,james mason,115613,James Mason,,,,,,,,,,,,,,,,,,,,,,
James Prentice & Kevin Antonio,james prentice kevin antonio,123856,James Prentice & Kevin Antonio,,,,,,,,,,,,,,,,,,,,,,
James Santos,james santos,162062,James Santos,,,,,,,,,,,,,,,,,,,,,,
James Saxton & Todd Becker,james saxton todd becker,168130,James Saxton & Todd Becker,,,,,,,,,,,,,,,,,,,,,,
James Sexton,james sexton,168156,James Sexton,,,,,,,,,,,,,,,,,,,,,,
James Storm,james storm,31325,James Storm,,,,,,,,,,,,,,,,,,,,,,
James Tapia,james tapia,71020,James Tapia,,,,,,,,,,,,,,,,,,,,,,
James White & Matthew Busch,james white matthew busch,111958,James White & Matthew Busch,,,,,,,,,,,,,,,,,,,,,,
Jamie Dundee & Mike Lozansky,jamie dundee mike lozansky,4840,Jamie Dundee & Mike Lozansky,,,,,,,,,,,,,,,,,,,,,,
Jamie Frost,jamie frost,75360,Jamie Frost,,,,,,,,,,,,,,,,,,,,,,
Jamie Howard,jamie howard,39376,Jamie Howard,,,,,,,,,,,,,,,,,,,,,,
Jamie Keyes,jamie keyes,111191,Jamie Keyes,,,,,,,,,,,,,,,,,,,,,,
Jamie Knoble & Kaz Hayashi & Leia Meow & Yun Yang,jamie knoble kaz hayashi leia meow yun yang,37651,Jamie Knoble & Kaz Hayashi & Leia Meow & Yun Yang,,,,,,,,,,,,,,,,,,,,,,
Jamie Noble & Joey Mercury,jamie noble joey mercury,88601,Jamie Noble & Joey Mercury,,,,,,,,,,,,,,,,,,,,,,
Jamie Noble & Kane,jamie noble kane,117378,Jamie Noble & Kane,,,,,,,,,,,,,,,,,,,,,,
Jamie Noble & Nidia,jamie noble nidia,129978,Jamie Noble & Nidia,,,,,,,,,,,,,,,,,,,,,,
Jamie Noble & Rey Mysterio,jamie noble rey mysterio,128942,Jamie Noble & Rey Mysterio,,,,,,,,,,,,,,,,,,,,,,
Jamie Noble & Shannon Moore,jamie noble shannon moore,116580,Jamie Noble & Shannon Moore,,,,,,,,,,,,,,,,,,,,,,
Jamie Noble & Tajiri,jamie noble tajiri,128480,Jamie Noble & Tajiri,,,,,,,,,,,,,,,,,,,,,,
Jamie-San & Jimmy Yang & Kaz Hayashi,jamie san jimmy yang kaz hayashi,37601,Jamie-San & Jimmy Yang & Kaz Hayashi,,,,,,,,,,,,,,,,,,,,,,
Jamie-San & Kaz Hayashi,jamie san kaz hayashi,38839,Jamie-San & Kaz Hayashi,,,,,,,,,,,,,,,,,,,,,,
Jamie-San & Yun Yang,jamie san yun yang,39062,Jamie-San & Yun Yang,,,,,,,,,,,,,,,,,,,,,,
Jamin Canseco & Matt Cross,jamin canseco matt cross,111562,Jamin Canseco & Matt Cross,,,,,,,,,,,,,,,,,,,,,,
Jan Nelson,jan nelson,134216,Jan Nelson,,,,,,,,,,,,,,,,,,,,,,
Jan Sheridan & Joyce Grable,jan sheridan joyce grable,135051,Jan Sheridan & Joyce Grable,,,,,,,,,,,,,,,,,,,,,,
Jared Ganim,jared ganim,115558,Jared Ganim,,,,,,,,,,,,,,,,,,,,,,
Jared Pimm & Josh Andrews,jared pimm josh andrews,81678,Jared Pimm & Josh Andrews,,,,,,,,,,,,,,,,,,,,,,
Jared Steele,jared steele,120162,Jared Steele,,,,,,,,,,,,,,,,,,,,,,
Jason Anderson,jason anderson,165390,Jason Anderson,,,,,,,,,,,,,,,,,,,,,,
Jason Arhndt,jason arhndt,151428,Jason Arhndt,,,,,,,,,,,,,,,,,,,,,,
Jason B. & Scotty O,jason b scotty o,36648,Jason B. & Scotty O,,,,,,,,,,,,,,,,,,,,,,
Jason Bates,jason bates,119832,Jason Bates,,,,,,,,,,,,,,,,,,,,,,
Jason Blackwell,jason blackwell,113174,Jason Blackwell,,,,,,,,,,,,,,,,,,,,,,
Jason Cade,jason cade,69332,Jason Cade,,,,,,,,,,,,,,,,,,,,,,
Jason Castro,jason castro,155288,Jason Castro,,,,,,,,,,,,,,,,,,,,,,
Jason Cheng,jason cheng,24996,Jason Cheng,,,,,,,,,,,,,,,,,,,,,,
Jason Goodnight,jason goodnight,146444,Jason Goodnight,,,,,,,,,,,,,,,,,,,,,,
Jason Grimm,jason grimm,154434,Jason Grimm,,,,,,,,,,,,,,,,,,,,,,
Jason Headings,jason headings,159352,Jason Headings,,,,,,,,,,,,,,,,,,,,,,
Jason Hedding & Mario Mancini,jason hedding mario mancini,164744,Jason Hedding & Mario Mancini,,,,,,,,,,,,,,,,,,,,,,
Jason Helton,jason helton,7716,Jason Helton,,,,,,,,,,,,,,,,,,,,,,
Jason Hendricks,jason hendricks,158030,Jason Hendricks,,,,,,,,,,,,,,,,,,,,,,
Jason Jett,jason jett,36579,Jason Jett,,,,,,,,,,,,,,,,,,,,,,
Jason Jones,jason jones,112540,Jason Jones,,,,,,,,,,,,,,,,,,,,,,
Jason Jordan,jason jordan,30272,Jason Jordan,,,,,,,,,,,,,,,,,,,,,,
Jason Kincaid,jason kincaid,24214,Jason Kincaid,,,,,,,,,,,,,,,,,,,,,,
Jason Knight,jason knight,2014,Jason Knight,,,,,,,,,,,,,,,,,,,,,,
Jason Lee & Johnny Swinger,jason lee johnny swinger,36702,Jason Lee & Johnny Swinger,,,,,,,,,,,,,,,,,,,,,,
Jason Myers,jason myers,118538,Jason Myers,,,,,,,,,,,,,,,,,,,,,,
Jason Pacaro & Joey Matthews,jason pacaro joey matthews,129400,Jason Pacaro & Joey Matthews,,,,,,,,,,,,,,,,,,,,,,
Jason Pacaro & Luis Ortiz,jason pacaro luis ortiz,129000,Jason Pacaro & Luis Ortiz,,,,,,,,,,,,,,,,,,,,,,
Jason Partain,jason partain,123920,Jason Partain,,,,,,,,,,,,,,,,,,,,,,
Jason Reynolds,jason reynolds,71470,Jason Reynolds,,,,,,,,,,,,,,,,,,,,,,
Jason Riggs,jason riggs,117516,Jason Riggs,,,,,,,,,,,,,,,,,,,,,,
Jason Speed,jason speed,163122,Jason Speed,,,,,,,,,,,,,,,,,,,,,,
Jason Static,jason static,118334,Jason Static,,,,,,,,,,,,,,,,,,,,,,
Jason Stone,jason stone,111732,Jason Stone,,,,,,,,,,,,,,,,,,,,,,
Jason Storm,jason storm,158320,Jason Storm,,,,,,,,,,,,,,,,,,,,,,
Jason Styles & Ryan Cool,jason styles ryan cool,119012,Jason Styles & Ryan Cool,,,,,,,,,,,,,,,,,,,,,,
Jason Sugarman & Mike Sanders,jason sugarman mike sanders,133473,Jason Sugarman & Mike Sanders,,,,,,,,,,,,,,,,,,,,,,
Jason Voltaire,jason voltaire,159724,Jason Voltaire,,,,,,,,,,,,,,,,,,,,,,
Jasper Troy,jasper troy,10315,Jasper Troy,,,,,,,,,,,,,,,,,,,,,,
Javier Bernal,javier bernal,11532,Javier Bernal,,,,,,,,,,,,,,,,,,,,,,
Jaxson Ryker & Steve Cutler,jaxson ryker steve cutler,18753,Jaxson Ryker & Steve Cutler,,,,,,,,,,,,,,,,,,,,,,
Jaxson Ryker & Wesley Blake,jaxson ryker wesley blake,19416,Jaxson Ryker & Wesley Blake,,,,,,,,,,,,,,,,,,,,,,
Jay Bradley & Justin LaRouche,jay bradley justin larouche,118536,Jay Bradley & Justin LaRouche,,,,,,,,,,,,,,,,,,,,,,
Jay Bradley & K. C. James,jay bradley k c james,118572,Jay Bradley & K. C. James,,,,,,,,,,,,,,,,,,,,,,
Jay Gilette,jay gilette,144634,Jay Gilette,,,,,,,,,,,,,,,,,,,,,,
Jay Holenback & Tony Gordina,jay holenback tony gordina,130858,Jay Holenback & Tony Gordina,,,,,,,,,,,,,,,,,,,,,,
Jay Kidd,jay kidd,145044,Jay Kidd,,,,,,,,,,,,,,,,,,,,,,
Jay Sledge,jay sledge,160884,Jay Sledge,,,,,,,,,,,,,,,,,,,,,,
Jay Stryker,jay stryker,159718,Jay Stryker,,,,,,,,,,,,,,,,,,,,,,
Jay Youngblood & Ricky Steamboat,jay youngblood ricky steamboat,176255,Jay Youngblood & Ricky Steamboat,,,,,,,,,,,,,,,,,,,,,,
Jaylee & Queen Aminata,jaylee queen aminata,72684,Jaylee & Queen Aminata,,,,,,,,,,,,,,,,,,,,,,
Jayme Hachey,jayme hachey,26578,Jayme Hachey,,,,,,,,,,,,,,,,,,,,,,
Jayme Jameson,jayme jameson,69458,Jayme Jameson,,,,,,,,,,,,,,,,,,,,,,
Jaysin Strife,jaysin strife,74674,Jaysin Strife,,,,,,,,,,,,,,,,,,,,,,
Jayson Reign & Steve Boz,jayson reign steve boz,143084,Jayson Reign & Steve Boz,,,,,,,,,,,,,,,,,,,,,,
Jazmin Allure,jazmin allure,62268,Jazmin Allure,,,,,,,,,,,,,,,,,,,,,,
Jazmyn Nyx,jazmyn nyx,11148,Jazmyn Nyx,,,,,,,,,,,,,,,,,,,,,,
Jazz,jazz,319,Jazz,,,,,,,,,,,,,,,,,,,,,,
Je'Von Evans,je von evans,10410,Je'Von Evans,,,,,,,,,,,,,,,,,,,,,,
Jean DuBois,jean dubois,135480,Jean DuBois,,,,,,,,,,,,,,,,,,,,,,
Jean-Paul Levesque,jean paul levesque,51728,Jean-Paul Levesque,,,,,,,,,,,,,,,,,,,,,,
Jean-Pierre Goulet,jean pierre goulet,76946,Jean-Pierre Goulet,,,,,,,,,,,,,,,,,,,,,,
Jean-Pierre Lafitte,jean pierre lafitte,630,Jean-Pierre Lafitte,,,,,,,,,,,,,,,,,,,,,,
Jeet Rama,jeet rama,17350,Jeet Rama,,,,,,,,,,,,,,,,,,,,,,
Jeff Armstrong,jeff armstrong,159710,Jeff Armstrong,,,,,,,,,,,,,,,,,,,,,,
Jeff Bradley,jeff bradley,48348,Jeff Bradley,,,,,,,,,,,,,,,,,,,,,,
Jeff Brooks,jeff brooks,65022,Jeff Brooks,,,,,,,,,,,,,,,,,,,,,,
Jeff Curtis,jeff curtis,169188,Jeff Curtis,,,,,,,,,,,,,,,,,,,,,,
Jeff Daniels,jeff daniels,162770,Jeff Daniels,,,,,,,,,,,,,,,,,,,,,,
Jeff Grettler,jeff grettler,155420,Jeff Grettler,,,,,,,,,,,,,,,,,,,,,,
Jeff Hardy & Matt Hardy,jeff hardy matt hardy,11717,Jeff Hardy & Matt Hardy,,,,,,,,,,,,,,,,,,,,,,
Jeff Hardy & Rey Mysterio,jeff hardy rey mysterio,73879,Jeff Hardy & Rey Mysterio,,,,,,,,,,,,,,,,,,,,,,
Jeff Hardy & Riddle,jeff hardy riddle,68822,Jeff Hardy & Riddle,,,,,,,,,,,,,,,,,,,,,,
Jeff Hardy & Tommy Dreamer,jeff hardy tommy dreamer,131900,Jeff Hardy & Tommy Dreamer,,,,,,,,,,,,,,,,,,,,,,
Jeff Harvey,jeff harvey,158086,Jeff Harvey,,,,,,,,,,,,,,,,,,,,,,
Jeff Jarrett & Owen Hart,jeff jarrett owen hart,148733,Jeff Jarrett & Owen Hart,,,,,,,,,,,,,,,,,,,,,,
Jeff Jarrett & Rick Steiner,jeff jarrett rick steiner,36635,Jeff Jarrett & Rick Steiner,,,,,,,,,,,,,,,,,,,,,,
Jeff Jarrett & Road Warrior Animal & Scott Steiner,jeff jarrett road warrior animal scott steiner,36726,Jeff Jarrett & Road Warrior Animal & Scott Steiner,,,,,,,,,,,,,,,,,,,,,,
Jeff Jarrett & Road Warrior Animal & Sid Vicious,jeff jarrett road warrior animal sid vicious,36966,Jeff Jarrett & Road Warrior Animal & Sid Vicious,,,,,,,,,,,,,,,,,,,,,,
Jeff Jarrett & Scott Steiner,jeff jarrett scott steiner,36589,Jeff Jarrett & Scott Steiner,,,,,,,,,,,,,,,,,,,,,,
Jeff Jarrett & Sid Vicious,jeff jarrett sid vicious,37006,Jeff Jarrett & Sid Vicious,,,,,,,,,,,,,,,,,,,,,,
Jeff Jarrett & Steve McMichael,jeff jarrett steve mcmichael,48594,Jeff Jarrett & Steve McMichael,,,,,,,,,,,,,,,,,,,,,,
Jeff Jarrett & The Blue Blazer,jeff jarrett the blue blazer,148828,Jeff Jarrett & The Blue Blazer,,,,,,,,,,,,,,,,,,,,,,
Jeff Jarrett & Vampiro,jeff jarrett vampiro,37386,Jeff Jarrett & Vampiro,,,,,,,,,,,,,,,,,,,,,,
Jeff Jarrett & Villano IV & Villano V,jeff jarrett villano iv villano v,38778,Jeff Jarrett & Villano IV & Villano V,,,,,,,,,,,,,,,,,,,,,,
Jeff Johnson,jeff johnson,167236,Jeff Johnson,,,,,,,,,,,,,,,,,,,,,,
Jeff Kramer,jeff kramer,166634,Jeff Kramer,,,,,,,,,,,,,,,,,,,,,,
Jeff Lavolt,jeff lavolt,156546,Jeff Lavolt,,,,,,,,,,,,,,,,,,,,,,
Jeff Lewis,jeff lewis,118064,Jeff Lewis,,,,,,,,,,,,,,,,,,,,,,
Jeff Libolt,jeff libolt,153330,Jeff Libolt,,,,,,,,,,,,,,,,,,,,,,
Jeff McAllister,jeff mcallister,116784,Jeff McAllister,,,,,,,,,,,,,,,,,,,,,,
Jeff Michaels,jeff michaels,118934,Jeff Michaels,,,,,,,,,,,,,,,,,,,,,,
Jeff O'Dea & Larry O'Dea,jeff o dea larry o dea,52918,Jeff O'Dea & Larry O'Dea,,,,,,,,,,,,,,,,,,,,,,
Jeff Palls,jeff palls,161596,Jeff Palls,,,,,,,,,,,,,,,,,,,,,,
Jeff Parker & Matt Lee,jeff parker matt lee,20376,Jeff Parker & Matt Lee,,,,,,,,,,,,,,,,,,,,,,
Jeff Pies,jeff pies,43972,Jeff Pies,,,,,,,,,,,,,,,,,,,,,,
Jeff Royal,jeff royal,10138,Jeff Royal,,,,,,,,,,,,,,,,,,,,,,
Jeff Sanders,jeff sanders,165400,Jeff Sanders,,,,,,,,,,,,,,,,,,,,,,
Jeff Sword,jeff sword,165990,Jeff Sword,,,,,,,,,,,,,,,,,,,,,,
Jeff Toso,jeff toso,167982,Jeff Toso,,,,,,,,,,,,,,,,,,,,,,
Jeffrey Parker & Matthew Menard-Lee,jeffrey parker matthew menard lee,20264,Jeffrey Parker & Matthew Menard-Lee,,,,,,,,,,,,,,,,,,,,,,
Jenna Van Bemmel,jenna van bemmel,26460,Jenna Van Bemmel,,,,,,,,,,,,,,,,,,,,,,
Jenny Brooks,jenny brooks,113326,Jenny Brooks,,,,,,,,,,,,,,,,,,,,,,
Jeremiah Riggs,jeremiah riggs,109457,Jeremiah Riggs,,,,,,,,,,,,,,,,,,,,,,
Jeremy Lopez,jeremy lopez,39026,Jeremy Lopez,,,,,,,,,,,,,,,,,,,,,,
Jeremy Young & Mike Foxx,jeremy young mike foxx,119134,Jeremy Young & Mike Foxx,,,,,,,,,,,,,,,,,,,,,,
Jermaine Haley,jermaine haley,20755,Jermaine Haley,,,,,,,,,,,,,,,,,,,,,,
Jerrito Estrada & Piratita Morgan,jerrito estrada piratita morgan,49564,Jerrito Estrada & Piratita Morgan,,,,,,,,,,,,,,,,,,,,,,
Jerry Adams,jerry adams,174700,Jerry Adams,,,,,,,,,,,,,,,,,,,,,,
Jerry Allen & Jim Parks,jerry allen jim parks,171874,Jerry Allen & Jim Parks,,,,,,,,,,,,,,,,,,,,,,
Jerry Allen & Lanny Poffo,jerry allen lanny poffo,170836,Jerry Allen & Lanny Poffo,,,,,,,,,,,,,,,,,,,,,,
Jerry Allen & Mario Mancini,jerry allen mario mancini,172022,Jerry Allen & Mario Mancini,,,,,,,,,,,,,,,,,,,,,,
Jerry Allen & Nelson Veilleux,jerry allen nelson veilleux,171060,Jerry Allen & Nelson Veilleux,,,,,,,,,,,,,,,,,,,,,,
Jerry Allen & Sivi Afi,jerry allen sivi afi,173420,Jerry Allen & Sivi Afi,,,,,,,,,,,,,,,,,,,,,,
Jerry Brisco,jerry brisco,135250,Jerry Brisco,,,,,,,,,,,,,,,,,,,,,,
Jerry Davis & Ross Greenberg,jerry davis ross greenberg,163108,Jerry Davis & Ross Greenberg,,,,,,,,,,,,,,,,,,,,,,
Jerry Faith,jerry faith,52932,Jerry Faith,,,,,,,,,,,,,,,,,,,,,,
Jerry Flynn,jerry flynn,39516,Jerry Flynn,,,,,,,,,,,,,,,,,,,,,,
Jerry Fox,jerry fox,151352,Jerry Fox,,,,,,,,,,,,,,,,,,,,,,
Jerry Gray & Rex King,jerry gray rex king,171462,Jerry Gray & Rex King,,,,,,,,,,,,,,,,,,,,,,
Jerry Grey,jerry grey,171510,Jerry Grey,,,,,,,,,,,,,,,,,,,,,,
Jerry Hall,jerry hall,171192,Jerry Hall,,,,,,,,,,,,,,,,,,,,,,
Jerry Lawler,jerry lawler,6048,Jerry Lawler,,,,,,,,,,,,,,,,,,,,,,
Jerry Lou,jerry lou,167814,Jerry Lou,,,,,,,,,,,,,,,,,,,,,,
Jerry Lynn & Johnny Swinger & Simon Diamond & Tommy Dreamer,jerry lynn johnny swinger simon diamond tommy dreamer,432,Jerry Lynn & Johnny Swinger & Simon Diamond & Tommy Dreamer,,,,,,,,,,,,,,,,,,,,,,
Jerry Lynn & Lenny Carlson,jerry lynn lenny carlson,157144,Jerry Lynn & Lenny Carlson,,,,,,,,,,,,,,,,,,,,,,
Jerry Lynn & Little Guido,jerry lynn little guido,1534,Jerry Lynn & Little Guido,,,,,,,,,,,,,,,,,,,,,,
Jerry Lynn & Masato Tanaka,jerry lynn masato tanaka,4609,Jerry Lynn & Masato Tanaka,,,,,,,,,,,,,,,,,,,,,,
Jerry Lynn & Mikey Whipwreck & Tommy Dreamer,jerry lynn mikey whipwreck tommy dreamer,387,Jerry Lynn & Mikey Whipwreck & Tommy Dreamer,,,,,,,,,,,,,,,,,,,,,,
Jerry Lynn & P. J. Walker,jerry lynn p j walker,5928,Jerry Lynn & P. J. Walker,,,,,,,,,,,,,,,,,,,,,,
Jerry Lynn & Ray Brown,jerry lynn ray brown,169092,Jerry Lynn & Ray Brown,,,,,,,,,,,,,,,,,,,,,,
Jerry Lynn & Tommy Dreamer,jerry lynn tommy dreamer,421,Jerry Lynn & Tommy Dreamer,,,,,,,,,,,,,,,,,,,,,,
Jerry Monti,jerry monti,167420,Jerry Monti,,,,,,,,,,,,,,,,,,,,,,
Jerry Only & Vampiro,jerry only vampiro,40186,Jerry Only & Vampiro,,,,,,,,,,,,,,,,,,,,,,
Jerry Price,jerry price,169736,Jerry Price,,,,,,,,,,,,,,,,,,,,,,
Jerry Sags,jerry sags,161625,Jerry Sags,,,,,,,,,,,,,,,,,,,,,,
Jerry Seavey,jerry seavey,160322,Jerry Seavey,,,,,,,,,,,,,,,,,,,,,,
Jerry Steel,jerry steel,125886,Jerry Steel,,,,,,,,,,,,,,,,,,,,,,
Jerry Stevens & Robert Taylor,jerry stevens robert taylor,162064,Jerry Stevens & Robert Taylor,,,,,,,,,,,,,,,,,,,,,,
Jerry Tuite,jerry tuite,137458,Jerry Tuite,,,,,,,,,,,,,,,,,,,,,,
Jerry Valiant,jerry valiant,174750,Jerry Valiant,,,,,,,,,,,,,,,,,,,,,,
Jessamyn Duke,jessamyn duke,20020,Jessamyn Duke,,,,,,,,,,,,,,,,,,,,,,
Jesse Carls,jesse carls,161534,Jesse Carls,,,,,,,,,,,,,,,,,,,,,,
Jesse Cortez,jesse cortez,172314,Jesse Cortez,,,,,,,,,,,,,,,,,,,,,,
Jesse Gilmore,jesse gilmore,114510,Jesse Gilmore,,,,,,,,,,,,,,,,,,,,,,
Jesse Guilmette,jesse guilmette,118864,Jesse Guilmette,,,,,,,,,,,,,,,,,,,,,,
Jesse Guyver,jesse guyver,111946,Jesse Guyver,,,,,,,,,,,,,,,,,,,,,,
Jesse Hernandez,jesse hernandez,164554,Jesse Hernandez,,,,,,,,,,,,,,,,,,,,,,
Jesse James,jesse james,152803,Jesse James,,,,,,,,,,,,,,,,,,,,,,
Jesse Knight & Max Nelson,jesse knight max nelson,166148,Jesse Knight & Max Nelson,,,,,,,,,,,,,,,,,,,,,,
Jesse Sorensen,jesse sorensen,30900,Jesse Sorensen,,,,,,,,,,,,,,,,,,,,,,
Jesse Ventura,jesse ventura,174609,Jesse Ventura,,,,,,,,,,,,,,,,,,,,,,
Jessi Kamea,jessi kamea,17482,Jessi Kamea,,,,,,,,,,,,,,,,,,,,,,
Jessica Rivera,jessica rivera,157166,Jessica Rivera,,,,,,,,,,,,,,,,,,,,,,
Jessie & Lina,jessie lina,32048,Jessie & Lina,,,,,,,,,,,,,,,,,,,,,,
Jessie Elaban,jessie elaban,20774,Jessie Elaban,,,,,,,,,,,,,,,,,,,,,,
Jessie McKay,jessie mckay,31918,Jessie McKay,,,,,,,,,,,,,,,,,,,,,,
Jessix Hill,jessix hill,24856,Jessix Hill,,,,,,,,,,,,,,,,,,,,,,
Jessy Diva Del Ring,jessy diva del ring,19820,Jessy Diva Del Ring,,,,,,,,,,,,,,,,,,,,,,
Jesus Castillo Jr.,jesus castillo jr,150768,Jesus Castillo Jr.,,,,,,,,,,,,,,,,,,,,,,
Jesus Cristobal & Little Guido,jesus cristobal little guido,1972,Jesus Cristobal & Little Guido,,,,,,,,,,,,,,,,,,,,,,
Jesus De Leon,jesus de leon,32182,Jesus De Leon,,,,,,,,,,,,,,,,,,,,,,
Jey Uso & Jimmy Uso,jey uso jimmy uso,36071,Jey Uso & Jimmy Uso,,,,,,,,,,,,,,,,,,,,,,
Jill Fontaine & Suzette Ferrara,jill fontaine suzette ferrara,176090,Jill Fontaine & Suzette Ferrara,,,,,,,,,,,,,,,,,,,,,,
Jillian Hall & Layla,jillian hall layla,115424,Jillian Hall & Layla,,,,,,,,,,,,,,,,,,,,,,
Jillian Hall & Primo,jillian hall primo,111258,Jillian Hall & Primo,,,,,,,,,,,,,,,,,,,,,,
Jillian Hall & Victoria,jillian hall victoria,117356,Jillian Hall & Victoria,,,,,,,,,,,,,,,,,,,,,,
Jim Atkinson & The Black Knight,jim atkinson the black knight,169638,Jim Atkinson & The Black Knight,,,,,,,,,,,,,,,,,,,,,,
Jim Brunzell,jim brunzell,49135,Jim Brunzell,,,,,,,,,,,,,,,,,,,,,,
Jim Chappel,jim chappel,168854,Jim Chappel,,,,,,,,,,,,,,,,,,,,,,
Jim Collier,jim collier,165592,Jim Collier,,,,,,,,,,,,,,,,,,,,,,
Jim Cooper,jim cooper,163772,Jim Cooper,,,,,,,,,,,,,,,,,,,,,,
Jim Corbitt,jim corbitt,166006,Jim Corbitt,,,,,,,,,,,,,,,,,,,,,,
Jim Cornette,jim cornette,154578,Jim Cornette,,,,,,,,,,,,,,,,,,,,,,
Jim Davis,jim davis,53176,Jim Davis,,,,,,,,,,,,,,,,,,,,,,
Jim Duggan,jim duggan,37032,Jim Duggan,,,,,,,,,,,,,,,,,,,,,,
Jim Dyer,jim dyer,157810,Jim Dyer,,,,,,,,,,,,,,,,,,,,,,
Jim Evans,jim evans,165628,Jim Evans,,,,,,,,,,,,,,,,,,,,,,
Jim Gorman,jim gorman,54131,Jim Gorman,,,,,,,,,,,,,,,,,,,,,,
Jim Grabmire,jim grabmire,137092,Jim Grabmire,,,,,,,,,,,,,,,,,,,,,,
Jim Hady,jim hady,136301,Jim Hady,,,,,,,,,,,,,,,,,,,,,,
Jim Hunter,jim hunter,162058,Jim Hunter,,,,,,,,,,,,,,,,,,,,,,
Jim Jeffries,jim jeffries,138336,Jim Jeffries,,,,,,,,,,,,,,,,,,,,,,
Jim Kolhep,jim kolhep,165888,Jim Kolhep,,,,,,,,,,,,,,,,,,,,,,
Jim Lano & Mikey Whipwreck,jim lano mikey whipwreck,9458,Jim Lano & Mikey Whipwreck,,,,,,,,,,,,,,,,,,,,,,
Jim Long,jim long,167450,Jim Long,,,,,,,,,,,,,,,,,,,,,,
Jim Magen,jim magen,168992,Jim Magen,,,,,,,,,,,,,,,,,,,,,,
Jim Massenger,jim massenger,158972,Jim Massenger,,,,,,,,,,,,,,,,,,,,,,
Jim McPherson,jim mcpherson,165282,Jim McPherson,,,,,,,,,,,,,,,,,,,,,,
Jim Megan,jim megan,168936,Jim Megan,,,,,,,,,,,,,,,,,,,,,,
Jim Merkel,jim merkel,168488,Jim Merkel,,,,,,,,,,,,,,,,,,,,,,
Jim Mulkey & Tommy Gibson,jim mulkey tommy gibson,63910,Jim Mulkey & Tommy Gibson,,,,,,,,,,,,,,,,,,,,,,
Jim Neidhart,jim neidhart,8577,Jim Neidhart,,,,,,,,,,,,,,,,,,,,,,
Jim Nord,jim nord,47923,Jim Nord,,,,,,,,,,,,,,,,,,,,,,
Jim Parks & Mike Tolar,jim parks mike tolar,113736,Jim Parks & Mike Tolar,,,,,,,,,,,,,,,,,,,,,,
Jim Peterson & Ronny Starr,jim peterson ronny starr,165394,Jim Peterson & Ronny Starr,,,,,,,,,,,,,,,,,,,,,,
Jim Peterson & The Black Knight,jim peterson the black knight,165382,Jim Peterson & The Black Knight,,,,,,,,,,,,,,,,,,,,,,
Jim Powers,jim powers,8569,Jim Powers,,,,,,,,,,,,,,,,,,,,,,
Jim Richland,jim richland,49602,Jim Richland,,,,,,,,,,,,,,,,,,,,,,
Jim Ross,jim ross,109615,Jim Ross,,,,,,,,,,,,,,,,,,,,,,
Jim Ruby,jim ruby,167252,Jim Ruby,,,,,,,,,,,,,,,,,,,,,,
Jim Rudy,jim rudy,167230,Jim Rudy,,,,,,,,,,,,,,,,,,,,,,
Jim Steele,jim steele,8694,Jim Steele,,,,,,,,,,,,,,,,,,,,,,
Jim Tilquist,jim tilquist,157572,Jim Tilquist,,,,,,,,,,,,,,,,,,,,,,
Jim Whitman & Kerry Davis,jim whitman kerry davis,165266,Jim Whitman & Kerry Davis,,,,,,,,,,,,,,,,,,,,,,
Jim Young,jim young,173072,Jim Young,,,,,,,,,,,,,,,,,,,,,,
Jimi V.,jimi v,151230,Jimi V.,,,,,,,,,,,,,,,,,,,,,,
Jimmy Arnold & Mark Scarberry,jimmy arnold mark scarberry,168790,Jimmy Arnold & Mark Scarberry,,,,,,,,,,,,,,,,,,,,,,
Jimmy Cicero,jimmy cicero,6402,Jimmy Cicero,,,,,,,,,,,,,,,,,,,,,,
Jimmy Cruz & Victor Calvio,jimmy cruz victor calvio,118994,Jimmy Cruz & Victor Calvio,,,,,,,,,,,,,,,,,,,,,,
Jimmy Del Ray,jimmy del ray,8196,Jimmy Del Ray,,,,,,,,,,,,,,,,,,,,,,
Jimmy Garvin,jimmy garvin,52230,Jimmy Garvin,,,,,,,,,,,,,,,,,,,,,,
Jimmy Graffiti,jimmy graffiti,49658,Jimmy Graffiti,,,,,,,,,,,,,,,,,,,,,,
Jimmy Hart,jimmy hart,37210,Jimmy Hart,,,,,,,,,,,,,,,,,,,,,,
Jimmy Havoc,jimmy havoc,79029,Jimmy Havoc,,,,,,,,,,,,,,,,,,,,,,
Jimmy Jack Funk & Rick Renslow,jimmy jack funk rick renslow,173778,Jimmy Jack Funk & Rick Renslow,,,,,,,,,,,,,,,,,,,,,,
Jimmy Jack Funk & Steve Regal,jimmy jack funk steve regal,173910,Jimmy Jack Funk & Steve Regal,,,,,,,,,,,,,,,,,,,,,,
Jimmy Jack Funk & The Gladiator,jimmy jack funk the gladiator,173264,Jimmy Jack Funk & The Gladiator,,,,,,,,,,,,,,,,,,,,,,
Jimmy Jack Funk & The Raider,jimmy jack funk the raider,172870,Jimmy Jack Funk & The Raider,,,,,,,,,,,,,,,,,,,,,,
Jimmy Jacobs,jimmy jacobs,124496,Jimmy Jacobs,,,,,,,,,,,,,,,,,,,,,,
Jimmy Jact Cash,jimmy jact cash,118748,Jimmy Jact Cash,,,,,,,,,,,,,,,,,,,,,,
Jimmy James & Keith Thompson,jimmy james keith thompson,74230,Jimmy James & Keith Thompson,,,,,,,,,,,,,,,,,,,,,,
Jimmy Jannetty,jimmy jannetty,10096,Jimmy Jannetty,,,,,,,,,,,,,,,,,,,,,,
Jimmy Rave,jimmy rave,125540,Jimmy Rave,,,,,,,,,,,,,,,,,,,,,,
Jimmy Shoulders,jimmy shoulders,5266,Jimmy Shoulders,,,,,,,,,,,,,,,,,,,,,,
Jimmy Snuka & Jr.,jimmy snuka jr,145665,Jimmy Snuka & Jr.,,,,,,,,,,,,,,,,,,,,,,
Jimmy Snuka & Tasmaniac,jimmy snuka tasmaniac,9363,Jimmy Snuka & Tasmaniac,,,,,,,,,,,,,,,,,,,,,,
Jimmy Uso & Naomi,jimmy uso naomi,73626,Jimmy Uso & Naomi,,,,,,,,,,,,,,,,,,,,,,
Jimmy Valiant & Johnny Valentine,jimmy valiant johnny valentine,134788,Jimmy Valiant & Johnny Valentine,,,,,,,,,,,,,,,,,,,,,,
Jimmy Vegas & Nick Dinsmore,jimmy vegas nick dinsmore,129230,Jimmy Vegas & Nick Dinsmore,,,,,,,,,,,,,,,,,,,,,,
Jimmy Vipers,jimmy vipers,148841,Jimmy Vipers,,,,,,,,,,,,,,,,,,,,,,
Jimmy Wang Yang,jimmy wang yang,112269,Jimmy Wang Yang,,,,,,,,,,,,,,,,,,,,,,
Jin Tala,jin tala,10798,Jin Tala,,,,,,,,,,,,,,,,,,,,,,
Jinder Mahal & Sanga & Veer Mahaan,jinder mahal sanga veer mahaan,15426,Jinder Mahal & Sanga & Veer Mahaan,,,,,,,,,,,,,,,,,,,,,,
Jinny & Killer Kelly,jinny killer kelly,74410,Jinny & Killer Kelly,,,,,,,,,,,,,,,,,,,,,,
JoJo,jojo,34356,JoJo,,,,,,,,,,,,,,,,,,,,,,
Joan King,joan king,75448,Joan King,,,,,,,,,,,,,,,,,,,,,,
Joaquin Wilde & Raul Mendoza,joaquin wilde raul mendoza,17008,Joaquin Wilde & Raul Mendoza,,,,,,,,,,,,,,,,,,,,,,
Jody Kristofferson,jody kristofferson,108778,Jody Kristofferson,,,,,,,,,,,,,,,,,,,,,,
Joe Alonzo,joe alonzo,65106,Joe Alonzo,,,,,,,,,,,,,,,,,,,,,,
Joe Brenan,joe brenan,160226,Joe Brenan,,,,,,,,,,,,,,,,,,,,,,
Joe Cazana & Rick Horner,joe cazana rick horner,168522,Joe Cazana & Rick Horner,,,,,,,,,,,,,,,,,,,,,,
Joe Champ,joe champ,167188,Joe Champ,,,,,,,,,,,,,,,,,,,,,,
Joe Coffey & Mark Coffey & Wolfgang,joe coffey mark coffey wolfgang,11529,Joe Coffey & Mark Coffey & Wolfgang,,,,,,,,,,,,,,,,,,,,,,
Joe Coffey & Wolfgang,joe coffey wolfgang,12393,Joe Coffey & Wolfgang,,,,,,,,,,,,,,,,,,,,,,
Joe Cox,joe cox,135666,Joe Cox,,,,,,,,,,,,,,,,,,,,,,
Joe Cruz & Lanny Poffo,joe cruz lanny poffo,169838,Joe Cruz & Lanny Poffo,,,,,,,,,,,,,,,,,,,,,,
Joe Cruz & Mark Brown,joe cruz mark brown,169230,Joe Cruz & Mark Brown,,,,,,,,,,,,,,,,,,,,,,
Joe Dorgan,joe dorgan,156082,Joe Dorgan,,,,,,,,,,,,,,,,,,,,,,
Joe E. Legend,joe e legend,130151,Joe E. Legend,,,,,,,,,,,,,,,,,,,,,,
Joe Gacy,joe gacy,13187,Joe Gacy,,,,,,,,,,,,,,,,,,,,,,
Joe Gomez,joe gomez,42797,Joe Gomez,,,,,,,,,,,,,,,,,,,,,,
Joe Hancock,joe hancock,156352,Joe Hancock,,,,,,,,,,,,,,,,,,,,,,
Joe Hendry,joe hendry,10319,Joe Hendry,,,,,,,,,,,,,,,,,,,,,,
Joe Hennig & Steve Fender,joe hennig steve fender,118362,Joe Hennig & Steve Fender,,,,,,,,,,,,,,,,,,,,,,
Joe Latu,joe latu,170350,Joe Latu,,,,,,,,,,,,,,,,,,,,,,
Joe Malenko,joe malenko,8781,Joe Malenko,,,,,,,,,,,,,,,,,,,,,,
Joe McMullen,joe mcmullen,162676,Joe McMullen,,,,,,,,,,,,,,,,,,,,,,
Joe Milano,joe milano,163144,Joe Milano,,,,,,,,,,,,,,,,,,,,,,
Joe Mirto,joe mirto,171454,Joe Mirto,,,,,,,,,,,,,,,,,,,,,,
Joe Perez,joe perez,121814,Joe Perez,,,,,,,,,,,,,,,,,,,,,,
Joe Perkins & Laverne McGill,joe perkins laverne mcgill,162670,Joe Perkins & Laverne McGill,,,,,,,,,,,,,,,,,,,,,,
Joe Power,joe power,9594,Joe Power,,,,,,,,,,,,,,,,,,,,,,
Joe Richards,joe richards,163006,Joe Richards,,,,,,,,,,,,,,,,,,,,,,
Joe Steele,joe steele,162988,Joe Steele,,,,,,,,,,,,,,,,,,,,,,
Joe Sturnam & Mark Frear,joe sturnam mark frear,167490,Joe Sturnam & Mark Frear,,,,,,,,,,,,,,,,,,,,,,
Joe Thunder & Max Moon & Mike Khoury & Tommy Dreamer,joe thunder max moon mike khoury tommy dreamer,9809,Joe Thunder & Max Moon & Mike Khoury & Tommy Dreamer,,,,,,,,,,,,,,,,,,,,,,
Joe Turco,joe turco,134186,Joe Turco,,,,,,,,,,,,,,,,,,,,,,
Joe Turner,joe turner,166270,Joe Turner,,,,,,,,,,,,,,,,,,,,,,
Joeasa,joeasa,70954,Joeasa,,,,,,,,,,,,,,,,,,,,,,
Joel Gertner,joel gertner,285,Joel Gertner,,,,,,,,,,,,,,,,,,,,,,
Joel Hartgood,joel hartgood,7977,Joel Hartgood,,,,,,,,,,,,,,,,,,,,,,
Joel Maximo & Jose Maximo,joel maximo jose maximo,125150,Joel Maximo & Jose Maximo,,,,,,,,,,,,,,,,,,,,,,
Joey Abs,joey abs,143045,Joey Abs,,,,,,,,,,,,,,,,,,,,,,
Joey Blalock,joey blalock,118904,Joey Blalock,,,,,,,,,,,,,,,,,,,,,,
Joey Gray,joey gray,108226,Joey Gray,,,,,,,,,,,,,,,,,,,,,,
Joey Maggs,joey maggs,47280,Joey Maggs,,,,,,,,,,,,,,,,,,,,,,
Joey Matthews & Matt Cappotelli,joey matthews matt cappotelli,129514,Joey Matthews & Matt Cappotelli,,,,,,,,,,,,,,,,,,,,,,
Joey Mercury & Luke Gallows,joey mercury luke gallows,111386,Joey Mercury & Luke Gallows,,,,,,,,,,,,,,,,,,,,,,
Joey O'Riley,joey o riley,70772,Joey O'Riley,,,,,,,,,,,,,,,,,,,,,,
Joey Pistachio,joey pistachio,18096,Joey Pistachio,,,,,,,,,,,,,,,,,,,,,,
Joey Russell & Little Beaver,joey russell little beaver,135134,Joey Russell & Little Beaver,,,,,,,,,,,,,,,,,,,,,,
Joey Russell & Sonny Boy Hayes,joey russell sonny boy hayes,135466,Joey Russell & Sonny Boy Hayes,,,,,,,,,,,,,,,,,,,,,,
Joey Ryan,joey ryan,108718,Joey Ryan,,,,,,,,,,,,,,,,,,,,,,
Joey Saunders,joey saunders,1512,Joey Saunders,,,,,,,,,,,,,,,,,,,,,,
Joey Slick,joey slick,144580,Joey Slick,,,,,,,,,,,,,,,,,,,,,,
Joey Sollins,joey sollins,158822,Joey Sollins,,,,,,,,,,,,,,,,,,,,,,
Joey Stallings,joey stallings,159424,Joey Stallings,,,,,,,,,,,,,,,,,,,,,,
Joey Tempest,joey tempest,161030,Joey Tempest,,,,,,,,,,,,,,,,,,,,,,
John Allen,john allen,163672,John Allen,,,,,,,,,,,,,,,,,,,,,,
John Armstrong,john armstrong,162994,John Armstrong,,,,,,,,,,,,,,,,,,,,,,
John Betcha,john betcha,48294,John Betcha,,,,,,,,,,,,,,,,,,,,,,
John Blitz,john blitz,49696,John Blitz,,,,,,,,,,,,,,,,,,,,,,
John Bradshaw Layfield,john bradshaw layfield,114924,John Bradshaw Layfield,,,,,,,,,,,,,,,,,,,,,,
John Cena,john cena,34160739,John Cena,,_Retired Wrestling,,,1977-04-23,United States,,,https://r2.thesportsdb.com/images/media/player/thumb/rtxqup1472466638.jpg,,_Retired Wrestling,,thesportsdb,,,,,,,,,
John Chrystal,john chrystal,155918,John Chrystal,,,,,,,,,,,,,,,,,,,,,,
John Crystal & Mike Khoury,john crystal mike khoury,156590,John Crystal & Mike Khoury,,,,,,,,,,,,,,,,,,,,,,
John Crystal & P. J. Walker,john crystal p j walker,159526,John Crystal & P. J. Walker,,,,,,,,,,,,,,,,,,,,,,
John Cutler,john cutler,116930,John Cutler,,,,,,,,,,,,,,,,,,,,,,
John D'Silva,john d silva,149707,John D'Silva,,,,,,,,,,,,,,,,,,,,,,
John Diamond & Rodney Allen,john diamond rodney allen,7248,John Diamond & Rodney Allen,,,,,,,,,,,,,,,,,,,,,,
John Faulkner & Mike Diamond,john faulkner mike diamond,154430,John Faulkner & Mike Diamond,,,,,,,,,,,,,,,,,,,,,,
John Gullen,john gullen,163216,John Gullen,,,,,,,,,,,,,,,,,,,,,,
John Hennigan,john hennigan,128200,John Hennigan,,,,,,,,,,,,,,,,,,,,,,
John Hugger,john hugger,40615,John Hugger,,,,,,,,,,,,,,,,,,,,,,
John Icarino & Michael Cuellari,john icarino michael cuellari,34712,John Icarino & Michael Cuellari,,,,,,,,,,,,,,,,,,,,,,
John Jackson & Steve Regal,john jackson steve regal,173766,John Jackson & Steve Regal,,,,,,,,,,,,,,,,,,,,,,
John Jirus,john jirus,138678,John Jirus,,,,,,,,,,,,,,,,,,,,,,
John Justice,john justice,167940,John Justice,,,,,,,,,,,,,,,,,,,,,,
John Kronus,john kronus,3600,John Kronus,,,,,,,,,,,,,,,,,,,,,,
John Krupp,john krupp,148196,John Krupp,,,,,,,,,,,,,,,,,,,,,,
John L. Sullivan,john l sullivan,135520,John L. Sullivan,,,,,,,,,,,,,,,,,,,,,,
John Latu,john latu,169802,John Latu,,,,,,,,,,,,,,,,,,,,,,
John McChesney,john mcchesney,121878,John McChesney,,,,,,,,,,,,,,,,,,,,,,
John Morrison,john morrison,66402,John Morrison,,,,,,,,,,,,,,,,,,,,,,
John Nardow,john nardow,173818,John Nardow,,,,,,,,,,,,,,,,,,,,,,
John Nord,john nord,47147,John Nord,,,,,,,,,,,,,,,,,,,,,,
John Paul,john paul,45868,John Paul,,,,,,,,,,,,,,,,,,,,,,
John Pinzaro,john pinzaro,128114,John Pinzaro,,,,,,,,,,,,,,,,,,,,,,
John Price & Larry Seigal,john price larry seigal,163684,John Price & Larry Seigal,,,,,,,,,,,,,,,,,,,,,,
John Rechner,john rechner,162252,John Rechner,,,,,,,,,,,,,,,,,,,,,,
John Rizzo,john rizzo,174692,John Rizzo,,,,,,,,,,,,,,,,,,,,,,
John Rock & Mr. Perez,john rock mr perez,10130,John Rock & Mr. Perez,,,,,,,,,,,,,,,,,,,,,,
John Rock & The Anchor,john rock the anchor,10014,John Rock & The Anchor,,,,,,,,,,,,,,,,,,,,,,
John Senowski,john senowski,156836,John Senowski,,,,,,,,,,,,,,,,,,,,,,
John Sexton,john sexton,167972,John Sexton,,,,,,,,,,,,,,,,,,,,,,
John Silver,john silver,24436,John Silver,,,,,,,,,,,,,,,,,,,,,,
John Skyler,john skyler,24828,John Skyler,,,,,,,,,,,,,,,,,,,,,,
John Tenta,john tenta,41605,John Tenta,,,,,,,,,,,,,,,,,,,,,,
John Tolos,john tolos,134864,John Tolos,,,,,,,,,,,,,,,,,,,,,,
John Valkower,john valkower,173362,John Valkower,,,,,,,,,,,,,,,,,,,,,,
John Wayne & Steve Boz,john wayne steve boz,144314,John Wayne & Steve Boz,,,,,,,,,,,,,,,,,,,,,,
John Wilcox & Tommy Dreamer,john wilcox tommy dreamer,1486,John Wilcox & Tommy Dreamer,,,,,,,,,,,,,,,,,,,,,,
John Williams & Navajo Warrior,john williams navajo warrior,119934,John Williams & Navajo Warrior,,,,,,,,,,,,,,,,,,,,,,
John Wise & Max McGiver,john wise max mcgiver,169266,John Wise & Max McGiver,,,,,,,,,,,,,,,,,,,,,,
John Yates & Tim Yates,john yates tim yates,170924,John Yates & Tim Yates,,,,,,,,,,,,,,,,,,,,,,
John Yurnet,john yurnet,80384,John Yurnet,,,,,,,,,,,,,,,,,,,,,,
John Ziegler,john ziegler,169492,John Ziegler,,,,,,,,,,,,,,,,,,,,,,
Johnny & Kenny,johnny kenny,120737,Johnny & Kenny,,,,,,,,,,,,,,,,,,,,,,
Johnny & Mikey,johnny mikey,120928,Johnny & Mikey,,,,,,,,,,,,,,,,,,,,,,
Johnny Accabella,johnny accabella,49962,Johnny Accabella,,,,,,,,,,,,,,,,,,,,,,
Johnny Andrews,johnny andrews,113074,Johnny Andrews,,,,,,,,,,,,,,,,,,,,,,
Johnny Attitude,johnny attitude,40144,Johnny Attitude,,,,,,,,,,,,,,,,,,,,,,
Johnny B. Badd,johnny b badd,51030,Johnny B. Badd,,,,,,,,,,,,,,,,,,,,,,
Johnny Barend,johnny barend,136535,Johnny Barend,,,,,,,,,,,,,,,,,,,,,,
Johnny Blade & Joseph White,johnny blade joseph white,155414,Johnny Blade & Joseph White,,,,,,,,,,,,,,,,,,,,,,
Johnny Boone,johnny boone,40414,Johnny Boone,,,,,,,,,,,,,,,,,,,,,,
Johnny Carr,johnny carr,136088,Johnny Carr,,,,,,,,,,,,,,,,,,,,,,
Johnny Curtis,johnny curtis,36366,Johnny Curtis,,,,,,,,,,,,,,,,,,,,,,
Johnny DeFazio,johnny defazio,136505,Johnny DeFazio,,,,,,,,,,,,,,,,,,,,,,
Johnny Devine & The Musketeer,johnny devine the musketeer,226,Johnny Devine & The Musketeer,,,,,,,,,,,,,,,,,,,,,,
Johnny Gargano,johnny gargano,10748,Johnny Gargano,,,,,,,,,,,,,,,,,,,,,,
Johnny Grunge & Mikey Whipwreck & Rocco Rock,johnny grunge mikey whipwreck rocco rock,8479,Johnny Grunge & Mikey Whipwreck & Rocco Rock,,,,,,,,,,,,,,,,,,,,,,
Johnny Grunge & Rocco Rock,johnny grunge rocco rock,8217,Johnny Grunge & Rocco Rock,,,,,,,,,,,,,,,,,,,,,,
Johnny Gunn,johnny gunn,9815,Johnny Gunn,,,,,,,,,,,,,,,,,,,,,,
Johnny Heartbreaker & Slyck Wagner Brown,johnny heartbreaker slyck wagner brown,126014,Johnny Heartbreaker & Slyck Wagner Brown,,,,,,,,,,,,,,,,,,,,,,
Johnny Hot Body,johnny hot body,8902,Johnny Hot Body,,,,,,,,,,,,,,,,,,,,,,
Johnny Jeter,johnny jeter,118801,Johnny Jeter,,,,,,,,,,,,,,,,,,,,,,
Johnny K-9,johnny k 9,172708,Johnny K-9,,,,,,,,,,,,,,,,,,,,,,
Johnny Knoxville,johnny knoxville,65133,Johnny Knoxville,,,,,,,,,,,,,,,,,,,,,,
Johnny Lee,johnny lee,163220,Johnny Lee,,,,,,,,,,,,,,,,,,,,,,
Johnny Lyons,johnny lyons,73130,Johnny Lyons,,,,,,,,,,,,,,,,,,,,,,
Johnny Mann & Sivi Afi,johnny mann sivi afi,173804,Johnny Mann & Sivi Afi,,,,,,,,,,,,,,,,,,,,,,
Johnny Meadows,johnny meadows,53974,Johnny Meadows,,,,,,,,,,,,,,,,,,,,,,
Johnny Nitro,johnny nitro,119091,Johnny Nitro,,,,,,,,,,,,,,,,,,,,,,
Johnny Ocean,johnny ocean,78910,Johnny Ocean,,,,,,,,,,,,,,,,,,,,,,
Johnny Paradise & The American Ninja & The Comet,johnny paradise the american ninja the comet,9802,Johnny Paradise & The American Ninja & The Comet,,,,,,,,,,,,,,,,,,,,,,
Johnny Parisi,johnny parisi,118628,Johnny Parisi,,,,,,,,,,,,,,,,,,,,,,
Johnny Polo,johnny polo,159142,Johnny Polo,,,,,,,,,,,,,,,,,,,,,,
Johnny Rich,johnny rich,51954,Johnny Rich,,,,,,,,,,,,,,,,,,,,,,
Johnny Rivera,johnny rivera,134122,Johnny Rivera,,,,,,,,,,,,,,,,,,,,,,
Johnny Rodz,johnny rodz,133872,Johnny Rodz,,,,,,,,,,,,,,,,,,,,,,
Johnny Sawyer,johnny sawyer,54135,Johnny Sawyer,,,,,,,,,,,,,,,,,,,,,,
Johnny Slaughter,johnny slaughter,131828,Johnny Slaughter,,,,,,,,,,,,,,,,,,,,,,
Johnny Smith,johnny smith,2144,Johnny Smith,,,,,,,,,,,,,,,,,,,,,,
Johnny Stamboli,johnny stamboli,126520,Johnny Stamboli,,,,,,,,,,,,,,,,,,,,,,
Johnny Starr,johnny starr,142292,Johnny Starr,,,,,,,,,,,,,,,,,,,,,,
Johnny Wild,johnny wild,50666,Johnny Wild,,,,,,,,,,,,,,,,,,,,,,
Johnny Yates,johnny yates,170616,Johnny Yates,,,,,,,,,,,,,,,,,,,,,,
Johnny Z,johnny z,160417,Johnny Z,,,,,,,,,,,,,,,,,,,,,,
Jolly Cholly,jolly cholly,136536,Jolly Cholly,,,,,,,,,,,,,,,,,,,,,,
Jon Cruz,jon cruz,28014,Jon Cruz,,,,,,,,,,,,,,,,,,,,,,
Jon Davis,jon davis,115678,Jon Davis,,,,,,,,,,,,,,,,,,,,,,
Jon Heidenreich,jon heidenreich,128566,Jon Heidenreich,,,,,,,,,,,,,,,,,,,,,,
Jon Moxley,jon moxley,120258,Jon Moxley,,,,,,,,,,,,,,,,,,,,,,
Jon Stewart,jon stewart,171390,Jon Stewart,,,,,,,,,,,,,,,,,,,,,,
Jonah Niesenbaum,jonah niesenbaum,13196,Jonah Niesenbaum,,,,,,,,,,,,,,,,,,,,,,
Jonathan Coachman,jonathan coachman,118302,Jonathan Coachman,,,,,,,,,,,,,,,,,,,,,,
Jonathan Ortagun & Mike Marshall,jonathan ortagun mike marshall,27590,Jonathan Ortagun & Mike Marshall,,,,,,,,,,,,,,,,,,,,,,
Jonathan Pierce,jonathan pierce,75316,Jonathan Pierce,,,,,,,,,,,,,,,,,,,,,,
Jordan Devlin,jordan devlin,17734,Jordan Devlin,,,,,,,,,,,,,,,,,,,,,,
Jordan Myles,jordan myles,20200,Jordan Myles,,,,,,,,,,,,,,,,,,,,,,
Jordan Oasis,jordan oasis,55232,Jordan Oasis,,,,,,,,,,,,,,,,,,,,,,
Jordan Omogbehin,jordan omogbehin,19649,Jordan Omogbehin,,,,,,,,,,,,,,,,,,,,,,
Jordynne Grace & Myles Borne,jordynne grace myles borne,10443,Jordynne Grace & Myles Borne,,,,,,,,,,,,,,,,,,,,,,
Jorel Nelson,jorel nelson,82678,Jorel Nelson,,,,,,,,,,,,,,,,,,,,,,
Jorge Arias & Julio Cruz,jorge arias julio cruz,112882,Jorge Arias & Julio Cruz,,,,,,,,,,,,,,,,,,,,,,
Jorge Bolly,jorge bolly,18521,Jorge Bolly,,,,,,,,,,,,,,,,,,,,,,
Jorge Estrada,jorge estrada,800,Jorge Estrada,,,,,,,,,,,,,,,,,,,,,,
Jose Estrada & Steve Lombardi,jose estrada steve lombardi,172118,Jose Estrada & Steve Lombardi,,,,,,,,,,,,,,,,,,,,,,
Jose Estrada Jr.,jose estrada jr,148057,Jose Estrada Jr.,,,,,,,,,,,,,,,,,,,,,,
Jose Gonzales,jose gonzales,134215,Jose Gonzales,,,,,,,,,,,,,,,,,,,,,,
Jose Lothario Jr.,jose lothario jr,47016,Jose Lothario Jr.,,,,,,,,,,,,,,,,,,,,,,
Jose Luis Rivera,jose luis rivera,54162,Jose Luis Rivera,,,,,,,,,,,,,,,,,,,,,,
Jose Martinez,jose martinez,161422,Jose Martinez,,,,,,,,,,,,,,,,,,,,,,
Jose Quesada,jose quesada,125392,Jose Quesada,,,,,,,,,,,,,,,,,,,,,,
Jose Quinoses,jose quinoses,136482,Jose Quinoses,,,,,,,,,,,,,,,,,,,,,,
Jose Vargas,jose vargas,108732,Jose Vargas,,,,,,,,,,,,,,,,,,,,,,
Joseph Average,joseph average,68309,Joseph Average,,,,,,,,,,,,,,,,,,,,,,
Joseph Conners,joseph conners,23508,Joseph Conners,,,,,,,,,,,,,,,,,,,,,,
Joseph Torres & Robert Adams,joseph torres robert adams,63292,Joseph Torres & Robert Adams,,,,,,,,,,,,,,,,,,,,,,
Josh Black,josh black,11966,Josh Black,,,,,,,,,,,,,,,,,,,,,,
Josh Briggs,josh briggs,10487,Josh Briggs,,,,,,,,,,,,,,,,,,,,,,
Josh Daniels,josh daniels,115516,Josh Daniels,,,,,,,,,,,,,,,,,,,,,,
Josh Mathews,josh mathews,126329,Josh Mathews,,,,,,,,,,,,,,,,,,,,,,
Josh Morrell,josh morrell,73828,Josh Morrell,,,,,,,,,,,,,,,,,,,,,,
Josh Shields,josh shields,105172,Josh Shields,,,,,,,,,,,,,,,,,,,,,,
Josh Stroud,josh stroud,169696,Josh Stroud,,,,,,,,,,,,,,,,,,,,,,
Josh Woods,josh woods,29212,Josh Woods,,,,,,,,,,,,,,,,,,,,,,
Joshua Black & Lucky Ali,joshua black lucky ali,13506,Joshua Black & Lucky Ali,,,,,,,,,,,,,,,,,,,,,,
Joshua Kingsley,joshua kingsley,86844,Joshua Kingsley,,,,,,,,,,,,,,,,,,,,,,
Joy Giovanni,joy giovanni,125932,Joy Giovanni,,,,,,,,,,,,,,,,,,,,,,
Joyce Grable & Vivian St. John,joyce grable vivian st john,176428,Joyce Grable & Vivian St. John,,,,,,,,,,,,,,,,,,,,,,
Joyce Grable & Winona Littleheart,joyce grable winona littleheart,133900,Joyce Grable & Winona Littleheart,,,,,,,,,,,,,,,,,,,,,,
Jr. & Kidman & Rey Misterio,jr kidman rey misterio,36623,Jr. & Kidman & Rey Misterio,,,,,,,,,,,,,,,,,,,,,,
Jr. & Lizmark & Psicosis,jr lizmark psicosis,45390,Jr. & Lizmark & Psicosis,,,,,,,,,,,,,,,,,,,,,,
Jr. & Lizmark & Villano V,jr lizmark villano v,40462,Jr. & Lizmark & Villano V,,,,,,,,,,,,,,,,,,,,,,
Jr. & Ray Mendoza,jr ray mendoza,49160,Jr. & Ray Mendoza,,,,,,,,,,,,,,,,,,,,,,
Jr. & Rey Misterio,jr rey misterio,8041,Jr. & Rey Misterio,,,,,,,,,,,,,,,,,,,,,,
Jr. & Treach Phillips,jr treach phillips,151286,Jr. & Treach Phillips,,,,,,,,,,,,,,,,,,,,,,
Juan Caruso,juan caruso,135080,Juan Caruso,,,,,,,,,,,,,,,,,,,,,,
Juan Valdez,juan valdez,169836,Juan Valdez,,,,,,,,,,,,,,,,,,,,,,
Juan Xavier,juan xavier,123210,Juan Xavier,,,,,,,,,,,,,,,,,,,,,,
Judas Devlin,judas devlin,35718,Judas Devlin,,,,,,,,,,,,,,,,,,,,,,
Judas Young,judas young,119868,Judas Young,,,,,,,,,,,,,,,,,,,,,,
Judge Dread,judge dread,8068,Judge Dread,,,,,,,,,,,,,,,,,,,,,,
Judo Suwa,judo suwa,45636,Judo Suwa,,,,,,,,,,,,,,,,,,,,,,
Judy Grable,judy grable,136542,Judy Grable,,,,,,,,,,,,,,,,,,,,,,
Judy Martin,judy martin,169352,Judy Martin,,,,,,,,,,,,,,,,,,,,,,
Juggernaut & Ladies Choice & Michelle Starr & Rockford,juggernaut ladies choice michelle starr rockford,37880,Juggernaut & Ladies Choice & Michelle Starr & Rockford,,,,,,,,,,,,,,,,,,,,,,
Jules Strongbow,jules strongbow,175634,Jules Strongbow,,,,,,,,,,,,,,,,,,,,,,
Julia Ho,julia ho,26490,Julia Ho,,,,,,,,,,,,,,,,,,,,,,
Julio Fantastico & Ty Street,julio fantastico ty street,146010,Julio Fantastico & Ty Street,,,,,,,,,,,,,,,,,,,,,,
Julio Sanchez,julio sanchez,212,Julio Sanchez,,,,,,,,,,,,,,,,,,,,,,
Jumbo Baretta,jumbo baretta,157620,Jumbo Baretta,,,,,,,,,,,,,,,,,,,,,,
Junkyard Dog,junkyard dog,9811,Junkyard Dog,,,,,,,,,,,,,,,,,,,,,,
Jushin Liger,jushin liger,40181,Jushin Liger,,,,,,,,,,,,,,,,,,,,,,
Jushin Thunder Liger,jushin thunder liger,31921,Jushin Thunder Liger,,,,,,,,,,,,,,,,,,,,,,
Just Joe,just joe,143048,Just Joe,,,,,,,,,,,,,,,,,,,,,,
Justin Alexander & Justin Morris,justin alexander justin morris,71490,Justin Alexander & Justin Morris,,,,,,,,,,,,,,,,,,,,,,
Justin Bradshaw,justin bradshaw,150661,Justin Bradshaw,,,,,,,,,,,,,,,,,,,,,,
Justin Credible,justin credible,17,Justin Credible,,,,,,,,,,,,,,,,,,,,,,
Justin Gabriel,justin gabriel,33770,Justin Gabriel,,,,,,,,,,,,,,,,,,,,,,
Justin Pencano,justin pencano,123138,Justin Pencano,,,,,,,,,,,,,,,,,,,,,,
Justin Rocheleau,justin rocheleau,143610,Justin Rocheleau,,,,,,,,,,,,,,,,,,,,,,
Justin Storm & Ricky Martinez,justin storm ricky martinez,23770,Justin Storm & Ricky Martinez,,,,,,,,,,,,,,,,,,,,,,
Justin Taylor,justin taylor,162790,Justin Taylor,,,,,,,,,,,,,,,,,,,,,,
Justin Xavier,justin xavier,22470,Justin Xavier,,,,,,,,,,,,,,,,,,,,,,
Juventud Guerrera,juventud guerrera,8042,Juventud Guerrera,,,,,,,,,,,,,,,,,,,,,,
K-Krush,k krush,143857,K-Krush,,,,,,,,,,,,,,,,,,,,,,
K-Kwik,k kwik,140606,K-Kwik,,,,,,,,,,,,,,,,,,,,,,
K. C. Cleric,k c cleric,161452,K. C. Cleric,,,,,,,,,,,,,,,,,,,,,,
K. C. Sunshine,k c sunshine,49684,K. C. Sunshine,,,,,,,,,,,,,,,,,,,,,,
KAORU,kaoru,49731,KAORU,,,,,,,,,,,,,,,,,,,,,,
KJ Orso,kj orso,70814,KJ Orso,,,,,,,,,,,,,,,,,,,,,,
KUSHIDA,kushida,17054,KUSHIDA,,,,,,,,,,,,,,,,,,,,,,
Kacy Catanzaro & Kairi Sane,kacy catanzaro kairi sane,23355,Kacy Catanzaro & Kairi Sane,,,,,,,,,,,,,,,,,,,,,,
Kacy Catanzaro & Kayden Carter,kacy catanzaro kayden carter,17076,Kacy Catanzaro & Kayden Carter,,,,,,,,,,,,,,,,,,,,,,
Kacy Catanzaro & Steffanie Newell,kacy catanzaro steffanie newell,23657,Kacy Catanzaro & Steffanie Newell,,,,,,,,,,,,,,,,,,,,,,
Kafu & Ollie John,kafu ollie john,119978,Kafu & Ollie John,,,,,,,,,,,,,,,,,,,,,,
Kai Douglas,kai douglas,69662,Kai Douglas,,,,,,,,,,,,,,,,,,,,,,
Kai Katana,kai katana,29434,Kai Katana,,,,,,,,,,,,,,,,,,,,,,
Kairi Sane & Liv Morgan,kairi sane liv morgan,25785,Kairi Sane & Liv Morgan,,,,,,,,,,,,,,,,,,,,,,
Kairi Sane & Ruby Riot,kairi sane ruby riot,25727,Kairi Sane & Ruby Riot,,,,,,,,,,,,,,,,,,,,,,
Kaitlyn,kaitlyn,35665,Kaitlyn,,,,,,,,,,,,,,,,,,,,,,
Kale Dixon & Skylor Clinton,kale dixon skylor clinton,15082,Kale Dixon & Skylor Clinton,,,,,,,,,,,,,,,,,,,,,,
Kali Armstrong,kali armstrong,10601,Kali Armstrong,,,,,,,,,,,,,,,,,,,,,,
Kalisto & Sin Cara (II),kalisto sin cara ii,31916,Kalisto & Sin Cara (II),,,,,,,,,,,,,,,,,,,,,,
Kalyx,kalyx,56072,Kalyx,,,,,,,,,,,,,,,,,,,,,,
Kam Hendrix,kam hendrix,10366,Kam Hendrix,,,,,,,,,,,,,,,,,,,,,,
Kamala & Mr. Fuji,kamala mr fuji,162942,Kamala & Mr. Fuji,,,,,,,,,,,,,,,,,,,,,,
Kamala 2,kamala 2,2605,Kamala 2,,,,,,,,,,,,,,,,,,,,,,
Kane & Kole,kane kole,52094,Kane & Kole,,,,,,,,,,,,,,,,,,,,,,
Kane & Matt Hardy,kane matt hardy,114681,Kane & Matt Hardy,,,,,,,,,,,,,,,,,,,,,,
Kane & Rey Mysterio,kane rey mysterio,112100,Kane & Rey Mysterio,,,,,,,,,,,,,,,,,,,,,,
Kane & Road Dogg,kane road dogg,147996,Kane & Road Dogg,,,,,,,,,,,,,,,,,,,,,,
Kane & Scott Steiner,kane scott steiner,131412,Kane & Scott Steiner,,,,,,,,,,,,,,,,,,,,,,
Kane & Test,kane test,143750,Kane & Test,,,,,,,,,,,,,,,,,,,,,,
Kanyon & Road Warrior Animal,kanyon road warrior animal,36582,Kanyon & Road Warrior Animal,,,,,,,,,,,,,,,,,,,,,,
Kanyon & Shawn Stasiak,kanyon shawn stasiak,140992,Kanyon & Shawn Stasiak,,,,,,,,,,,,,,,,,,,,,,
Kanyon & Steve Austin,kanyon steve austin,140706,Kanyon & Steve Austin,,,,,,,,,,,,,,,,,,,,,,
Kaos & Rage,kaos rage,46189,Kaos & Rage,,,,,,,,,,,,,,,,,,,,,,
Karen Lundy & Samantha Simon,karen lundy samantha simon,74534,Karen Lundy & Samantha Simon,,,,,,,,,,,,,,,,,,,,,,
Karissa Rivera,karissa rivera,22448,Karissa Rivera,,,,,,,,,,,,,,,,,,,,,,
Karl Anderson & Luke Gallows,karl anderson luke gallows,12424,Karl Anderson & Luke Gallows,,,,,,,,,,,,,,,,,,,,,,
Karl Gotch,karl gotch,135383,Karl Gotch,,,,,,,,,,,,,,,,,,,,,,
Karl Kovacs,karl kovacs,135610,Karl Kovacs,,,,,,,,,,,,,,,,,,,,,,
Karl Steif,karl steif,135890,Karl Steif,,,,,,,,,,,,,,,,,,,,,,
Karl von Hess,karl von hess,136527,Karl von Hess,,,,,,,,,,,,,,,,,,,,,,
Karmen Petrovic,karmen petrovic,10298,Karmen Petrovic,,,,,,,,,,,,,,,,,,,,,,
Karrion Kross,karrion kross,17510,Karrion Kross,,,,,,,,,,,,,,,,,,,,,,
Kassius Ohno,kassius ohno,19280,Kassius Ohno,,,,,,,,,,,,,,,,,,,,,,
Katana Chance & Kayden Carter,katana chance kayden carter,15152,Katana Chance & Kayden Carter,,,,,,,,,,,,,,,,,,,,,,
Kato & Kevin Kruger,kato kevin kruger,163260,Kato & Kevin Kruger,,,,,,,,,,,,,,,,,,,,,,
Kato & Mr. Fuji,kato mr fuji,165440,Kato & Mr. Fuji,,,,,,,,,,,,,,,,,,,,,,
Kato & Rich Mitchell,kato rich mitchell,163320,Kato & Rich Mitchell,,,,,,,,,,,,,,,,,,,,,,
Kato & Tanaka,kato tanaka,164012,Kato & Tanaka,,,,,,,,,,,,,,,,,,,,,,
Katrina Cortez,katrina cortez,17450,Katrina Cortez,,,,,,,,,,,,,,,,,,,,,,
Kaval,kaval,110390,Kaval,,,,,,,,,,,,,,,,,,,,,,
Kavita Devi,kavita devi,20344,Kavita Devi,,,,,,,,,,,,,,,,,,,,,,
Kayden Carter & Raquel Rodriguez,kayden carter raquel rodriguez,56872,Kayden Carter & Raquel Rodriguez,,,,,,,,,,,,,,,,,,,,,,
Kayla Inlay,kayla inlay,17112,Kayla Inlay,,,,,,,,,,,,,,,,,,,,,,
Kaz Hayashi & La Parka,kaz hayashi la parka,40445,Kaz Hayashi & La Parka,,,,,,,,,,,,,,,,,,,,,,
Kaz Hayashi & Silver King,kaz hayashi silver king,43347,Kaz Hayashi & Silver King,,,,,,,,,,,,,,,,,,,,,,
Kaz Hayashi & Yun Yang,kaz hayashi yun yang,36577,Kaz Hayashi & Yun Yang,,,,,,,,,,,,,,,,,,,,,,
Keagan Scott & Taylor Garland,keagan scott taylor garland,66776,Keagan Scott & Taylor Garland,,,,,,,,,,,,,,,,,,,,,,
Keanu Carver,keanu carver,10307,Keanu Carver,,,,,,,,,,,,,,,,,,,,,,
Keita Murray,keita murray,22236,Keita Murray,,,,,,,,,,,,,,,,,,,,,,
Keith Clayball,keith clayball,75066,Keith Clayball,,,,,,,,,,,,,,,,,,,,,,
Keith Cole & Kent Cole,keith cole kent cole,52363,Keith Cole & Kent Cole,,,,,,,,,,,,,,,,,,,,,,
Keith Davis,keith davis,159106,Keith Davis,,,,,,,,,,,,,,,,,,,,,,
Keith Franke,keith franke,134616,Keith Franke,,,,,,,,,,,,,,,,,,,,,,
Keith Lee,keith lee,18174,Keith Lee,,,,,,,,,,,,,,,,,,,,,,
Keith Scherer,keith scherer,9434,Keith Scherer,,,,,,,,,,,,,,,,,,,,,,
Keith Steinborn,keith steinborn,165996,Keith Steinborn,,,,,,,,,,,,,,,,,,,,,,
Keith Watkins,keith watkins,171164,Keith Watkins,,,,,,,,,,,,,,,,,,,,,,
Kelani Jordan,kelani jordan,10314,Kelani Jordan,,,,,,,,,,,,,,,,,,,,,,
Kelly Kelly & Layla,kelly kelly layla,105021,Kelly Kelly & Layla,,,,,,,,,,,,,,,,,,,,,,
Kelly Kelly & Maria Menounos,kelly kelly maria menounos,105581,Kelly Kelly & Maria Menounos,,,,,,,,,,,,,,,,,,,,,,
Kelly Kelly & Naomi,kelly kelly naomi,110900,Kelly Kelly & Naomi,,,,,,,,,,,,,,,,,,,,,,
Kelly Kelly & Tiffany,kelly kelly tiffany,111588,Kelly Kelly & Tiffany,,,,,,,,,,,,,,,,,,,,,,
Kelly Kelly & Tommy Dreamer,kelly kelly tommy dreamer,117037,Kelly Kelly & Tommy Dreamer,,,,,,,,,,,,,,,,,,,,,,
Kelly Kelly & Trinity,kelly kelly trinity,120264,Kelly Kelly & Trinity,,,,,,,,,,,,,,,,,,,,,,
Ken Anderson,ken anderson,124497,Ken Anderson,,,,,,,,,,,,,,,,,,,,,,
Ken Doane,ken doane,107386,Ken Doane,,,,,,,,,,,,,,,,,,,,,,
Ken Garrison,ken garrison,160346,Ken Garrison,,,,,,,,,,,,,,,,,,,,,,
Ken Glover & Steve Lombardi,ken glover steve lombardi,173950,Ken Glover & Steve Lombardi,,,,,,,,,,,,,,,,,,,,,,
Ken Hamilton,ken hamilton,160886,Ken Hamilton,,,,,,,,,,,,,,,,,,,,,,
Ken Johnson,ken johnson,162040,Ken Johnson,,,,,,,,,,,,,,,,,,,,,,
Ken Kennedy,ken kennedy,124207,Ken Kennedy,,,,,,,,,,,,,,,,,,,,,,
Ken Lucia,ken lucia,159502,Ken Lucia,,,,,,,,,,,,,,,,,,,,,,
Ken Patera,ken patera,134026,Ken Patera,,,,,,,,,,,,,,,,,,,,,,
Ken Raper,ken raper,155924,Ken Raper,,,,,,,,,,,,,,,,,,,,,,
Ken Reha,ken reha,154030,Ken Reha,,,,,,,,,,,,,,,,,,,,,,
Ken Shamrock,ken shamrock,147546,Ken Shamrock,,,,,,,,,,,,,,,,,,,,,,
Ken Wayne,ken wayne,162804,Ken Wayne,,,,,,,,,,,,,,,,,,,,,,
Kendal Grey,kendal grey,10305,Kendal Grey,,,,,,,,,,,,,,,,,,,,,,
Kendall Windham,kendall windham,8995,Kendall Windham,,,,,,,,,,,,,,,,,,,,,,
Kendo & Silver King & Venum II,kendo silver king venum ii,43689,Kendo & Silver King & Venum II,,,,,,,,,,,,,,,,,,,,,,
Kennedy Cummins,kennedy cummins,13868,Kennedy Cummins,,,,,,,,,,,,,,,,,,,,,,
Kennedy Lewis,kennedy lewis,28004,Kennedy Lewis,,,,,,,,,,,,,,,,,,,,,,
Kenneth Cameron,kenneth cameron,36139,Kenneth Cameron,,,,,,,,,,,,,,,,,,,,,,
Kenneth Johnson,kenneth johnson,70662,Kenneth Johnson,,,,,,,,,,,,,,,,,,,,,,
Kenny & Mikey,kenny mikey,81272,Kenny & Mikey,,,,,,,,,,,,,,,,,,,,,,
Kenny Ackles,kenny ackles,136253,Kenny Ackles,,,,,,,,,,,,,,,,,,,,,,
Kenny Alfonso & Mat Fitchett,kenny alfonso mat fitchett,75650,Kenny Alfonso & Mat Fitchett,,,,,,,,,,,,,,,,,,,,,,
Kenny David,kenny david,158344,Kenny David,,,,,,,,,,,,,,,,,,,,,,
Kenny Dykstra,kenny dykstra,115960,Kenny Dykstra,,,,,,,,,,,,,,,,,,,,,,
Kenny Hendrix,kenny hendrix,154632,Kenny Hendrix,,,,,,,,,,,,,,,,,,,,,,
Kenny Kaos,kenny kaos,40450,Kenny Kaos,,,,,,,,,,,,,,,,,,,,,,
Kenny Kendall,kenny kendall,52416,Kenny Kendall,,,,,,,,,,,,,,,,,,,,,,
Kenny Knievel,kenny knievel,121928,Kenny Knievel,,,,,,,,,,,,,,,,,,,,,,
Kenny Shaw & The Shadow,kenny shaw the shadow,51046,Kenny Shaw & The Shadow,,,,,,,,,,,,,,,,,,,,,,
Kenny Williams,kenny williams,23467,Kenny Williams,,,,,,,,,,,,,,,,,,,,,,
Kensuke Sasaki,kensuke sasaki,49556,Kensuke Sasaki,,,,,,,,,,,,,,,,,,,,,,
Kent Carlson & Paul Perez,kent carlson paul perez,166526,Kent Carlson & Paul Perez,,,,,,,,,,,,,,,,,,,,,,
Kent Carlson & Tom Bennett,kent carlson tom bennett,167102,Kent Carlson & Tom Bennett,,,,,,,,,,,,,,,,,,,,,,
Kent Carlson & Tom Stone,kent carlson tom stone,163566,Kent Carlson & Tom Stone,,,,,,,,,,,,,,,,,,,,,,
Kent Carlson & Wilt Jones,kent carlson wilt jones,167268,Kent Carlson & Wilt Jones,,,,,,,,,,,,,,,,,,,,,,
Kenzo Suzuki,kenzo suzuki,125660,Kenzo Suzuki,,,,,,,,,,,,,,,,,,,,,,
Kerry Davis & Mark Kay,kerry davis mark kay,163384,Kerry Davis & Mark Kay,,,,,,,,,,,,,,,,,,,,,,
Kerry Davis & Tony DeVito,kerry davis tony devito,158308,Kerry Davis & Tony DeVito,,,,,,,,,,,,,,,,,,,,,,
Kerry Von Erich,kerry von erich,9987,Kerry Von Erich,,,,,,,,,,,,,,,,,,,,,,
Kerwin White,kerwin white,123793,Kerwin White,,,,,,,,,,,,,,,,,,,,,,
Kevin Armstrong,kevin armstrong,161132,Kevin Armstrong,,,,,,,,,,,,,,,,,,,,,,
Kevin Bennett,kevin bennett,74986,Kevin Bennett,,,,,,,,,,,,,,,,,,,,,,
Kevin Brooks,kevin brooks,113864,Kevin Brooks,,,,,,,,,,,,,,,,,,,,,,
Kevin DeTiberus & Vinny Scalice,kevin detiberus vinny scalice,75212,Kevin DeTiberus & Vinny Scalice,,,,,,,,,,,,,,,,,,,,,,
Kevin Federline,kevin federline,120395,Kevin Federline,,,,,,,,,,,,,,,,,,,,,,
Kevin Fertig,kevin fertig,121626,Kevin Fertig,,,,,,,,,,,,,,,,,,,,,,
Kevin Flynn,kevin flynn,151358,Kevin Flynn,,,,,,,,,,,,,,,,,,,,,,
Kevin Green & Scott Williams,kevin green scott williams,166086,Kevin Green & Scott Williams,,,,,,,,,,,,,,,,,,,,,,
Kevin Greene,kevin greene,45604,Kevin Greene,,,,,,,,,,,,,,,,,,,,,,
Kevin Katlin,kevin katlin,164220,Kevin Katlin,,,,,,,,,,,,,,,,,,,,,,
Kevin Kelly,kevin kelly,47809,Kevin Kelly,,,,,,,,,,,,,,,,,,,,,,
Kevin Killman,kevin killman,144754,Kevin Killman,,,,,,,,,,,,,,,,,,,,,,
Kevin Krueger,kevin krueger,129360,Kevin Krueger,,,,,,,,,,,,,,,,,,,,,,
Kevin Kruger & Shawn Patrick,kevin kruger shawn patrick,163280,Kevin Kruger & Shawn Patrick,,,,,,,,,,,,,,,,,,,,,,
Kevin Landry,kevin landry,140918,Kevin Landry,,,,,,,,,,,,,,,,,,,,,,
Kevin Martinson & Tommy Wilson,kevin martinson tommy wilson,122196,Kevin Martinson & Tommy Wilson,,,,,,,,,,,,,,,,,,,,,,
Kevin Matthews,kevin matthews,125674,Kevin Matthews,,,,,,,,,,,,,,,,,,,,,,
Kevin Michaelson & Scott Colton,kevin michaelson scott colton,169058,Kevin Michaelson & Scott Colton,,,,,,,,,,,,,,,,,,,,,,
Kevin Nash,kevin nash,36774,Kevin Nash,,,,,,,,,,,,,,,,,,,,,,
Kevin Neal,kevin neal,161592,Kevin Neal,,,,,,,,,,,,,,,,,,,,,,
Kevin Night,kevin night,130180,Kevin Night,,,,,,,,,,,,,,,,,,,,,,
Kevin Northcutt & Khris Germany,kevin northcutt khris germany,147644,Kevin Northcutt & Khris Germany,,,,,,,,,,,,,,,,,,,,,,
Kevin Northcutt & Roadkill,kevin northcutt roadkill,4368,Kevin Northcutt & Roadkill,,,,,,,,,,,,,,,,,,,,,,
Kevin Owens,kevin owens,31932,Kevin Owens,,,,,,,,,,,,,,,,,,,,,,
Kevin Quinn,kevin quinn,6502,Kevin Quinn,,,,,,,,,,,,,,,,,,,,,,
Kevin Robertson,kevin robertson,14092,Kevin Robertson,,,,,,,,,,,,,,,,,,,,,,
Kevin Starr,kevin starr,149392,Kevin Starr,,,,,,,,,,,,,,,,,,,,,,
Kevin Sullivan,kevin sullivan,9123,Kevin Sullivan,,,,,,,,,,,,,,,,,,,,,,
Kevin Theophile-Catherine,kevin theophile catherine,34145348,Kevin Theophile-Catherine,,Dinamo Zagreb,,,1989-10-28,France,,,https://r2.thesportsdb.com/images/media/player/thumb/yssgcx1551630624.jpg,,Dinamo Zagreb,,thesportsdb,,,,,,,,,
Kevin Thorn & Tommy Dreamer,kevin thorn tommy dreamer,118552,Kevin Thorn & Tommy Dreamer,,,,,,,,,,,,,,,,,,,,,,
Kevin Von Erich,kevin von erich,176311,Kevin Von Erich,,,,,,,,,,,,,,,,,,,,,,
Kevin Zion,kevin zion,82036,Kevin Zion,,,,,,,,,,,,,,,,,,,,,,
Khalsa Singh,khalsa singh,130582,Khalsa Singh,,,,,,,,,,,,,,,,,,,,,,
Khaluber & MacGruber,khaluber macgruber,112131,Khaluber & MacGruber,,,,,,,,,,,,,,,,,,,,,,
Khash & Randy Hawkins,khash randy hawkins,84964,Khash & Randy Hawkins,,,,,,,,,,,,,,,,,,,,,,
Khash Marazi & Ryan Toombs,khash marazi ryan toombs,63546,Khash Marazi & Ryan Toombs,,,,,,,,,,,,,,,,,,,,,,
Khris Germany & Todd Overbow,khris germany todd overbow,163878,Khris Germany & Todd Overbow,,,,,,,,,,,,,,,,,,,,,,
Khris Kannonball,khris kannonball,148433,Khris Kannonball,,,,,,,,,,,,,,,,,,,,,,
Kiana James,kiana james,13525,Kiana James,,,,,,,,,,,,,,,,,,,,,,
Kid Chocolate & Sky Low Low,kid chocolate sky low low,176072,Kid Chocolate & Sky Low Low,,,,,,,,,,,,,,,,,,,,,,
Kid Flash,kid flash,51028,Kid Flash,,,,,,,,,,,,,,,,,,,,,,
Kid Kash,kid kash,76,Kid Kash,,,,,,,,,,,,,,,,,,,,,,
Kidman & Madusa,kidman madusa,37703,Kidman & Madusa,,,,,,,,,,,,,,,,,,,,,,
Kidman & Vampiro,kidman vampiro,39396,Kidman & Vampiro,,,,,,,,,,,,,,,,,,,,,,
Killer Khan,killer khan,171792,Killer Khan,,,,,,,,,,,,,,,,,,,,,,
Killer Kowalski,killer kowalski,134744,Killer Kowalski,,,,,,,,,,,,,,,,,,,,,,
Killian Dain,killian dain,17634,Killian Dain,,,,,,,,,,,,,,,,,,,,,,
Kim Arnold & Mike Starberry,kim arnold mike starberry,168762,Kim Arnold & Mike Starberry,,,,,,,,,,,,,,,,,,,,,,
Kim Chee,kim chee,161228,Kim Chee,,,,,,,,,,,,,,,,,,,,,,
Kim Neilsen,kim neilsen,137289,Kim Neilsen,,,,,,,,,,,,,,,,,,,,,,
Kim Yates,kim yates,169206,Kim Yates,,,,,,,,,,,,,,,,,,,,,,
Kimber Lee,kimber lee,27370,Kimber Lee,,,,,,,,,,,,,,,,,,,,,,
Kimberly Frankele,kimberly frankele,26964,Kimberly Frankele,,,,,,,,,,,,,,,,,,,,,,
Kimberly Page,kimberly page,38772,Kimberly Page,,,,,,,,,,,,,,,,,,,,,,
King Barrett,king barrett,84454,King Barrett,,,,,,,,,,,,,,,,,,,,,,
King Booker,king booker,118742,King Booker,,,,,,,,,,,,,,,,,,,,,,
King Constantine,king constantine,29111,King Constantine,,,,,,,,,,,,,,,,,,,,,,
King Corbin,king corbin,67844,King Corbin,,,,,,,,,,,,,,,,,,,,,,
King Curtis Iaukea,king curtis iaukea,135079,King Curtis Iaukea,,,,,,,,,,,,,,,,,,,,,,
King Kahlua,king kahlua,10123,King Kahlua,,,,,,,,,,,,,,,,,,,,,,
King Kaluha & Scott Summers,king kaluha scott summers,10052,King Kaluha & Scott Summers,,,,,,,,,,,,,,,,,,,,,,
King Kong,king kong,52254,King Kong,,,,,,,,,,,,,,,,,,,,,,
King Nakamura,king nakamura,66871,King Nakamura,,,,,,,,,,,,,,,,,,,,,,
King Tonga,king tonga,174054,King Tonga,,,,,,,,,,,,,,,,,,,,,,
King Woods,king woods,65241,King Woods,,,,,,,,,,,,,,,,,,,,,,
Kintaro Kanemura,kintaro kanemura,870,Kintaro Kanemura,,,,,,,,,,,,,,,,,,,,,,
Kip Abee,kip abee,50565,Kip Abee,,,,,,,,,,,,,,,,,,,,,,
Kip Stevens,kip stevens,70880,Kip Stevens,,,,,,,,,,,,,,,,,,,,,,
Kishan Raftar,kishan raftar,24714,Kishan Raftar,,,,,,,,,,,,,,,,,,,,,,
Kit Carson,kit carson,149891,Kit Carson,,,,,,,,,,,,,,,,,,,,,,
Kitana Baker,kitana baker,130887,Kitana Baker,,,,,,,,,,,,,,,,,,,,,,
Kitty Adams,kitty adams,134540,Kitty Adams,,,,,,,,,,,,,,,,,,,,,,
Kiyah Saint,kiyah saint,13385,Kiyah Saint,,,,,,,,,,,,,,,,,,,,,,
Kizarny,kizarny,115367,Kizarny,,,,,,,,,,,,,,,,,,,,,,
Klondike Bill,klondike bill,136313,Klondike Bill,,,,,,,,,,,,,,,,,,,,,,
Knuckles Madsen,knuckles madsen,34885,Knuckles Madsen,,,,,,,,,,,,,,,,,,,,,,
Knuckles Nelson,knuckles nelson,147738,Knuckles Nelson,,,,,,,,,,,,,,,,,,,,,,
Knuckles the Clown,knuckles the clown,35224,Knuckles the Clown,,,,,,,,,,,,,,,,,,,,,,
Kodiak Bear,kodiak bear,10088,Kodiak Bear,,,,,,,,,,,,,,,,,,,,,,
Kofi Kingston,kofi kingston,15761,Kofi Kingston,,,,,,,,,,,,,,,,,,,,,,
Koji Kanemoto,koji kanemoto,51323,Koji Kanemoto,,,,,,,,,,,,,,,,,,,,,,
Koji Nakagawa,koji nakagawa,8224,Koji Nakagawa,,,,,,,,,,,,,,,,,,,,,,
Koko B Ware,koko b ware,123942,Koko B Ware,,,,,,,,,,,,,,,,,,,,,,
Kona Reeves,kona reeves,18712,Kona Reeves,,,,,,,,,,,,,,,,,,,,,,
Konnan,konnan,8214,Konnan,,,,,,,,,,,,,,,,,,,,,,
Konnor & Viktor,konnor viktor,31114,Konnor & Viktor,,,,,,,,,,,,,,,,,,,,,,
Konnor O'Brian & Rick Viktor,konnor o brian rick viktor,34799,Konnor O'Brian & Rick Viktor,,,,,,,,,,,,,,,,,,,,,,
Kota Ibushi,kota ibushi,28466,Kota Ibushi,,,,,,,,,,,,,,,,,,,,,,
Kris Starr & Riley Apex,kris starr riley apex,25276,Kris Starr & Riley Apex,,,,,,,,,,,,,,,,,,,,,,
Kristal Marshall,kristal marshall,119282,Kristal Marshall,,,,,,,,,,,,,,,,,,,,,,
Kung Fu Naki,kung fu naki,107691,Kung Fu Naki,,,,,,,,,,,,,,,,,,,,,,
Kurasawa,kurasawa,50160,Kurasawa,,,,,,,,,,,,,,,,,,,,,,
Kurrgan,kurrgan,149592,Kurrgan,,,,,,,,,,,,,,,,,,,,,,
Kurt Angle,kurt angle,72868,Kurt Angle,,,,,,,,,,,,,,,,,,,,,,
Kurt Hoffman,kurt hoffman,172042,Kurt Hoffman,,,,,,,,,,,,,,,,,,,,,,
Kurt Kaufman,kurt kaufman,173788,Kurt Kaufman,,,,,,,,,,,,,,,,,,,,,,
Kurt von Stroheim,kurt von stroheim,136956,Kurt von Stroheim,,,,,,,,,,,,,,,,,,,,,,
Kwang,kwang,156907,Kwang,,,,,,,,,,,,,,,,,,,,,,
Kwee Wee,kwee wee,36604,Kwee Wee,,,,,,,,,,,,,,,,,,,,,,
Kyle Busch,kyle busch,71070,Kyle Busch,,,,,,,,,,,,,,,,,,,,,,
Kyle McNealy,kyle mcnealy,128148,Kyle McNealy,,,,,,,,,,,,,,,,,,,,,,
Kyle O'Reilly,kyle o reilly,17258,Kyle O'Reilly,,,,,,,,,,,,,,,,,,,,,,
Kyle Roberts,kyle roberts,71164,Kyle Roberts,,,,,,,,,,,,,,,,,,,,,,
Kylie Rae,kylie rae,55225,Kylie Rae,,,,,,,,,,,,,,,,,,,,,,
Kyoko Inoue,kyoko inoue,159176,Kyoko Inoue,,,,,,,,,,,,,,,,,,,,,,
L. A. Gore,l a gore,160942,L. A. Gore,,,,,,,,,,,,,,,,,,,,,,
L. A. Smooth,l a smooth,7598,L. A. Smooth,,,,,,,,,,,,,,,,,,,,,,
L.A. Knight,l a knight,17000,L.A. Knight,,,,,,,,,,,,,,,,,,,,,,
La Cucharacha,la cucharacha,42938,La Cucharacha,,,,,,,,,,,,,,,,,,,,,,
La Pantera Serena,la pantera serena,157204,La Pantera Serena,,,,,,,,,,,,,,,,,,,,,,
La Parka & Norman Smiley,la parka norman smiley,43348,La Parka & Norman Smiley,,,,,,,,,,,,,,,,,,,,,,
La Parka & Psicosis,la parka psicosis,8390,La Parka & Psicosis,,,,,,,,,,,,,,,,,,,,,,
La Parka & Silver King,la parka silver king,39719,La Parka & Silver King,,,,,,,,,,,,,,,,,,,,,,
La Parka & The Artist,la parka the artist,39409,La Parka & The Artist,,,,,,,,,,,,,,,,,,,,,,
La Parka & Villano IV & Villano V,la parka villano iv villano v,47076,La Parka & Villano IV & Villano V,,,,,,,,,,,,,,,,,,,,,,
Lacey Evans,lacey evans,21923,Lacey Evans,,,,,,,,,,,,,,,,,,,,,,
Lacey Lane,lacey lane,20023,Lacey Lane,,,,,,,,,,,,,,,,,,,,,,
Lady Alexandra,lady alexandra,7488,Lady Alexandra,,,,,,,,,,,,,,,,,,,,,,
Lady Conga,lady conga,5950,Lady Conga,,,,,,,,,,,,,,,,,,,,,,
Lady Ophelia,lady ophelia,144068,Lady Ophelia,,,,,,,,,,,,,,,,,,,,,,
Lainey Reid,lainey reid,10297,Lainey Reid,,,,,,,,,,,,,,,,,,,,,,
Lana,lana,26957,Lana,,,,,,,,,,,,,,,,,,,,,,
Lance Allen,lance allen,169080,Lance Allen,,,,,,,,,,,,,,,,,,,,,,
Lance Anoa'i & Rhett Titus,lance anoa i rhett titus,91090,Lance Anoa'i & Rhett Titus,,,,,,,,,,,,,,,,,,,,,,
Lance Cade,lance cade,115840,Lance Cade,,,,,,,,,,,,,,,,,,,,,,
Lance Diamond,lance diamond,2880,Lance Diamond,,,,,,,,,,,,,,,,,,,,,,
Lance Ringo,lance ringo,48992,Lance Ringo,,,,,,,,,,,,,,,,,,,,,,
Lance Sanders & Phil Adams,lance sanders phil adams,113562,Lance Sanders & Phil Adams,,,,,,,,,,,,,,,,,,,,,,
Lance Storm,lance storm,894,Lance Storm,,,,,,,,,,,,,,,,,,,,,,
Lane & Rave,lane rave,38932,Lane & Rave,,,,,,,,,,,,,,,,,,,,,,
Lane Carlson,lane carlson,48894,Lane Carlson,,,,,,,,,,,,,,,,,,,,,,
Lanny Kean,lanny kean,50720,Lanny Kean,,,,,,,,,,,,,,,,,,,,,,
Lanny Poffo & Leo Stroheim,lanny poffo leo stroheim,173360,Lanny Poffo & Leo Stroheim,,,,,,,,,,,,,,,,,,,,,,
Lanny Poffo & Mario Mancini & Sivi Afi,lanny poffo mario mancini sivi afi,172968,Lanny Poffo & Mario Mancini & Sivi Afi,,,,,,,,,,,,,,,,,,,,,,
Lanny Poffo & Mark Richards,lanny poffo mark richards,172426,Lanny Poffo & Mark Richards,,,,,,,,,,,,,,,,,,,,,,
Lanny Poffo & Scott Casey,lanny poffo scott casey,170738,Lanny Poffo & Scott Casey,,,,,,,,,,,,,,,,,,,,,,
Lanny Poffo & Sivi Afi,lanny poffo sivi afi,172634,Lanny Poffo & Sivi Afi,,,,,,,,,,,,,,,,,,,,,,
Lanny Scott Turner & Victor Lewis,lanny scott turner victor lewis,156458,Lanny Scott Turner & Victor Lewis,,,,,,,,,,,,,,,,,,,,,,
Laredo Kid & Marcus Mathers,laredo kid marcus mathers,54880,Laredo Kid & Marcus Mathers,,,,,,,,,,,,,,,,,,,,,,
Larry Brun,larry brun,150650,Larry Brun,,,,,,,,,,,,,,,,,,,,,,
Larry Chene,larry chene,136963,Larry Chene,,,,,,,,,,,,,,,,,,,,,,
Larry Croy,larry croy,159774,Larry Croy,,,,,,,,,,,,,,,,,,,,,,
Larry Destiny,larry destiny,142192,Larry Destiny,,,,,,,,,,,,,,,,,,,,,,
Larry Greenwood & Synn,larry greenwood synn,131132,Larry Greenwood & Synn,,,,,,,,,,,,,,,,,,,,,,
Larry Hennig,larry hennig,134916,Larry Hennig,,,,,,,,,,,,,,,,,,,,,,
Larry Kameron & Scott Bazo,larry kameron scott bazo,165562,Larry Kameron & Scott Bazo,,,,,,,,,,,,,,,,,,,,,,
Larry Kruger,larry kruger,170706,Larry Kruger,,,,,,,,,,,,,,,,,,,,,,
Larry Lawson,larry lawson,168188,Larry Lawson,,,,,,,,,,,,,,,,,,,,,,
Larry Ludden,larry ludden,161442,Larry Ludden,,,,,,,,,,,,,,,,,,,,,,
Larry McGill & Sid Garrison,larry mcgill sid garrison,159748,Larry McGill & Sid Garrison,,,,,,,,,,,,,,,,,,,,,,
Larry Sampson & Mike Starr,larry sampson mike starr,155286,Larry Sampson & Mike Starr,,,,,,,,,,,,,,,,,,,,,,
Larry Santo,larry santo,49138,Larry Santo,,,,,,,,,,,,,,,,,,,,,,
Larry Sharpe,larry sharpe,134106,Larry Sharpe,,,,,,,,,,,,,,,,,,,,,,
Larry Simpson,larry simpson,170792,Larry Simpson,,,,,,,,,,,,,,,,,,,,,,
Larry Tyler,larry tyler,135678,Larry Tyler,,,,,,,,,,,,,,,,,,,,,,
Larry Williams,larry williams,163880,Larry Williams,,,,,,,,,,,,,,,,,,,,,,
Larry Winters,larry winters,9970,Larry Winters,,,,,,,,,,,,,,,,,,,,,,
Larry Zbyszko,larry zbyszko,40196,Larry Zbyszko,,,,,,,,,,,,,,,,,,,,,,
Lars Sullivan,lars sullivan,22235,Lars Sullivan,,,,,,,,,,,,,,,,,,,,,,
Lash LeRoux,lash leroux,36750,Lash LeRoux,,,,,,,,,,,,,,,,,,,,,,
Lash Legend,lash legend,10664,Lash Legend,,,,,,,,,,,,,,,,,,,,,,
Latoya,latoya,25026,Latoya,,,,,,,,,,,,,,,,,,,,,,
Laurent Soucie,laurent soucie,175840,Laurent Soucie,,,,,,,,,,,,,,,,,,,,,,
Lawrence Tyler,lawrence tyler,122094,Lawrence Tyler,,,,,,,,,,,,,,,,,,,,,,
Layla & Nattie Neidhart,layla nattie neidhart,117812,Layla & Nattie Neidhart,,,,,,,,,,,,,,,,,,,,,,
Layla & Victoria,layla victoria,117476,Layla & Victoria,,,,,,,,,,,,,,,,,,,,,,
Layla & Vito,layla vito,120816,Layla & Vito,,,,,,,,,,,,,,,,,,,,,,
Layla Diggs,layla diggs,10306,Layla Diggs,,,,,,,,,,,,,,,,,,,,,,
Laynie Luck,laynie luck,54594,Laynie Luck,,,,,,,,,,,,,,,,,,,,,,
Layton Morrison,layton morrison,49174,Layton Morrison,,,,,,,,,,,,,,,,,,,,,,
Lazertron,lazertron,49238,Lazertron,,,,,,,,,,,,,,,,,,,,,,
Lea Mitchell & Roxanne Perez,lea mitchell roxanne perez,15179,Lea Mitchell & Roxanne Perez,,,,,,,,,,,,,,,,,,,,,,
Lea Nox,lea nox,26098,Lea Nox,,,,,,,,,,,,,,,,,,,,,,
Leah Vaughan,leah vaughan,28972,Leah Vaughan,,,,,,,,,,,,,,,,,,,,,,
Leakee,leakee,36393,Leakee,,,,,,,,,,,,,,,,,,,,,,
Lee Armstrong,lee armstrong,161586,Lee Armstrong,,,,,,,,,,,,,,,,,,,,,,
Lee Hansen,lee hansen,169966,Lee Hansen,,,,,,,,,,,,,,,,,,,,,,
Lee Ickle,lee ickle,149820,Lee Ickle,,,,,,,,,,,,,,,,,,,,,,
Lee Peak,lee peak,167844,Lee Peak,,,,,,,,,,,,,,,,,,,,,,
Lee Thomas,lee thomas,163776,Lee Thomas,,,,,,,,,,,,,,,,,,,,,,
Lee Tobin,lee tobin,157560,Lee Tobin,,,,,,,,,,,,,,,,,,,,,,
Lee Wong,lee wong,135044,Lee Wong,,,,,,,,,,,,,,,,,,,,,,
Lei Ying Lee,lei ying lee,10539,Lei Ying Lee,,,,,,,,,,,,,,,,,,,,,,
Lei'd Tapa,lei d tapa,26466,Lei'd Tapa,,,,,,,,,,,,,,,,,,,,,,
Leia Meow & Mike Sanders,leia meow mike sanders,37428,Leia Meow & Mike Sanders,,,,,,,,,,,,,,,,,,,,,,
Leif Cassidy & Marty Jannetty,leif cassidy marty jannetty,154218,Leif Cassidy & Marty Jannetty,,,,,,,,,,,,,,,,,,,,,,
Leif Cassidy & Owen Hart,leif cassidy owen hart,154284,Leif Cassidy & Owen Hart,,,,,,,,,,,,,,,,,,,,,,
Leigh Laurel,leigh laurel,55861,Leigh Laurel,,,,,,,,,,,,,,,,,,,,,,
Leilani Kai,leilani kai,49044,Leilani Kai,,,,,,,,,,,,,,,,,,,,,,
Len Denton,len denton,45770,Len Denton,,,,,,,,,,,,,,,,,,,,,,
Len Kruger & Tony Ulysses,len kruger tony ulysses,170440,Len Kruger & Tony Ulysses,,,,,,,,,,,,,,,,,,,,,,
Len Wagner & Major Yates,len wagner major yates,166274,Len Wagner & Major Yates,,,,,,,,,,,,,,,,,,,,,,
Len Wagner & Mark Reagan,len wagner mark reagan,167966,Len Wagner & Mark Reagan,,,,,,,,,,,,,,,,,,,,,,
Lenny & Lodi,lenny lodi,40912,Lenny & Lodi,,,,,,,,,,,,,,,,,,,,,,
Lenny Hurst,lenny hurst,134156,Lenny Hurst,,,,,,,,,,,,,,,,,,,,,,
Lenny Lane,lenny lane,6854,Lenny Lane,,,,,,,,,,,,,,,,,,,,,,
Lenny Solomon,lenny solomon,135786,Lenny Solomon,,,,,,,,,,,,,,,,,,,,,,
Leo Kruger,leo kruger,34850,Leo Kruger,,,,,,,,,,,,,,,,,,,,,,
Leon Downs,leon downs,154638,Leon Downs,,,,,,,,,,,,,,,,,,,,,,
Leon Ruff,leon ruff,17680,Leon Ruff,,,,,,,,,,,,,,,,,,,,,,
Leon Slater,leon slater,10364,Leon Slater,,,,,,,,,,,,,,,,,,,,,,
Leroy Howard,leroy howard,157250,Leroy Howard,,,,,,,,,,,,,,,,,,,,,,
Leroy Kincaide,leroy kincaide,117138,Leroy Kincaide,,,,,,,,,,,,,,,,,,,,,,
Les Lexie,les lexie,147994,Les Lexie,,,,,,,,,,,,,,,,,,,,,,
Les Thornton,les thornton,173738,Les Thornton,,,,,,,,,,,,,,,,,,,,,,
Levi Shapiro,levi shapiro,66722,Levi Shapiro,,,,,,,,,,,,,,,,,,,,,,
Leviathan,leviathan,138103,Leviathan,,,,,,,,,,,,,,,,,,,,,,
Levis Valenzuela,levis valenzuela,30353,Levis Valenzuela,,,,,,,,,,,,,,,,,,,,,,
Levy Cruise,levy cruise,73664,Levy Cruise,,,,,,,,,,,,,,,,,,,,,,
Lewis Howley & Sam Stoker,lewis howley sam stoker,18672,Lewis Howley & Sam Stoker,,,,,,,,,,,,,,,,,,,,,,
Lex Lovett,lex lovett,119324,Lex Lovett,,,,,,,,,,,,,,,,,,,,,,
Lex Luger & Marcus Bagwell,lex luger marcus bagwell,36614,Lex Luger & Marcus Bagwell,,,,,,,,,,,,,,,,,,,,,,
Lex Luger & Razor Ramon,lex luger razor ramon,158368,Lex Luger & Razor Ramon,,,,,,,,,,,,,,,,,,,,,,
Lex Luger & Rick Steiner,lex luger rick steiner,40757,Lex Luger & Rick Steiner,,,,,,,,,,,,,,,,,,,,,,
Lex Luger & The Demon,lex luger the demon,37828,Lex Luger & The Demon,,,,,,,,,,,,,,,,,,,,,,
Lexie Fyfe,lexie fyfe,40920,Lexie Fyfe,,,,,,,,,,,,,,,,,,,,,,
Lexis King & Lucky Ali,lexis king lucky ali,13620,Lexis King & Lucky Ali,,,,,,,,,,,,,,,,,,,,,,
Liam Gray,liam gray,18344,Liam Gray,,,,,,,,,,,,,,,,,,,,,,
Liam Louis,liam louis,75120,Liam Louis,,,,,,,,,,,,,,,,,,,,,,
Ligero,ligero,20150,Ligero,,,,,,,,,,,,,,,,,,,,,,
Lightning & Thunder,lightning thunder,52224,Lightning & Thunder,,,,,,,,,,,,,,,,,,,,,,
Lil Nate & Ricky Reyes,lil nate ricky reyes,125414,Lil Nate & Ricky Reyes,,,,,,,,,,,,,,,,,,,,,,
Lilian Garcia,lilian garcia,132823,Lilian Garcia,,,,,,,,,,,,,,,,,,,,,,
Lince Dorado,lince dorado,11157,Lince Dorado,,,,,,,,,,,,,,,,,,,,,,
Lincoln Broderick,lincoln broderick,36288,Lincoln Broderick,,,,,,,,,,,,,,,,,,,,,,
Linda Miles,linda miles,133634,Linda Miles,,,,,,,,,,,,,,,,,,,,,,
Lio Rush,lio rush,18706,Lio Rush,,,,,,,,,,,,,,,,,,,,,,
Lisa Taylor,lisa taylor,113162,Lisa Taylor,,,,,,,,,,,,,,,,,,,,,,
Lita,lita,65554,Lita,,,,,,,,,,,,,,,,,,,,,,
Little Beaver & Little Louie,little beaver little louie,135197,Little Beaver & Little Louie,,,,,,,,,,,,,,,,,,,,,,
Little Beaver & Tiny Tim,little beaver tiny tim,136743,Little Beaver & Tiny Tim,,,,,,,,,,,,,,,,,,,,,,
Little Boogeyman,little boogeyman,119350,Little Boogeyman,,,,,,,,,,,,,,,,,,,,,,
Little Boy Blue & Pee Wee Adams,little boy blue pee wee adams,135029,Little Boy Blue & Pee Wee Adams,,,,,,,,,,,,,,,,,,,,,,
Little Brutus & Pee Wee Adams,little brutus pee wee adams,135018,Little Brutus & Pee Wee Adams,,,,,,,,,,,,,,,,,,,,,,
Little Brutus & Sky Low Low,little brutus sky low low,135133,Little Brutus & Sky Low Low,,,,,,,,,,,,,,,,,,,,,,
Little Dragon,little dragon,45735,Little Dragon,,,,,,,,,,,,,,,,,,,,,,
Little Guido & Simon Diamond,little guido simon diamond,2078,Little Guido & Simon Diamond,,,,,,,,,,,,,,,,,,,,,,
Little Guido & Tony Mamaluke,little guido tony mamaluke,8,Little Guido & Tony Mamaluke,,,,,,,,,,,,,,,,,,,,,,
Little Jeanne,little jeanne,38726,Little Jeanne,,,,,,,,,,,,,,,,,,,,,,
Little Johnny & Little Tokyo,little johnny little tokyo,134168,Little Johnny & Little Tokyo,,,,,,,,,,,,,,,,,,,,,,
Little Johnny & Lord Littlebrook,little johnny lord littlebrook,134085,Little Johnny & Lord Littlebrook,,,,,,,,,,,,,,,,,,,,,,
Little Louie & Sonny Boy Hayes,little louie sonny boy hayes,134734,Little Louie & Sonny Boy Hayes,,,,,,,,,,,,,,,,,,,,,,
Little Louie & The Coco Kid,little louie the coco kid,134553,Little Louie & The Coco Kid,,,,,,,,,,,,,,,,,,,,,,
Little Lucky,little lucky,152862,Little Lucky,,,,,,,,,,,,,,,,,,,,,,
Liv Morgan & Macey Estrella,liv morgan macey estrella,27285,Liv Morgan & Macey Estrella,,,,,,,,,,,,,,,,,,,,,,
Liv Morgan & Raquel Rodriguez,liv morgan raquel rodriguez,11555,Liv Morgan & Raquel Rodriguez,,,,,,,,,,,,,,,,,,,,,,
Liv Morgan & Roxanne Perez,liv morgan roxanne perez,54241,Liv Morgan & Roxanne Perez,,,,,,,,,,,,,,,,,,,,,,
Liv Morgan & Ruby Riott,liv morgan ruby riott,25134,Liv Morgan & Ruby Riott,,,,,,,,,,,,,,,,,,,,,,
Liv Morgan & Sara Lee,liv morgan sara lee,29040,Liv Morgan & Sara Lee,,,,,,,,,,,,,,,,,,,,,,
Liv Morgan & Sarah Logan,liv morgan sarah logan,25145,Liv Morgan & Sarah Logan,,,,,,,,,,,,,,,,,,,,,,
Lizmark Jr. & Norman Smiley & Prince Iaukea,lizmark jr norman smiley prince iaukea,44277,Lizmark Jr. & Norman Smiley & Prince Iaukea,,,,,,,,,,,,,,,,,,,,,,
Lizmark Jr. & Silver King,lizmark jr silver king,41492,Lizmark Jr. & Silver King,,,,,,,,,,,,,,,,,,,,,,
Lloyd Lanui,lloyd lanui,156560,Lloyd Lanui,,,,,,,,,,,,,,,,,,,,,,
Loch Ness,loch ness,50962,Loch Ness,,,,,,,,,,,,,,,,,,,,,,
Lodi & Saturn,lodi saturn,45160,Lodi & Saturn,,,,,,,,,,,,,,,,,,,,,,
Logan Jones,logan jones,113306,Logan Jones,,,,,,,,,,,,,,,,,,,,,,
Logan Paul,logan paul,54495,Logan Paul,,,,,,,,,,,,,,,,,,,,,,
Loki,loki,138680,Loki,,,,,,,,,,,,,,,,,,,,,,
Lola Vice,lola vice,10313,Lola Vice,,,,,,,,,,,,,,,,,,,,,,
Lord Littlebrook & Rollie the Hawk,lord littlebrook rollie the hawk,136127,Lord Littlebrook & Rollie the Hawk,,,,,,,,,,,,,,,,,,,,,,
Lord Ruffles,lord ruffles,87478,Lord Ruffles,,,,,,,,,,,,,,,,,,,,,,
Lori Fullington,lori fullington,7487,Lori Fullington,,,,,,,,,,,,,,,,,,,,,,
Los Locales #1 & Los Locales #2,los locales 1 los locales 2,97244,Los Locales #1 & Los Locales #2,,,,,,,,,,,,,,,,,,,,,,
Lou Andrews & Mike Miller,lou andrews mike miller,154778,Lou Andrews & Mike Miller,,,,,,,,,,,,,,,,,,,,,,
Lou Bastein,lou bastein,136412,Lou Bastein,,,,,,,,,,,,,,,,,,,,,,
Lou Fabiano & The Black Knight,lou fabiano the black knight,169388,Lou Fabiano & The Black Knight,,,,,,,,,,,,,,,,,,,,,,
Lou Fabiano & Tom Stone,lou fabiano tom stone,169412,Lou Fabiano & Tom Stone,,,,,,,,,,,,,,,,,,,,,,
Lou Marcolli,lou marcolli,154622,Lou Marcolli,,,,,,,,,,,,,,,,,,,,,,
Lou Thesz,lou thesz,171927,Lou Thesz,,,,,,,,,,,,,,,,,,,,,,
Louie Spicolli,louie spicolli,6054,Louie Spicolli,,,,,,,,,,,,,,,,,,,,,,
Louie Tillet,louie tillet,134844,Louie Tillet,,,,,,,,,,,,,,,,,,,,,,
Louie Valle,louie valle,77976,Louie Valle,,,,,,,,,,,,,,,,,,,,,,
Louis Armstrong,louis armstrong,161096,Louis Armstrong,,,,,,,,,,,,,,,,,,,,,,
Louis Cerdan,louis cerdan,134486,Louis Cerdan,,,,,,,,,,,,,,,,,,,,,,
Louis Cyr,louis cyr,134500,Louis Cyr,,,,,,,,,,,,,,,,,,,,,,
Loverboy,loverboy,140749,Loverboy,,,,,,,,,,,,,,,,,,,,,,
Luc Poirier,luc poirier,175063,Luc Poirier,,,,,,,,,,,,,,,,,,,,,,
Luca Crusifino,luca crusifino,10396,Luca Crusifino,,,,,,,,,,,,,,,,,,,,,,
Lucas Pestano,lucas pestano,136519,Lucas Pestano,,,,,,,,,,,,,,,,,,,,,,
Lucien Price & SCRYPTS,lucien price scrypts,13190,Lucien Price & SCRYPTS,,,,,,,,,,,,,,,,,,,,,,
Lucifer,lucifer,9817,Lucifer,,,,,,,,,,,,,,,,,,,,,,
Lucky Cannon,lucky cannon,109292,Lucky Cannon,,,,,,,,,,,,,,,,,,,,,,
Ludvig Borga,ludvig borga,159708,Ludvig Borga,,,,,,,,,,,,,,,,,,,,,,
Ludwig Kaiser,ludwig kaiser,55837,Ludwig Kaiser,,,,,,,,,,,,,,,,,,,,,,
Luke Gallows & Serena,luke gallows serena,111315,Luke Gallows & Serena,,,,,,,,,,,,,,,,,,,,,,
Luke Graham,luke graham,133931,Luke Graham,,,,,,,,,,,,,,,,,,,,,,
Luke Harper,luke harper,22306,Luke Harper,,,,,,,,,,,,,,,,,,,,,,
Luke Hawkins,luke hawkins,104610,Luke Hawkins,,,,,,,,,,,,,,,,,,,,,,
Luke Hawx & Matt Lancie,luke hawx matt lancie,85332,Luke Hawx & Matt Lancie,,,,,,,,,,,,,,,,,,,,,,
Luke Jennings,luke jennings,108060,Luke Jennings,,,,,,,,,,,,,,,,,,,,,,
Luke Menzies,luke menzies,20772,Luke Menzies,,,,,,,,,,,,,,,,,,,,,,
Luke Robinson,luke robinson,109454,Luke Robinson,,,,,,,,,,,,,,,,,,,,,,
Luna Vachon,luna vachon,8597,Luna Vachon,,,,,,,,,,,,,,,,,,,,,,
Luscious Brown,luscious brown,173966,Luscious Brown,,,,,,,,,,,,,,,,,,,,,,
Luther Biggs,luther biggs,40754,Luther Biggs,,,,,,,,,,,,,,,,,,,,,,
Luther Reigns,luther reigns,125349,Luther Reigns,,,,,,,,,,,,,,,,,,,,,,
Luther Ward,luther ward,35136,Luther Ward,,,,,,,,,,,,,,,,,,,,,,
Lynn Austin,lynn austin,167848,Lynn Austin,,,,,,,,,,,,,,,,,,,,,,
Lynn Wagner,lynn wagner,166290,Lynn Wagner,,,,,,,,,,,,,,,,,,,,,,
Lyra Valkyria,lyra valkyria,10569,Lyra Valkyria,,,,,,,,,,,,,,,,,,,,,,
MACE & T-BAR,mace t bar,66869,MACE & T-BAR,,,,,,,,,,,,,,,,,,,,,,
MVP,mvp,40730,MVP,,,,,,,,,,,,,,,,,,,,,,
Mabel,mabel,149850,Mabel,,,,,,,,,,,,,,,,,,,,,,
Mac Miles & Steve Cutler,mac miles steve cutler,34132,Mac Miles & Steve Cutler,,,,,,,,,,,,,,,,,,,,,,
Macey Estrella & Victoria Gonzalez,macey estrella victoria gonzalez,27240,Macey Estrella & Victoria Gonzalez,,,,,,,,,,,,,,,,,,,,,,
Macho Junior,macho junior,43742,Macho Junior,,,,,,,,,,,,,,,,,,,,,,
Macho Libre,macho libre,121870,Macho Libre,,,,,,,,,,,,,,,,,,,,,,
Mack Daddy Kane & Samu,mack daddy kane samu,7686,Mack Daddy Kane & Samu,,,,,,,,,,,,,,,,,,,,,,
Mack Johnson,mack johnson,124294,Mack Johnson,,,,,,,,,,,,,,,,,,,,,,
Mad 1 & Spartan,mad 1 spartan,90990,Mad 1 & Spartan,,,,,,,,,,,,,,,,,,,,,,
Mad Dog Kimble,mad dog kimble,2183,Mad Dog Kimble,,,,,,,,,,,,,,,,,,,,,,
Mad Dog Vachon,mad dog vachon,134813,Mad Dog Vachon,,,,,,,,,,,,,,,,,,,,,,
Mad Jack,mad jack,37874,Mad Jack,,,,,,,,,,,,,,,,,,,,,,
Madcap Moss,madcap moss,61660,Madcap Moss,,,,,,,,,,,,,,,,,,,,,,
Madden Fisher,madden fisher,121888,Madden Fisher,,,,,,,,,,,,,,,,,,,,,,
Maddog,maddog,946,Maddog,,,,,,,,,,,,,,,,,,,,,,
Madusa Micelli,madusa micelli,50958,Madusa Micelli,,,,,,,,,,,,,,,,,,,,,,
Mae Young,mae young,110665,Mae Young,,,,,,,,,,,,,,,,,,,,,,
Mahabali Shera,mahabali shera,23316,Mahabali Shera,,,,,,,,,,,,,,,,,,,,,,
Mai Tai Anoa'i,mai tai anoa i,118146,Mai Tai Anoa'i,,,,,,,,,,,,,,,,,,,,,,
Major Gunns,major gunns,37800,Major Gunns,,,,,,,,,,,,,,,,,,,,,,
Major Stash,major stash,38152,Major Stash,,,,,,,,,,,,,,,,,,,,,,
Malia Hosaka,malia hosaka,9831,Malia Hosaka,,,,,,,,,,,,,,,,,,,,,,
Malik Blade,malik blade,10295,Malik Blade,,,,,,,,,,,,,,,,,,,,,,
Malik John,malik john,124418,Malik John,,,,,,,,,,,,,,,,,,,,,,
Malik Omari,malik omari,35331,Malik Omari,,,,,,,,,,,,,,,,,,,,,,
Man Mountain Cannon,man mountain cannon,176050,Man Mountain Cannon,,,,,,,,,,,,,,,,,,,,,,
Man Mountain Mike,man mountain mike,134618,Man Mountain Mike,,,,,,,,,,,,,,,,,,,,,,
Man Mountain Rock,man mountain rock,156322,Man Mountain Rock,,,,,,,,,,,,,,,,,,,,,,
Manchester Maniac #1 & Manchester Maniac #2,manchester maniac 1 manchester maniac 2,55099,Manchester Maniac #1 & Manchester Maniac #2,,,,,,,,,,,,,,,,,,,,,,
Mancow,mancow,37209,Mancow,,,,,,,,,,,,,,,,,,,,,,
Mandy Rose,mandy rose,15846,Mandy Rose,,,,,,,,,,,,,,,,,,,,,,
Mankind,mankind,5961,Mankind,,,,,,,,,,,,,,,,,,,,,,
Manny Andrade,manny andrade,29801,Manny Andrade,,,,,,,,,,,,,,,,,,,,,,
Manny Fernandez,manny fernandez,43818,Manny Fernandez,,,,,,,,,,,,,,,,,,,,,,
Mansoor,mansoor,18765,Mansoor,,,,,,,,,,,,,,,,,,,,,,
Mantaur,mantaur,156866,Mantaur,,,,,,,,,,,,,,,,,,,,,,
Manuel Gomez,manuel gomez,150408,Manuel Gomez,,,,,,,,,,,,,,,,,,,,,,
Manuel Soto,manuel soto,134334,Manuel Soto,,,,,,,,,,,,,,,,,,,,,,
Marc Mero,marc mero,150180,Marc Mero,,,,,,,,,,,,,,,,,,,,,,
Marcel Sinard & Tiny Bell,marcel sinard tiny bell,137094,Marcel Sinard & Tiny Bell,,,,,,,,,,,,,,,,,,,,,,
Marcus Alexander Bagwell,marcus alexander bagwell,49855,Marcus Alexander Bagwell,,,,,,,,,,,,,,,,,,,,,,
Marcus Bagwell & The Patriot,marcus bagwell the patriot,51720,Marcus Bagwell & The Patriot,,,,,,,,,,,,,,,,,,,,,,
Marcus Bagwell & Tom Zenk,marcus bagwell tom zenk,52916,Marcus Bagwell & Tom Zenk,,,,,,,,,,,,,,,,,,,,,,
Marcus Cor Von,marcus cor von,119218,Marcus Cor Von,,,,,,,,,,,,,,,,,,,,,,
Marcus Dillon,marcus dillon,139178,Marcus Dillon,,,,,,,,,,,,,,,,,,,,,,
Marcus Louis,marcus louis,31267,Marcus Louis,,,,,,,,,,,,,,,,,,,,,,
Maria Kanellis,maria kanellis,71982,Maria Kanellis,,,,,,,,,,,,,,,,,,,,,,
Marina Shafir,marina shafir,18502,Marina Shafir,,,,,,,,,,,,,,,,,,,,,,
Mario Connors,mario connors,77456,Mario Connors,,,,,,,,,,,,,,,,,,,,,,
Mario Fratarolli,mario fratarolli,135916,Mario Fratarolli,,,,,,,,,,,,,,,,,,,,,,
Mario Mancini & Max Blue,mario mancini max blue,173652,Mario Mancini & Max Blue,,,,,,,,,,,,,,,,,,,,,,
Mario Mancini & Paul Perez,mario mancini paul perez,164688,Mario Mancini & Paul Perez,,,,,,,,,,,,,,,,,,,,,,
Mario Milano,mario milano,135552,Mario Milano,,,,,,,,,,,,,,,,,,,,,,
"Mark ""Slick"" Johnson",mark slick johnson,39238,"Mark ""Slick"" Johnson",,,,,,,,,,,,,,,,,,,,,,
Mark Andrews & Raul Mendoza,mark andrews raul mendoza,24319,Mark Andrews & Raul Mendoza,,,,,,,,,,,,,,,,,,,,,,
Mark Andrews & Wolfgang,mark andrews wolfgang,25331,Mark Andrews & Wolfgang,,,,,,,,,,,,,,,,,,,,,,
Mark Anthony,mark anthony,144438,Mark Anthony,,,,,,,,,,,,,,,,,,,,,,
Mark Bartolucci,mark bartolucci,130080,Mark Bartolucci,,,,,,,,,,,,,,,,,,,,,,
Mark Bee,mark bee,167204,Mark Bee,,,,,,,,,,,,,,,,,,,,,,
Mark Boswell,mark boswell,168614,Mark Boswell,,,,,,,,,,,,,,,,,,,,,,
Mark Brigan,mark brigan,167976,Mark Brigan,,,,,,,,,,,,,,,,,,,,,,
Mark Canterbury,mark canterbury,52672,Mark Canterbury,,,,,,,,,,,,,,,,,,,,,,
Mark Carridy & Raul White,mark carridy raul white,81850,Mark Carridy & Raul White,,,,,,,,,,,,,,,,,,,,,,
Mark Cassell,mark cassell,155268,Mark Cassell,,,,,,,,,,,,,,,,,,,,,,
Mark Davis,mark davis,168042,Mark Davis,,,,,,,,,,,,,,,,,,,,,,
Mark Gallagher,mark gallagher,130974,Mark Gallagher,,,,,,,,,,,,,,,,,,,,,,
Mark Guthrie,mark guthrie,42120,Mark Guthrie,,,,,,,,,,,,,,,,,,,,,,
Mark Hardgrove,mark hardgrove,160896,Mark Hardgrove,,,,,,,,,,,,,,,,,,,,,,
Mark Henry,mark henry,79786,Mark Henry,,,,,,,,,,,,,,,,,,,,,,
Mark Jindrak & Mike Sanders & Sean O'Haire,mark jindrak mike sanders sean o haire,37642,Mark Jindrak & Mike Sanders & Sean O'Haire,,,,,,,,,,,,,,,,,,,,,,
Mark Jindrak & Shawn Stasiak,mark jindrak shawn stasiak,36760,Mark Jindrak & Shawn Stasiak,,,,,,,,,,,,,,,,,,,,,,
Mark Jindrak & Tommy Dreamer,mark jindrak tommy dreamer,132595,Mark Jindrak & Tommy Dreamer,,,,,,,,,,,,,,,,,,,,,,
Mark Jinks,mark jinks,101674,Mark Jinks,,,,,,,,,,,,,,,,,,,,,,
Mark Kyle,mark kyle,50748,Mark Kyle,,,,,,,,,,,,,,,,,,,,,,
Mark Lewin,mark lewin,172294,Mark Lewin,,,,,,,,,,,,,,,,,,,,,,
Mark Madden,mark madden,37890,Mark Madden,,,,,,,,,,,,,,,,,,,,,,
Mark Malaccio,mark malaccio,157804,Mark Malaccio,,,,,,,,,,,,,,,,,,,,,,
Mark Maraculi,mark maraculi,132158,Mark Maraculi,,,,,,,,,,,,,,,,,,,,,,
Mark Ming,mark ming,161394,Mark Ming,,,,,,,,,,,,,,,,,,,,,,
Mark Morgan,mark morgan,162352,Mark Morgan,,,,,,,,,,,,,,,,,,,,,,
Mark Regan,mark regan,167938,Mark Regan,,,,,,,,,,,,,,,,,,,,,,
Mark Roberts,mark roberts,163544,Mark Roberts,,,,,,,,,,,,,,,,,,,,,,
Mark Shelton & Mark Young,mark shelton mark young,168168,Mark Shelton & Mark Young,,,,,,,,,,,,,,,,,,,,,,
Mark Starr,mark starr,46890,Mark Starr,,,,,,,,,,,,,,,,,,,,,,
Mark Sterling & Mitchell Lyons,mark sterling mitchell lyons,71086,Mark Sterling & Mitchell Lyons,,,,,,,,,,,,,,,,,,,,,,
Mark Thomas,mark thomas,76914,Mark Thomas,,,,,,,,,,,,,,,,,,,,,,
Mark Thorn,mark thorn,51404,Mark Thorn,,,,,,,,,,,,,,,,,,,,,,
Mark Warner,mark warner,160904,Mark Warner,,,,,,,,,,,,,,,,,,,,,,
Mark Young & Pete Ketchum,mark young pete ketchum,167764,Mark Young & Pete Ketchum,,,,,,,,,,,,,,,,,,,,,,
Mark Young & Tony Parks,mark young tony parks,171238,Mark Young & Tony Parks,,,,,,,,,,,,,,,,,,,,,,
Marlena,marlena,153837,Marlena,,,,,,,,,,,,,,,,,,,,,,
Marley,marley,31344,Marley,,,,,,,,,,,,,,,,,,,,,,
Marquis Carter & Mikey Spandex,marquis carter mikey spandex,69604,Marquis Carter & Mikey Spandex,,,,,,,,,,,,,,,,,,,,,,
Mars Wang,mars wang,22434,Mars Wang,,,,,,,,,,,,,,,,,,,,,,
Marshmello,marshmello,71593,Marshmello,,,,,,,,,,,,,,,,,,,,,,
Marti Belle,marti belle,77444,Marti Belle,,,,,,,,,,,,,,,,,,,,,,
Martin Oliver,martin oliver,170790,Martin Oliver,,,,,,,,,,,,,,,,,,,,,,
Martin Roy,martin roy,152506,Martin Roy,,,,,,,,,,,,,,,,,,,,,,
Martin Stone,martin stone,31972,Martin Stone,,,,,,,,,,,,,,,,,,,,,,
Marty Barnett,marty barnett,5838,Marty Barnett,,,,,,,,,,,,,,,,,,,,,,
Marty Garner,marty garner,117034,Marty Garner,,,,,,,,,,,,,,,,,,,,,,
Marty Jannetty & Razor Ramon,marty jannetty razor ramon,155827,Marty Jannetty & Razor Ramon,,,,,,,,,,,,,,,,,,,,,,
Marty Jannetty & The Vampire Warrior,marty jannetty the vampire warrior,5880,Marty Jannetty & The Vampire Warrior,,,,,,,,,,,,,,,,,,,,,,
Marty Jannetty & Virgil,marty jannetty virgil,160606,Marty Jannetty & Virgil,,,,,,,,,,,,,,,,,,,,,,
Marty Thurman,marty thurman,151538,Marty Thurman,,,,,,,,,,,,,,,,,,,,,,
MaryKate,marykate,26599,MaryKate,,,,,,,,,,,,,,,,,,,,,,
Maryse,maryse,74182,Maryse,,,,,,,,,,,,,,,,,,,,,,
Masa Chono & Super J.,masa chono super j,39775,Masa Chono & Super J.,,,,,,,,,,,,,,,,,,,,,,
Masa Saito,masa saito,51328,Masa Saito,,,,,,,,,,,,,,,,,,,,,,
Masada,masada,128920,Masada,,,,,,,,,,,,,,,,,,,,,,
Masahiro Chono,masahiro chono,49377,Masahiro Chono,,,,,,,,,,,,,,,,,,,,,,
Masashi Aoyagi,masashi aoyagi,159174,Masashi Aoyagi,,,,,,,,,,,,,,,,,,,,,,
Masato Tanaka & Tommy Dreamer,masato tanaka tommy dreamer,1248,Masato Tanaka & Tommy Dreamer,,,,,,,,,,,,,,,,,,,,,,
Mascarita Sagrada & Octagoncito,mascarita sagrada octagoncito,49563,Mascarita Sagrada & Octagoncito,,,,,,,,,,,,,,,,,,,,,,
Mascarita Sagrada Jr.,mascarita sagrada jr,153763,Mascarita Sagrada Jr.,,,,,,,,,,,,,,,,,,,,,,
Masked Demon #1 & Masked Demon #2,masked demon 1 masked demon 2,175830,Masked Demon #1 & Masked Demon #2,,,,,,,,,,,,,,,,,,,,,,
Mason Ryan,mason ryan,34453,Mason Ryan,,,,,,,,,,,,,,,,,,,,,,
Master Blaster Blade & Master Blaster Iron,master blaster blade master blaster iron,42810,Master Blaster Blade & Master Blaster Iron,,,,,,,,,,,,,,,,,,,,,,
Master Blaster Steele & Stan Hansen,master blaster steele stan hansen,54014,Master Blaster Steele & Stan Hansen,,,,,,,,,,,,,,,,,,,,,,
Masyn Holiday,masyn holiday,54730,Masyn Holiday,,,,,,,,,,,,,,,,,,,,,,
Matt Anderson,matt anderson,39216,Matt Anderson,,,,,,,,,,,,,,,,,,,,,,
Matt Anoa'i,matt anoa i,118802,Matt Anoa'i,,,,,,,,,,,,,,,,,,,,,,
Matt Baily,matt baily,158930,Matt Baily,,,,,,,,,,,,,,,,,,,,,,
Matt Bentley,matt bentley,117238,Matt Bentley,,,,,,,,,,,,,,,,,,,,,,
Matt Boyce,matt boyce,115074,Matt Boyce,,,,,,,,,,,,,,,,,,,,,,
Matt Burn & Mike Casey,matt burn mike casey,163696,Matt Burn & Mike Casey,,,,,,,,,,,,,,,,,,,,,,
Matt Cappotelli & Mike Mizanin,matt cappotelli mike mizanin,123399,Matt Cappotelli & Mike Mizanin,,,,,,,,,,,,,,,,,,,,,,
Matt Cardona,matt cardona,10786,Matt Cardona,,,,,,,,,,,,,,,,,,,,,,
Matt E. Smalls & Sammy The Silk,matt e smalls sammy the silk,7370,Matt E. Smalls & Sammy The Silk,,,,,,,,,,,,,,,,,,,,,,
Matt Gilmore,matt gilmore,136398,Matt Gilmore,,,,,,,,,,,,,,,,,,,,,,
Matt Hardy & Rey Mysterio,matt hardy rey mysterio,113152,Matt Hardy & Rey Mysterio,,,,,,,,,,,,,,,,,,,,,,
Matt Hardy & Road Warrior Animal,matt hardy road warrior animal,122846,Matt Hardy & Road Warrior Animal,,,,,,,,,,,,,,,,,,,,,,
Matt Hardy & Shannon Moore,matt hardy shannon moore,129386,Matt Hardy & Shannon Moore,,,,,,,,,,,,,,,,,,,,,,
Matt Hardy & Test,matt hardy test,128144,Matt Hardy & Test,,,,,,,,,,,,,,,,,,,,,,
Matt Jackson,matt jackson,115786,Matt Jackson,,,,,,,,,,,,,,,,,,,,,,
Matt Knowles,matt knowles,151720,Matt Knowles,,,,,,,,,,,,,,,,,,,,,,
Matt Logan,matt logan,117196,Matt Logan,,,,,,,,,,,,,,,,,,,,,,
Matt Longtime,matt longtime,122410,Matt Longtime,,,,,,,,,,,,,,,,,,,,,,
Matt Martel & Sunil Singh,matt martel sunil singh,68554,Matt Martel & Sunil Singh,,,,,,,,,,,,,,,,,,,,,,
Matt McChesney,matt mcchesney,124618,Matt McChesney,,,,,,,,,,,,,,,,,,,,,,
Matt Moon,matt moon,54132,Matt Moon,,,,,,,,,,,,,,,,,,,,,,
Matt Morgan,matt morgan,124761,Matt Morgan,,,,,,,,,,,,,,,,,,,,,,
Matt Murphy,matt murphy,142598,Matt Murphy,,,,,,,,,,,,,,,,,,,,,,
Matt Riddle,matt riddle,18342,Matt Riddle,,,,,,,,,,,,,,,,,,,,,,
Matt Striker,matt striker,102694,Matt Striker,,,,,,,,,,,,,,,,,,,,,,
Matt Sugarman & Tee Perkins,matt sugarman tee perkins,34270,Matt Sugarman & Tee Perkins,,,,,,,,,,,,,,,,,,,,,,
Matt Sydal,matt sydal,116704,Matt Sydal,,,,,,,,,,,,,,,,,,,,,,
Matt Vega,matt vega,126612,Matt Vega,,,,,,,,,,,,,,,,,,,,,,
Matthew Bird,matthew bird,165608,Matthew Bird,,,,,,,,,,,,,,,,,,,,,,
Matthew Burn,matthew burn,165890,Matthew Burn,,,,,,,,,,,,,,,,,,,,,,
Matthew Evagirus,matthew evagirus,130660,Matthew Evagirus,,,,,,,,,,,,,,,,,,,,,,
Matthew Justice,matthew justice,111972,Matthew Justice,,,,,,,,,,,,,,,,,,,,,,
Matthew Kaye,matthew kaye,107516,Matthew Kaye,,,,,,,,,,,,,,,,,,,,,,
Maven & Test,maven test,131507,Maven & Test,,,,,,,,,,,,,,,,,,,,,,
Maven & Tommy Dreamer,maven tommy dreamer,130475,Maven & Tommy Dreamer,,,,,,,,,,,,,,,,,,,,,,
Maverick Wild,maverick wild,49292,Maverick Wild,,,,,,,,,,,,,,,,,,,,,,
Max Bauer,max bauer,36105,Max Bauer,,,,,,,,,,,,,,,,,,,,,,
Max Humberto,max humberto,23382,Max Humberto,,,,,,,,,,,,,,,,,,,,,,
Max Mini,max mini,147979,Max Mini,,,,,,,,,,,,,,,,,,,,,,
Max Shane,max shane,160596,Max Shane,,,,,,,,,,,,,,,,,,,,,,
Maxine,maxine,104815,Maxine,,,,,,,,,,,,,,,,,,,,,,
Maxx Muscle,maxx muscle,49319,Maxx Muscle,,,,,,,,,,,,,,,,,,,,,,
Maxx Payne,maxx payne,52101,Maxx Payne,,,,,,,,,,,,,,,,,,,,,,
Maxx Stardom,maxx stardom,27198,Maxx Stardom,,,,,,,,,,,,,,,,,,,,,,
Maxxine Dupri,maxxine dupri,10511,Maxxine Dupri,,,,,,,,,,,,,,,,,,,,,,
Mean Mike & Tough Tom,mean mike tough tom,39040,Mean Mike & Tough Tom,,,,,,,,,,,,,,,,,,,,,,
Meat,meat,147760,Meat,,,,,,,,,,,,,,,,,,,,,,
Megaman,megaman,169145,Megaman,,,,,,,,,,,,,,,,,,,,,,
Mei Ying,mei ying,17414,Mei Ying,,,,,,,,,,,,,,,,,,,,,,
Meiko Satomura,meiko satomura,15432,Meiko Satomura,,,,,,,,,,,,,,,,,,,,,,
Melina,melina,109122,Melina,,,,,,,,,,,,,,,,,,,,,,
Melissa Anderson,melissa anderson,122114,Melissa Anderson,,,,,,,,,,,,,,,,,,,,,,
Melissa Coates,melissa coates,125256,Melissa Coates,,,,,,,,,,,,,,,,,,,,,,
Memo Montenegro,memo montenegro,35734,Memo Montenegro,,,,,,,,,,,,,,,,,,,,,,
Men's Teioh,men s teioh,150898,Men's Teioh,,,,,,,,,,,,,,,,,,,,,,
Meng,meng,36921,Meng,,,,,,,,,,,,,,,,,,,,,,
Mia Yim,mia yim,18156,Mia Yim,,,,,,,,,,,,,,,,,,,,,,
Michael Blais,michael blais,74266,Michael Blais,,,,,,,,,,,,,,,,,,,,,,
Michael Bruno,michael bruno,10288,Michael Bruno,,,,,,,,,,,,,,,,,,,,,,
Michael Carter,michael carter,32980,Michael Carter,,,,,,,,,,,,,,,,,,,,,,
Michael Cole,michael cole,104042,Michael Cole,,,,,,,,,,,,,,,,,,,,,,
Michael Giacco,michael giacco,71201,Michael Giacco,,,,,,,,,,,,,,,,,,,,,,
Michael Hayes,michael hayes,53127,Michael Hayes,,,,,,,,,,,,,,,,,,,,,,
Michael Hutch,michael hutch,131680,Michael Hutch,,,,,,,,,,,,,,,,,,,,,,
Michael Kovac,michael kovac,4642,Michael Kovac,,,,,,,,,,,,,,,,,,,,,,
Michael McGillicutty,michael mcgillicutty,36090,Michael McGillicutty,,,,,,,,,,,,,,,,,,,,,,
Michael Modest,michael modest,36890,Michael Modest,,,,,,,,,,,,,,,,,,,,,,
Michael Patrick,michael patrick,124340,Michael Patrick,,,,,,,,,,,,,,,,,,,,,,
Michael Q. Laurie,michael q laurie,35180,Michael Q. Laurie,,,,,,,,,,,,,,,,,,,,,,
Michael Shane,michael shane,11,Michael Shane,,,,,,,,,,,,,,,,,,,,,,
Michael Tarver,michael tarver,111351,Michael Tarver,,,,,,,,,,,,,,,,,,,,,,
Michael Thompson,michael thompson,74186,Michael Thompson,,,,,,,,,,,,,,,,,,,,,,
Michael Wallstreet,michael wallstreet,48314,Michael Wallstreet,,,,,,,,,,,,,,,,,,,,,,
Michael Youngblood,michael youngblood,123056,Michael Youngblood,,,,,,,,,,,,,,,,,,,,,,
Michelle McCool,michelle mccool,109582,Michelle McCool,,,,,,,,,,,,,,,,,,,,,,
Michelle Webb,michelle webb,74958,Michelle Webb,,,,,,,,,,,,,,,,,,,,,,
Michip,michip,151534,Michip,,,,,,,,,,,,,,,,,,,,,,
Mick Foley,mick foley,118301,Mick Foley,,,,,,,,,,,,,,,,,,,,,,
Mick Tierney,mick tierney,148429,Mick Tierney,,,,,,,,,,,,,,,,,,,,,,
Mickael Zaki & Ron Hicks,mickael zaki ron hicks,35286,Mickael Zaki & Ron Hicks,,,,,,,,,,,,,,,,,,,,,,
Mickey Doyle,mickey doyle,175436,Mickey Doyle,,,,,,,,,,,,,,,,,,,,,,
Mickey Jay,mickey jay,39237,Mickey Jay,,,,,,,,,,,,,,,,,,,,,,
Mickey Ray & Ron Rage,mickey ray ron rage,39740,Mickey Ray & Ron Rage,,,,,,,,,,,,,,,,,,,,,,
Mickie James,mickie james,28322,Mickie James,,,,,,,,,,,,,,,,,,,,,,
Midnight,midnight,39811,Midnight,,,,,,,,,,,,,,,,,,,,,,
Mighty Molly,mighty molly,137679,Mighty Molly,,,,,,,,,,,,,,,,,,,,,,
Mighty Thor,mighty thor,52480,Mighty Thor,,,,,,,,,,,,,,,,,,,,,,
Miguel Perez Jr.,miguel perez jr,49819,Miguel Perez Jr.,,,,,,,,,,,,,,,,,,,,,,
Miguel Rosado,miguel rosado,158280,Miguel Rosado,,,,,,,,,,,,,,,,,,,,,,
Miguel San Juan,miguel san juan,8782,Miguel San Juan,,,,,,,,,,,,,,,,,,,,,,
Miguel Torres,miguel torres,136838,Miguel Torres,,,,,,,,,,,,,,,,,,,,,,
Mik Drake,mik drake,26464,Mik Drake,,,,,,,,,,,,,,,,,,,,,,
Mike Altieri,mike altieri,122226,Mike Altieri,,,,,,,,,,,,,,,,,,,,,,
Mike Anthony,mike anthony,5392,Mike Anthony,,,,,,,,,,,,,,,,,,,,,,
Mike Ashmore,mike ashmore,39744,Mike Ashmore,,,,,,,,,,,,,,,,,,,,,,
Mike Awesome,mike awesome,1068,Mike Awesome,,,,,,,,,,,,,,,,,,,,,,
Mike Bartilucci & Mike Hughes,mike bartilucci mike hughes,130624,Mike Bartilucci & Mike Hughes,,,,,,,,,,,,,,,,,,,,,,
Mike Bee,mike bee,167154,Mike Bee,,,,,,,,,,,,,,,,,,,,,,
Mike Bell,mike bell,90,Mike Bell,,,,,,,,,,,,,,,,,,,,,,
Mike Blatnick,mike blatnick,139018,Mike Blatnick,,,,,,,,,,,,,,,,,,,,,,
Mike Bucci,mike bucci,127086,Mike Bucci,,,,,,,,,,,,,,,,,,,,,,
Mike Bursy,mike bursy,159420,Mike Bursy,,,,,,,,,,,,,,,,,,,,,,
Mike Collins,mike collins,158746,Mike Collins,,,,,,,,,,,,,,,,,,,,,,
Mike Conrad,mike conrad,134878,Mike Conrad,,,,,,,,,,,,,,,,,,,,,,
Mike Dalton,mike dalton,35252,Mike Dalton,,,,,,,,,,,,,,,,,,,,,,
Mike Daniels,mike daniels,165324,Mike Daniels,,,,,,,,,,,,,,,,,,,,,,
Mike Davis,mike davis,51196,Mike Davis,,,,,,,,,,,,,,,,,,,,,,
Mike DeCero,mike decero,153602,Mike DeCero,,,,,,,,,,,,,,,,,,,,,,
Mike Droese,mike droese,151865,Mike Droese,,,,,,,,,,,,,,,,,,,,,,
Mike Durham,mike durham,165074,Mike Durham,,,,,,,,,,,,,,,,,,,,,,
Mike Durk,mike durk,167472,Mike Durk,,,,,,,,,,,,,,,,,,,,,,
Mike Edwards,mike edwards,118750,Mike Edwards,,,,,,,,,,,,,,,,,,,,,,
Mike Enos,mike enos,41236,Mike Enos,,,,,,,,,,,,,,,,,,,,,,
Mike Falcon,mike falcon,167084,Mike Falcon,,,,,,,,,,,,,,,,,,,,,,
Mike Freeman,mike freeman,159414,Mike Freeman,,,,,,,,,,,,,,,,,,,,,,
Mike Glowmer,mike glowmer,144242,Mike Glowmer,,,,,,,,,,,,,,,,,,,,,,
Mike Graham,mike graham,53276,Mike Graham,,,,,,,,,,,,,,,,,,,,,,
Mike Grey,mike grey,159530,Mike Grey,,,,,,,,,,,,,,,,,,,,,,
Mike Hall,mike hall,133866,Mike Hall,,,,,,,,,,,,,,,,,,,,,,
Mike Hayner & Rick Fargo,mike hayner rick fargo,50826,Mike Hayner & Rick Fargo,,,,,,,,,,,,,,,,,,,,,,
Mike Haywood,mike haywood,125548,Mike Haywood,,,,,,,,,,,,,,,,,,,,,,
Mike Hollow,mike hollow,147780,Mike Hollow,,,,,,,,,,,,,,,,,,,,,,
Mike Hoss,mike hoss,54133,Mike Hoss,,,,,,,,,,,,,,,,,,,,,,
Mike Howe,mike howe,168082,Mike Howe,,,,,,,,,,,,,,,,,,,,,,
Mike Hughley & Robbie Grand,mike hughley robbie grand,23784,Mike Hughley & Robbie Grand,,,,,,,,,,,,,,,,,,,,,,
Mike Hunter,mike hunter,130786,Mike Hunter,,,,,,,,,,,,,,,,,,,,,,
Mike Jackson & Tim Parker,mike jackson tim parker,53978,Mike Jackson & Tim Parker,,,,,,,,,,,,,,,,,,,,,,
Mike Jones,mike jones,38814,Mike Jones,,,,,,,,,,,,,,,,,,,,,,
Mike Justice,mike justice,167954,Mike Justice,,,,,,,,,,,,,,,,,,,,,,
Mike Kanellis,mike kanellis,71630,Mike Kanellis,,,,,,,,,,,,,,,,,,,,,,
Mike Karma,mike karma,72530,Mike Karma,,,,,,,,,,,,,,,,,,,,,,
Mike Kelly,mike kelly,173908,Mike Kelly,,,,,,,,,,,,,,,,,,,,,,
Mike Khoury & P. J. Walker,mike khoury p j walker,159350,Mike Khoury & P. J. Walker,,,,,,,,,,,,,,,,,,,,,,
Mike Kirkhart,mike kirkhart,126828,Mike Kirkhart,,,,,,,,,,,,,,,,,,,,,,
Mike Knox,mike knox,112096,Mike Knox,,,,,,,,,,,,,,,,,,,,,,
Mike Kramer,mike kramer,162332,Mike Kramer,,,,,,,,,,,,,,,,,,,,,,
Mike Kruel,mike kruel,118502,Mike Kruel,,,,,,,,,,,,,,,,,,,,,,
Mike Legacy,mike legacy,156044,Mike Legacy,,,,,,,,,,,,,,,,,,,,,,
Mike Lucca,mike lucca,168704,Mike Lucca,,,,,,,,,,,,,,,,,,,,,,
Mike Mabuccia,mike mabuccia,159418,Mike Mabuccia,,,,,,,,,,,,,,,,,,,,,,
Mike Maliacia,mike maliacia,158296,Mike Maliacia,,,,,,,,,,,,,,,,,,,,,,
Mike Marcello,mike marcello,51166,Mike Marcello,,,,,,,,,,,,,,,,,,,,,,
Mike Masters,mike masters,176252,Mike Masters,,,,,,,,,,,,,,,,,,,,,,
Mike McCord,mike mccord,134956,Mike McCord,,,,,,,,,,,,,,,,,,,,,,
Mike McReynolds,mike mcreynolds,156882,Mike McReynolds,,,,,,,,,,,,,,,,,,,,,,
Mike Micas & Randall Floyd & Shane Mercer,mike micas randall floyd shane mercer,72666,Mike Micas & Randall Floyd & Shane Mercer,,,,,,,,,,,,,,,,,,,,,,
Mike Modest,mike modest,38913,Mike Modest,,,,,,,,,,,,,,,,,,,,,,
Mike Mondo,mike mondo,94826,Mike Mondo,,,,,,,,,,,,,,,,,,,,,,
Mike Monroe,mike monroe,135366,Mike Monroe,,,,,,,,,,,,,,,,,,,,,,
Mike Moraldo,mike moraldo,157824,Mike Moraldo,,,,,,,,,,,,,,,,,,,,,,
Mike Moran,mike moran,137888,Mike Moran,,,,,,,,,,,,,,,,,,,,,,
Mike Morgan & Ross Lindsey & Todd Cumberledge,mike morgan ross lindsey todd cumberledge,166884,Mike Morgan & Ross Lindsey & Todd Cumberledge,,,,,,,,,,,,,,,,,,,,,,
Mike Noe,mike noe,130158,Mike Noe,,,,,,,,,,,,,,,,,,,,,,
Mike Norman,mike norman,8620,Mike Norman,,,,,,,,,,,,,,,,,,,,,,
Mike Owens,mike owens,132292,Mike Owens,,,,,,,,,,,,,,,,,,,,,,
Mike Paidousis,mike paidousis,133932,Mike Paidousis,,,,,,,,,,,,,,,,,,,,,,
Mike Palmer,mike palmer,108300,Mike Palmer,,,,,,,,,,,,,,,,,,,,,,
Mike Pappas,mike pappas,134934,Mike Pappas,,,,,,,,,,,,,,,,,,,,,,
Mike Park,mike park,158316,Mike Park,,,,,,,,,,,,,,,,,,,,,,
Mike Pocari & Ross Lindsey,mike pocari ross lindsey,166836,Mike Pocari & Ross Lindsey,,,,,,,,,,,,,,,,,,,,,,
Mike Pocari & Tony Ulysses,mike pocari tony ulysses,167150,Mike Pocari & Tony Ulysses,,,,,,,,,,,,,,,,,,,,,,
Mike Rallis,mike rallis,32042,Mike Rallis,,,,,,,,,,,,,,,,,,,,,,
Mike Rapada,mike rapada,37948,Mike Rapada,,,,,,,,,,,,,,,,,,,,,,
Mike Reed & Mikey Delbrey,mike reed mikey delbrey,18298,Mike Reed & Mikey Delbrey,,,,,,,,,,,,,,,,,,,,,,
Mike Richards,mike richards,170150,Mike Richards,,,,,,,,,,,,,,,,,,,,,,
Mike Roselli,mike roselli,150054,Mike Roselli,,,,,,,,,,,,,,,,,,,,,,
Mike Rotunda & Rick Steiner,mike rotunda rick steiner,38846,Mike Rotunda & Rick Steiner,,,,,,,,,,,,,,,,,,,,,,
Mike Sallito,mike sallito,158720,Mike Sallito,,,,,,,,,,,,,,,,,,,,,,
Mike Samples,mike samples,163246,Mike Samples,,,,,,,,,,,,,,,,,,,,,,
Mike Santana,mike santana,11378,Mike Santana,,,,,,,,,,,,,,,,,,,,,,
Mike Saxon,mike saxon,174698,Mike Saxon,,,,,,,,,,,,,,,,,,,,,,
Mike Scarberry,mike scarberry,168210,Mike Scarberry,,,,,,,,,,,,,,,,,,,,,,
Mike Shane & Todd Shane,mike shane todd shane,124736,Mike Shane & Todd Shane,,,,,,,,,,,,,,,,,,,,,,
Mike Shelton,mike shelton,166002,Mike Shelton,,,,,,,,,,,,,,,,,,,,,,
Mike Sloan,mike sloan,119068,Mike Sloan,,,,,,,,,,,,,,,,,,,,,,
Mike Storm,mike storm,165344,Mike Storm,,,,,,,,,,,,,,,,,,,,,,
Mike Sullivan & Nick Dinsmore,mike sullivan nick dinsmore,43982,Mike Sullivan & Nick Dinsmore,,,,,,,,,,,,,,,,,,,,,,
Mike Taylor & Tony Santarelli,mike taylor tony santarelli,122815,Mike Taylor & Tony Santarelli,,,,,,,,,,,,,,,,,,,,,,
Mike Terrence,mike terrence,159292,Mike Terrence,,,,,,,,,,,,,,,,,,,,,,
Mike Thomas,mike thomas,169190,Mike Thomas,,,,,,,,,,,,,,,,,,,,,,
Mike Thor & Todd Zane,mike thor todd zane,52370,Mike Thor & Todd Zane,,,,,,,,,,,,,,,,,,,,,,
Mike Toland,mike toland,129234,Mike Toland,,,,,,,,,,,,,,,,,,,,,,
Mike Tolbert,mike tolbert,42116,Mike Tolbert,,,,,,,,,,,,,,,,,,,,,,
Mike Tullo,mike tullo,117960,Mike Tullo,,,,,,,,,,,,,,,,,,,,,,
Mike Vega & Mikey O'Shea,mike vega mikey o shea,82662,Mike Vega & Mikey O'Shea,,,,,,,,,,,,,,,,,,,,,,
Mike Volvari,mike volvari,167504,Mike Volvari,,,,,,,,,,,,,,,,,,,,,,
Mike Wallace,mike wallace,166182,Mike Wallace,,,,,,,,,,,,,,,,,,,,,,
Mike Wayne,mike wayne,165498,Mike Wayne,,,,,,,,,,,,,,,,,,,,,,
Mike Wellington,mike wellington,120018,Mike Wellington,,,,,,,,,,,,,,,,,,,,,,
Mike Williams & Smitty Austin,mike williams smitty austin,168910,Mike Williams & Smitty Austin,,,,,,,,,,,,,,,,,,,,,,
Mike Winner,mike winner,50010,Mike Winner,,,,,,,,,,,,,,,,,,,,,,
Mikey Henderson,mikey henderson,144119,Mikey Henderson,,,,,,,,,,,,,,,,,,,,,,
Mikey Nicholls & Shane Haste,mikey nicholls shane haste,30015,Mikey Nicholls & Shane Haste,,,,,,,,,,,,,,,,,,,,,,
Mikey Nicholls & Shane Veryzer,mikey nicholls shane veryzer,29835,Mikey Nicholls & Shane Veryzer,,,,,,,,,,,,,,,,,,,,,,
Mikey Whiplash,mikey whiplash,125270,Mikey Whiplash,,,,,,,,,,,,,,,,,,,,,,
Mikey Whipwreck & Norman Smiley,mikey whipwreck norman smiley,8790,Mikey Whipwreck & Norman Smiley,,,,,,,,,,,,,,,,,,,,,,
Mikey Whipwreck & Psicosis,mikey whipwreck psicosis,308,Mikey Whipwreck & Psicosis,,,,,,,,,,,,,,,,,,,,,,
Mikey Whipwreck & Simon Diamond,mikey whipwreck simon diamond,880,Mikey Whipwreck & Simon Diamond,,,,,,,,,,,,,,,,,,,,,,
Mikey Whipwreck & Steve Austin,mikey whipwreck steve austin,8288,Mikey Whipwreck & Steve Austin,,,,,,,,,,,,,,,,,,,,,,
Mikey Whipwreck & Super Nova & The Blue Meanie,mikey whipwreck super nova the blue meanie,4120,Mikey Whipwreck & Super Nova & The Blue Meanie,,,,,,,,,,,,,,,,,,,,,,
Miki Handa & Miss A,miki handa miss a,54096,Miki Handa & Miss A,,,,,,,,,,,,,,,,,,,,,,
Mil Mascaras,mil mascaras,134025,Mil Mascaras,,,,,,,,,,,,,,,,,,,,,,
Mini Lucha Dragon #1 & Mini Lucha Dragon #2,mini lucha dragon 1 mini lucha dragon 2,33612,Mini Lucha Dragon #1 & Mini Lucha Dragon #2,,,,,,,,,,,,,,,,,,,,,,
Mini-Gator,mini gator,92300,Mini-Gator,,,,,,,,,,,,,,,,,,,,,,
Minoru Tanaka,minoru tanaka,151005,Minoru Tanaka,,,,,,,,,,,,,,,,,,,,,,
Miranda Salinas,miranda salinas,77434,Miranda Salinas,,,,,,,,,,,,,,,,,,,,,,
Miss Congeniality,miss congeniality,2058,Miss Congeniality,,,,,,,,,,,,,,,,,,,,,,
Miss Drew Renee,miss drew renee,24824,Miss Drew Renee,,,,,,,,,,,,,,,,,,,,,,
Miss Elizabeth,miss elizabeth,38564,Miss Elizabeth,,,,,,,,,,,,,,,,,,,,,,
Miss Hancock,miss hancock,37918,Miss Hancock,,,,,,,,,,,,,,,,,,,,,,
Miss Jackie,miss jackie,126108,Miss Jackie,,,,,,,,,,,,,,,,,,,,,,
Miss Kitty,miss kitty,146847,Miss Kitty,,,,,,,,,,,,,,,,,,,,,,
Miss Madness,miss madness,41671,Miss Madness,,,,,,,,,,,,,,,,,,,,,,
Missy Hyatt,missy hyatt,52887,Missy Hyatt,,,,,,,,,,,,,,,,,,,,,,
Mitch Bishop,mitch bishop,158508,Mitch Bishop,,,,,,,,,,,,,,,,,,,,,,
Mitch Casey & Scott Colton,mitch casey scott colton,168470,Mitch Casey & Scott Colton,,,,,,,,,,,,,,,,,,,,,,
Mitch Ryder,mitch ryder,147836,Mitch Ryder,,,,,,,,,,,,,,,,,,,,,,
Mitch Taverna,mitch taverna,22204,Mitch Taverna,,,,,,,,,,,,,,,,,,,,,,
Mo Sexton,mo sexton,124546,Mo Sexton,,,,,,,,,,,,,,,,,,,,,,
Mofahim,mofahim,19396,Mofahim,,,,,,,,,,,,,,,,,,,,,,
Mohamed Fahim,mohamed fahim,18524,Mohamed Fahim,,,,,,,,,,,,,,,,,,,,,,
Mojo Rawley,mojo rawley,29074,Mojo Rawley,,,,,,,,,,,,,,,,,,,,,,
Molly Holly,molly holly,125378,Molly Holly,,,,,,,,,,,,,,,,,,,,,,
Molly McShane,molly mcshane,9930,Molly McShane,,,,,,,,,,,,,,,,,,,,,,
Mona,mona,38501,Mona,,,,,,,,,,,,,,,,,,,,,,
Mondo Kleen,mondo kleen,162504,Mondo Kleen,,,,,,,,,,,,,,,,,,,,,,
Monika Klisara,monika klisara,14832,Monika Klisara,,,,,,,,,,,,,,,,,,,,,,
Montana Miller,montana miller,164836,Montana Miller,,,,,,,,,,,,,,,,,,,,,,
Montel Vontavious Porter,montel vontavious porter,110568,Montel Vontavious Porter,,,,,,,,,,,,,,,,,,,,,,
Montez Ford & Wesley Blake,montez ford wesley blake,23246,Montez Ford & Wesley Blake,,,,,,,,,,,,,,,,,,,,,,
Moondog King,moondog king,176084,Moondog King,,,,,,,,,,,,,,,,,,,,,,
Moondog Mayne,moondog mayne,135058,Moondog Mayne,,,,,,,,,,,,,,,,,,,,,,
Moondog Spot,moondog spot,173186,Moondog Spot,,,,,,,,,,,,,,,,,,,,,,
Moose,moose,10408,Moose,,,,,,,,,,,,,,,,,,,,,,
Mordecai,mordecai,127206,Mordecai,,,,,,,,,,,,,,,,,,,,,,
Morgan Bastien,morgan bastien,173352,Morgan Bastien,,,,,,,,,,,,,,,,,,,,,,
Morgus the Maniac,morgus the maniac,9818,Morgus the Maniac,,,,,,,,,,,,,,,,,,,,,,
Morishima,morishima,116131,Morishima,,,,,,,,,,,,,,,,,,,,,,
Mortis,mortis,46918,Mortis,,,,,,,,,,,,,,,,,,,,,,
Mosaic & Tarantula,mosaic tarantula,152696,Mosaic & Tarantula,,,,,,,,,,,,,,,,,,,,,,
Mosco de la Merced,mosco de la merced,2811,Mosco de la Merced,,,,,,,,,,,,,,,,,,,,,,
Moses Benmergul,moses benmergul,136837,Moses Benmergul,,,,,,,,,,,,,,,,,,,,,,
Mosh & Thrasher,mosh thrasher,81276,Mosh & Thrasher,,,,,,,,,,,,,,,,,,,,,,
Mother Smucker & Sister Angelica,mother smucker sister angelica,154103,Mother Smucker & Sister Angelica,,,,,,,,,,,,,,,,,,,,,,
Mr. America,mr america,130492,Mr. America,,,,,,,,,,,,,,,,,,,,,,
Mr. Anthony & Mr. Perez,mr anthony mr perez,10146,Mr. Anthony & Mr. Perez,,,,,,,,,,,,,,,,,,,,,,
Mr. Ass & Road Dogg,mr ass road dogg,146120,Mr. Ass & Road Dogg,,,,,,,,,,,,,,,,,,,,,,
Mr. Atlanta,mr atlanta,52068,Mr. Atlanta,,,,,,,,,,,,,,,,,,,,,,
Mr. Cena,mr cena,118622,Mr. Cena,,,,,,,,,,,,,,,,,,,,,,
Mr. Fuji & Mr. Saito,mr fuji mr saito,134042,Mr. Fuji & Mr. Saito,,,,,,,,,,,,,,,,,,,,,,
Mr. Fuji & The Magnificent Muraco,mr fuji the magnificent muraco,174526,Mr. Fuji & The Magnificent Muraco,,,,,,,,,,,,,,,,,,,,,,
Mr. Hughes,mr hughes,4086,Mr. Hughes,,,,,,,,,,,,,,,,,,,,,,
Mr. Iguana,mr iguana,10474,Mr. Iguana,,,,,,,,,,,,,,,,,,,,,,
Mr. JL & Villano IV,mr jl villano iv,48858,Mr. JL & Villano IV,,,,,,,,,,,,,,,,,,,,,,
Mr. Kennedy,mr kennedy,116261,Mr. Kennedy,,,,,,,,,,,,,,,,,,,,,,
Mr. Kleen,mr kleen,136073,Mr. Kleen,,,,,,,,,,,,,,,,,,,,,,
Mr. McMahon,mr mcmahon,65143,Mr. McMahon,,,,,,,,,,,,,,,,,,,,,,
Mr. NXT,mr nxt,34294,Mr. NXT,,,,,,,,,,,,,,,,,,,,,,
Mr. Perfect,mr perfect,133860,Mr. Perfect,,,,,,,,,,,,,,,,,,,,,,
Mr. Saito & Riki Choshu,mr saito riki choshu,175774,Mr. Saito & Riki Choshu,,,,,,,,,,,,,,,,,,,,,,
Mr. Sandman,mr sandman,10003,Mr. Sandman,,,,,,,,,,,,,,,,,,,,,,
Mr. Stone,mr stone,12622,Mr. Stone,,,,,,,,,,,,,,,,,,,,,,
Mr. T.,mr t,51757,Mr. T.,,,,,,,,,,,,,,,,,,,,,,
Mr. Wallstreet,mr wallstreet,49382,Mr. Wallstreet,,,,,,,,,,,,,,,,,,,,,,
Mr. Washington,mr washington,172406,Mr. Washington,,,,,,,,,,,,,,,,,,,,,,
Mr. Wrestling II,mr wrestling ii,174547,Mr. Wrestling II,,,,,,,,,,,,,,,,,,,,,,
Mr. X,mr x,9798,Mr. X,,,,,,,,,,,,,,,,,,,,,,
Muhammad Hassan,muhammad hassan,124628,Muhammad Hassan,,,,,,,,,,,,,,,,,,,,,,
Murphy Myers,murphy myers,75438,Murphy Myers,,,,,,,,,,,,,,,,,,,,,,
Murray Happer,murray happer,119250,Murray Happer,,,,,,,,,,,,,,,,,,,,,,
Mustafa,mustafa,3234,Mustafa,,,,,,,,,,,,,,,,,,,,,,
Myles Borne & Tank Ledger,myles borne tank ledger,15516,Myles Borne & Tank Ledger,,,,,,,,,,,,,,,,,,,,,,
Nailz,nailz,162176,Nailz,,,,,,,,,,,,,,,,,,,,,,
Naked Mideon,naked mideon,144044,Naked Mideon,,,,,,,,,,,,,,,,,,,,,,
Naomi & Nikki Bella,naomi nikki bella,79999,Naomi & Nikki Bella,,,,,,,,,,,,,,,,,,,,,,
Naomi & Tamina,naomi tamina,84018,Naomi & Tamina,,,,,,,,,,,,,,,,,,,,,,
Nasty Ned,nasty ned,51964,Nasty Ned,,,,,,,,,,,,,,,,,,,,,,
Natalya,natalya,12965,Natalya,,,,,,,,,,,,,,,,,,,,,,
Nate Nickerson,nate nickerson,118892,Nate Nickerson,,,,,,,,,,,,,,,,,,,,,,
Nathan Angel,nathan angel,10296,Nathan Angel,,,,,,,,,,,,,,,,,,,,,,
Nathan Bradley & Ronnie Ace,nathan bradley ronnie ace,74192,Nathan Bradley & Ronnie Ace,,,,,,,,,,,,,,,,,,,,,,
Nathan Cruz,nathan cruz,28644,Nathan Cruz,,,,,,,,,,,,,,,,,,,,,,
Nathan Frazer,nathan frazer,12213,Nathan Frazer,,,,,,,,,,,,,,,,,,,,,,
Nathan Jones,nathan jones,128839,Nathan Jones,,,,,,,,,,,,,,,,,,,,,,
Nathaniel Cranton,nathaniel cranton,10483,Nathaniel Cranton,,,,,,,,,,,,,,,,,,,,,,
Navajo Kid,navajo kid,149819,Navajo Kid,,,,,,,,,,,,,,,,,,,,,,
Neal Rodgers,neal rodgers,170464,Neal Rodgers,,,,,,,,,,,,,,,,,,,,,,
Nemeth Alexander & Scott James,nemeth alexander scott james,75484,Nemeth Alexander & Scott James,,,,,,,,,,,,,,,,,,,,,,
Neville,neville,30916,Neville,,,,,,,,,,,,,,,,,,,,,,
New Jack,new jack,95,New Jack,,,,,,,,,,,,,,,,,,,,,,
Nia Jax,nia jax,11079,Nia Jax,,,,,,,,,,,,,,,,,,,,,,
Nick Barberry,nick barberry,149960,Nick Barberry,,,,,,,,,,,,,,,,,,,,,,
Nick Berk,nick berk,117702,Nick Berk,,,,,,,,,,,,,,,,,,,,,,
Nick Bockwinkel,nick bockwinkel,52460,Nick Bockwinkel,,,,,,,,,,,,,,,,,,,,,,
Nick Colucci,nick colucci,118576,Nick Colucci,,,,,,,,,,,,,,,,,,,,,,
Nick Comoroto,nick comoroto,20536,Nick Comoroto,,,,,,,,,,,,,,,,,,,,,,
Nick Cutler & Willis Williams,nick cutler willis williams,81932,Nick Cutler & Willis Williams,,,,,,,,,,,,,,,,,,,,,,
Nick Danger & Tony Ulysses,nick danger tony ulysses,163142,Nick Danger & Tony Ulysses,,,,,,,,,,,,,,,,,,,,,,
Nick Golden,nick golden,153146,Nick Golden,,,,,,,,,,,,,,,,,,,,,,
Nick Kiniski,nick kiniski,172958,Nick Kiniski,,,,,,,,,,,,,,,,,,,,,,
Nick Miller,nick miller,22349,Nick Miller,,,,,,,,,,,,,,,,,,,,,,
Nick Nardone,nick nardone,97882,Nick Nardone,,,,,,,,,,,,,,,,,,,,,,
Nick Nemeth,nick nemeth,116084,Nick Nemeth,,,,,,,,,,,,,,,,,,,,,,
Nick Patrick,nick patrick,49268,Nick Patrick,,,,,,,,,,,,,,,,,,,,,,
Nick Sanders,nick sanders,65862,Nick Sanders,,,,,,,,,,,,,,,,,,,,,,
Nick Stanley,nick stanley,69362,Nick Stanley,,,,,,,,,,,,,,,,,,,,,,
Nick Synn,nick synn,125044,Nick Synn,,,,,,,,,,,,,,,,,,,,,,
Nick Tarantino,nick tarantino,162696,Nick Tarantino,,,,,,,,,,,,,,,,,,,,,,
Nick Torentino,nick torentino,157806,Nick Torentino,,,,,,,,,,,,,,,,,,,,,,
Nicky,nicky,120704,Nicky,,,,,,,,,,,,,,,,,,,,,,
Nicola Glencross,nicola glencross,29404,Nicola Glencross,,,,,,,,,,,,,,,,,,,,,,
Nicole Bass,nicole bass,148588,Nicole Bass,,,,,,,,,,,,,,,,,,,,,,
Nicole Matthews,nicole matthews,28304,Nicole Matthews,,,,,,,,,,,,,,,,,,,,,,
Nicole Savoy,nicole savoy,77406,Nicole Savoy,,,,,,,,,,,,,,,,,,,,,,
Nidia & Victoria,nidia victoria,126406,Nidia & Victoria,,,,,,,,,,,,,,,,,,,,,,
Nigel McGuinness,nigel mcguinness,124318,Nigel McGuinness,,,,,,,,,,,,,,,,,,,,,,
Nikita Koloff,nikita koloff,52632,Nikita Koloff,,,,,,,,,,,,,,,,,,,,,,
Nikki A.S.H. & Tamina,nikki a s h tamina,63736,Nikki A.S.H. & Tamina,,,,,,,,,,,,,,,,,,,,,,
Nikki Bella & Raquel Rodriguez,nikki bella raquel rodriguez,54382,Nikki Bella & Raquel Rodriguez,,,,,,,,,,,,,,,,,,,,,,
Nikki Cross,nikki cross,21990,Nikki Cross,,,,,,,,,,,,,,,,,,,,,,
Nikki Storm & Peyton Royce,nikki storm peyton royce,29524,Nikki Storm & Peyton Royce,,,,,,,,,,,,,,,,,,,,,,
Nikkita Lyons,nikkita lyons,10335,Nikkita Lyons,,,,,,,,,,,,,,,,,,,,,,
Niko Bogojevic & Tucker Knight,niko bogojevic tucker knight,28722,Niko Bogojevic & Tucker Knight,,,,,,,,,,,,,,,,,,,,,,
Niko Vance,niko vance,10343,Niko Vance,,,,,,,,,,,,,,,,,,,,,,
Nikolai Volkoff,nikolai volkoff,9894,Nikolai Volkoff,,,,,,,,,,,,,,,,,,,,,,
Niles Plonk,niles plonk,67410,Niles Plonk,,,,,,,,,,,,,,,,,,,,,,
Nito Gomez,nito gomez,167632,Nito Gomez,,,,,,,,,,,,,,,,,,,,,,
No Way Jose,no way jose,23917,No Way Jose,,,,,,,,,,,,,,,,,,,,,,
Noah Kekoa,noah kekoa,28782,Noah Kekoa,,,,,,,,,,,,,,,,,,,,,,
Noah Lott,noah lott,118472,Noah Lott,,,,,,,,,,,,,,,,,,,,,,
Noah Potjes,noah potjes,28523,Noah Potjes,,,,,,,,,,,,,,,,,,,,,,
Noam Dar,noam dar,11351,Noam Dar,,,,,,,,,,,,,,,,,,,,,,
Nobukazu Hirai,nobukazu hirai,159198,Nobukazu Hirai,,,,,,,,,,,,,,,,,,,,,,
Norman Smiley & Ralphus,norman smiley ralphus,38180,Norman Smiley & Ralphus,,,,,,,,,,,,,,,,,,,,,,
Norman Smiley & Silver King,norman smiley silver king,45064,Norman Smiley & Silver King,,,,,,,,,,,,,,,,,,,,,,
Norman Smiley & The Demon,norman smiley the demon,39076,Norman Smiley & The Demon,,,,,,,,,,,,,,,,,,,,,,
Norman The Lunatic,norman the lunatic,54183,Norman The Lunatic,,,,,,,,,,,,,,,,,,,,,,
Nova,nova,1,Nova,,,,,,,,,,,,,,,,,,,,,,
Nunzio,nunzio,12286,Nunzio,,,,,,,,,,,,,,,,,,,,,,
Nykos Rikos,nykos rikos,20672,Nykos Rikos,,,,,,,,,,,,,,,,,,,,,,
Oba Femi,oba femi,10363,Oba Femi,,,,,,,,,,,,,,,,,,,,,,
Octagon Jr.,octagon jr,55652,Octagon Jr.,,,,,,,,,,,,,,,,,,,,,,
Octagoncito & Pequeno Violencia,octagoncito pequeno violencia,122791,Octagoncito & Pequeno Violencia,,,,,,,,,,,,,,,,,,,,,,
Odie Lancaster,odie lancaster,29632,Odie Lancaster,,,,,,,,,,,,,,,,,,,,,,
Odyssey Jones,odyssey jones,15278,Odyssey Jones,,,,,,,,,,,,,,,,,,,,,,
Oklahoma,oklahoma,39789,Oklahoma,,,,,,,,,,,,,,,,,,,,,,
Oleg Prudius,oleg prudius,120445,Oleg Prudius,,,,,,,,,,,,,,,,,,,,,,
Olga Martinez,olga martinez,136732,Olga Martinez,,,,,,,,,,,,,,,,,,,,,,
Oliver Biney,oliver biney,115630,Oliver Biney,,,,,,,,,,,,,,,,,,,,,,
Oliver Grey,oliver grey,34440,Oliver Grey,,,,,,,,,,,,,,,,,,,,,,
Oliver John,oliver john,114132,Oliver John,,,,,,,,,,,,,,,,,,,,,,
Omar Atlas,omar atlas,163892,Omar Atlas,,,,,,,,,,,,,,,,,,,,,,
Omari Palmer,omari palmer,18523,Omari Palmer,,,,,,,,,,,,,,,,,,,,,,
Omos,omos,10744,Omos,,,,,,,,,,,,,,,,,,,,,,
One Man Gang,one man gang,2106,One Man Gang,,,,,,,,,,,,,,,,,,,,,,
Oney Lorcan,oney lorcan,17420,Oney Lorcan,,,,,,,,,,,,,,,,,,,,,,
Onyx,onyx,129509,Onyx,,,,,,,,,,,,,,,,,,,,,,
Orlando Jordan,orlando jordan,122186,Orlando Jordan,,,,,,,,,,,,,,,,,,,,,,
Oro Mensah,oro mensah,11523,Oro Mensah,,,,,,,,,,,,,,,,,,,,,,
Osamu Nishimura,osamu nishimura,8938,Osamu Nishimura,,,,,,,,,,,,,,,,,,,,,,
Oscar,oscar,31008,Oscar,,,,,,,,,,,,,,,,,,,,,,
Osiris Griffin & Saquon Shugars,osiris griffin saquon shugars,10446,Osiris Griffin & Saquon Shugars,,,,,,,,,,,,,,,,,,,,,,
Otis,otis,12604,Otis,,,,,,,,,,,,,,,,,,,,,,
Otis Dozovic & Raul Mendoza & Tucker Knight,otis dozovic raul mendoza tucker knight,23196,Otis Dozovic & Raul Mendoza & Tucker Knight,,,,,,,,,,,,,,,,,,,,,,
Otis Dozovic & Tucker Knight & Wesley Blake,otis dozovic tucker knight wesley blake,27963,Otis Dozovic & Tucker Knight & Wesley Blake,,,,,,,,,,,,,,,,,,,,,,
Otis Dozovic & Tucker Knight & Wolfgang,otis dozovic tucker knight wolfgang,25202,Otis Dozovic & Tucker Knight & Wolfgang,,,,,,,,,,,,,,,,,,,,,,
Otto Von Heller,otto von heller,134842,Otto Von Heller,,,,,,,,,,,,,,,,,,,,,,
Outback Jack,outback jack,171198,Outback Jack,,,,,,,,,,,,,,,,,,,,,,
Owen Hart & Razor Ramon,owen hart razor ramon,156309,Owen Hart & Razor Ramon,,,,,,,,,,,,,,,,,,,,,,
Owen Hart & Yokozuna,owen hart yokozuna,155532,Owen Hart & Yokozuna,,,,,,,,,,,,,,,,,,,,,,
Ox Anderson,ox anderson,136546,Ox Anderson,,,,,,,,,,,,,,,,,,,,,,
Ox Baker,ox baker,136029,Ox Baker,,,,,,,,,,,,,,,,,,,,,,
Oz,oz,12,Oz,,,,,,,,,,,,,,,,,,,,,,
Oz & Simon Diamond,oz simon diamond,208,Oz & Simon Diamond,,,,,,,,,,,,,,,,,,,,,,
P-Nasty,p nasty,11521,P-Nasty,,,,,,,,,,,,,,,,,,,,,,
P. J. Walker & Ross Greenberg,p j walker ross greenberg,160578,P. J. Walker & Ross Greenberg,,,,,,,,,,,,,,,,,,,,,,
P. J. Walker & Tony DeVito,p j walker tony devito,160294,P. J. Walker & Tony DeVito,,,,,,,,,,,,,,,,,,,,,,
P. N. News & Rick Steiner,p n news rick steiner,53369,P. N. News & Rick Steiner,,,,,,,,,,,,,,,,,,,,,,
P. N. News & Tony DeVito,p n news tony devito,1690,P. N. News & Tony DeVito,,,,,,,,,,,,,,,,,,,,,,
P. N. News & Vito LoGrasso,p n news vito lograsso,1868,P. N. News & Vito LoGrasso,,,,,,,,,,,,,,,,,,,,,,
PG-187,pg 187,5988,PG-187,,,,,,,,,,,,,,,,,,,,,,
PJ Vasa,pj vasa,10502,PJ Vasa,,,,,,,,,,,,,,,,,,,,,,
Pablo Crenshaw,pablo crenshaw,167994,Pablo Crenshaw,,,,,,,,,,,,,,,,,,,,,,
Pablo Iturbi,pablo iturbi,136974,Pablo Iturbi,,,,,,,,,,,,,,,,,,,,,,
Pablo Marquez,pablo marquez,3326,Pablo Marquez,,,,,,,,,,,,,,,,,,,,,,
Pablo Pena,pablo pena,8422,Pablo Pena,,,,,,,,,,,,,,,,,,,,,,
Paige,paige,33903,Paige,,,,,,,,,,,,,,,,,,,,,,
Paisley,paisley,37655,Paisley,,,,,,,,,,,,,,,,,,,,,,
Pamela Paulshock,pamela paulshock,37591,Pamela Paulshock,,,,,,,,,,,,,,,,,,,,,,
Pampero Firpo,pampero firpo,135300,Pampero Firpo,,,,,,,,,,,,,,,,,,,,,,
Pancho Boy & Sonny Boy Hayes,pancho boy sonny boy hayes,175683,Pancho Boy & Sonny Boy Hayes,,,,,,,,,,,,,,,,,,,,,,
Pancho Lopez & Sonny Boy Cassidy,pancho lopez sonny boy cassidy,136249,Pancho Lopez & Sonny Boy Cassidy,,,,,,,,,,,,,,,,,,,,,,
Pancho Lopez & Tiny Tim,pancho lopez tiny tim,136443,Pancho Lopez & Tiny Tim,,,,,,,,,,,,,,,,,,,,,,
Pancho Valdez,pancho valdez,134954,Pancho Valdez,,,,,,,,,,,,,,,,,,,,,,
Pantera & Sean Casey,pantera sean casey,148060,Pantera & Sean Casey,,,,,,,,,,,,,,,,,,,,,,
Papa Shango,papa shango,160787,Papa Shango,,,,,,,,,,,,,,,,,,,,,,
Papi C & Titan,papi c titan,91012,Papi C & Titan,,,,,,,,,,,,,,,,,,,,,,
Papi Chulo,papi chulo,3408,Papi Chulo,,,,,,,,,,,,,,,,,,,,,,
Pat Armstrong,pat armstrong,166014,Pat Armstrong,,,,,,,,,,,,,,,,,,,,,,
Pat Barrett,pat barrett,134511,Pat Barrett,,,,,,,,,,,,,,,,,,,,,,
Pat Cusick & Steven Perez,pat cusick steven perez,138374,Pat Cusick & Steven Perez,,,,,,,,,,,,,,,,,,,,,,
Pat McAfee,pat mcafee,18170,Pat McAfee,,,,,,,,,,,,,,,,,,,,,,
Pat Patterson Jr.,pat patterson jr,9803,Pat Patterson Jr.,,,,,,,,,,,,,,,,,,,,,,
Pat Rose,pat rose,52872,Pat Rose,,,,,,,,,,,,,,,,,,,,,,
Pat Silva,pat silva,108902,Pat Silva,,,,,,,,,,,,,,,,,,,,,,
Pat Tanaka,pat tanaka,438,Pat Tanaka,,,,,,,,,,,,,,,,,,,,,,
Patrick Clark,patrick clark,26902,Patrick Clark,,,,,,,,,,,,,,,,,,,,,,
Patrick Leizer,patrick leizer,124898,Patrick Leizer,,,,,,,,,,,,,,,,,,,,,,
Patrick Scott,patrick scott,24070,Patrick Scott,,,,,,,,,,,,,,,,,,,,,,
Patrick Sparks,patrick sparks,119730,Patrick Sparks,,,,,,,,,,,,,,,,,,,,,,
Patty Stone Grinder,patty stone grinder,41622,Patty Stone Grinder,,,,,,,,,,,,,,,,,,,,,,
Paul Atlas,paul atlas,147060,Paul Atlas,,,,,,,,,,,,,,,,,,,,,,
Paul Bearer,paul bearer,148856,Paul Bearer,,,,,,,,,,,,,,,,,,,,,,
Paul Brown,paul brown,54138,Paul Brown,,,,,,,,,,,,,,,,,,,,,,
Paul Bryant,paul bryant,169672,Paul Bryant,,,,,,,,,,,,,,,,,,,,,,
Paul Burchill,paul burchill,113072,Paul Burchill,,,,,,,,,,,,,,,,,,,,,,
Paul Christy,paul christy,173602,Paul Christy,,,,,,,,,,,,,,,,,,,,,,
Paul Cox,paul cox,44894,Paul Cox,,,,,,,,,,,,,,,,,,,,,,
Paul Diamond,paul diamond,5288,Paul Diamond,,,,,,,,,,,,,,,,,,,,,,
Paul E. Dangerously,paul e dangerously,52524,Paul E. Dangerously,,,,,,,,,,,,,,,,,,,,,,
Paul Fine,paul fine,169264,Paul Fine,,,,,,,,,,,,,,,,,,,,,,
Paul Fuller,paul fuller,143956,Paul Fuller,,,,,,,,,,,,,,,,,,,,,,
Paul Heyman,paul heyman,91329,Paul Heyman,,,,,,,,,,,,,,,,,,,,,,
Paul Jones,paul jones,135249,Paul Jones,,,,,,,,,,,,,,,,,,,,,,
Paul Kelly,paul kelly,175240,Paul Kelly,,,,,,,,,,,,,,,,,,,,,,
Paul Lauria,paul lauria,7606,Paul Lauria,,,,,,,,,,,,,,,,,,,,,,
Paul London,paul london,116316,Paul London,,,,,,,,,,,,,,,,,,,,,,
Paul Orndorff,paul orndorff,37767,Paul Orndorff,,,,,,,,,,,,,,,,,,,,,,
Paul Reinhardt,paul reinhardt,136520,Paul Reinhardt,,,,,,,,,,,,,,,,,,,,,,
Paul Roma,paul roma,51700,Paul Roma,,,,,,,,,,,,,,,,,,,,,,
Paul Van Dale & Tony DeVito,paul van dale tony devito,158692,Paul Van Dale & Tony DeVito,,,,,,,,,,,,,,,,,,,,,,
Paul Van Dow,paul van dow,163034,Paul Van Dow,,,,,,,,,,,,,,,,,,,,,,
Paul Vandello,paul vandello,170430,Paul Vandello,,,,,,,,,,,,,,,,,,,,,,
Paul Varelans,paul varelans,7680,Paul Varelans,,,,,,,,,,,,,,,,,,,,,,
Paul Wight,paul wight,149438,Paul Wight,,,,,,,,,,,,,,,,,,,,,,
Paula Kaye,paula kaye,134478,Paula Kaye,,,,,,,,,,,,,,,,,,,,,,
Paulo Silva,paulo silva,151203,Paulo Silva,,,,,,,,,,,,,,,,,,,,,,
Peaches & Tommy Cairo,peaches tommy cairo,9559,Peaches & Tommy Cairo,,,,,,,,,,,,,,,,,,,,,,
Peaches & Tommy Dreamer,peaches tommy dreamer,9067,Peaches & Tommy Dreamer,,,,,,,,,,,,,,,,,,,,,,
Pedro Gonzales,pedro gonzales,173590,Pedro Gonzales,,,,,,,,,,,,,,,,,,,,,,
Pedro Morales,pedro morales,34168571,Pedro Morales,,_Deceased Figthing,,,1942-10-22,Puerto Rico,,,https://r2.thesportsdb.com/images/media/player/thumb/2pqew21575313855.jpg,,_Deceased Figthing,,thesportsdb,,,,,,,,,
Pedro Rodriguez,pedro rodriguez,136582,Pedro Rodriguez,,,,,,,,,,,,,,,,,,,,,,
Pee Wee Adams & Sonny Boy Hayes,pee wee adams sonny boy hayes,135212,Pee Wee Adams & Sonny Boy Hayes,,,,,,,,,,,,,,,,,,,,,,
Pee Wee Jones,pee wee jones,50689,Pee Wee Jones,,,,,,,,,,,,,,,,,,,,,,
Peggy Lee & Vivian St. John,peggy lee vivian st john,175816,Peggy Lee & Vivian St. John,,,,,,,,,,,,,,,,,,,,,,
Peggy Lee Leather,peggy lee leather,49024,Peggy Lee Leather,,,,,,,,,,,,,,,,,,,,,,
Penina Tuilaepa,penina tuilaepa,11036,Penina Tuilaepa,,,,,,,,,,,,,,,,,,,,,,
Penny Mitchell,penny mitchell,175812,Penny Mitchell,,,,,,,,,,,,,,,,,,,,,,
Penny Pulsations,penny pulsations,9304,Penny Pulsations,,,,,,,,,,,,,,,,,,,,,,
Penta,penta,54554,Penta,,,,,,,,,,,,,,,,,,,,,,
Pepe Gonzalez,pepe gonzalez,151012,Pepe Gonzalez,,,,,,,,,,,,,,,,,,,,,,
Pepe Gómez & The Karate Kid,pepe gomez the karate kid,173629,Pepe Gómez & The Karate Kid,,,,,,,,,,,,,,,,,,,,,,
Pepper Parks,pepper parks,102192,Pepper Parks,,,,,,,,,,,,,,,,,,,,,,
Percy Watson,percy watson,35594,Percy Watson,,,,,,,,,,,,,,,,,,,,,,
Perro Aguayo,perro aguayo,154035,Perro Aguayo,,,,,,,,,,,,,,,,,,,,,,
Perry Jackson,perry jackson,167114,Perry Jackson,,,,,,,,,,,,,,,,,,,,,,
Perry Saturn,perry saturn,7108,Perry Saturn,,,,,,,,,,,,,,,,,,,,,,
Perry Wallace,perry wallace,112582,Perry Wallace,,,,,,,,,,,,,,,,,,,,,,
Persia Pirotta,persia pirotta,17058,Persia Pirotta,,,,,,,,,,,,,,,,,,,,,,
Pete Dougherty,pete dougherty,134420,Pete Dougherty,,,,,,,,,,,,,,,,,,,,,,
Pete Dunne,pete dunne,12492,Pete Dunne,,,,,,,,,,,,,,,,,,,,,,
Pete Gas,pete gas,143075,Pete Gas,,,,,,,,,,,,,,,,,,,,,,
Pete Gibson,pete gibson,108648,Pete Gibson,,,,,,,,,,,,,,,,,,,,,,
Pete Ketchum & Ricky Ataki,pete ketchum ricky ataki,172358,Pete Ketchum & Ricky Ataki,,,,,,,,,,,,,,,,,,,,,,
Pete Kitchum,pete kitchum,169944,Pete Kitchum,,,,,,,,,,,,,,,,,,,,,,
Pete Lucic,pete lucic,172038,Pete Lucic,,,,,,,,,,,,,,,,,,,,,,
Pete Sanchez,pete sanchez,134338,Pete Sanchez,,,,,,,,,,,,,,,,,,,,,,
Peter Maivia,peter maivia,133862,Peter Maivia,,,,,,,,,,,,,,,,,,,,,,
Peter Motts,peter motts,163118,Peter Motts,,,,,,,,,,,,,,,,,,,,,,
Peter Orlov,peter orlov,109458,Peter Orlov,,,,,,,,,,,,,,,,,,,,,,
Peter Platinum,peter platinum,147383,Peter Platinum,,,,,,,,,,,,,,,,,,,,,,
Peter Rosenberg,peter rosenberg,68589,Peter Rosenberg,,,,,,,,,,,,,,,,,,,,,,
Peter Weeks,peter weeks,160954,Peter Weeks,,,,,,,,,,,,,,,,,,,,,,
Pez Whatley,pez whatley,49700,Pez Whatley,,,,,,,,,,,,,,,,,,,,,,
Phantasio,phantasio,156555,Phantasio,,,,,,,,,,,,,,,,,,,,,,
Phil Apollo,phil apollo,155770,Phil Apollo,,,,,,,,,,,,,,,,,,,,,,
Phil Atlas,phil atlas,116916,Phil Atlas,,,,,,,,,,,,,,,,,,,,,,
Phil Babaghanoush,phil babaghanoush,129060,Phil Babaghanoush,,,,,,,,,,,,,,,,,,,,,,
Phil Brown,phil brown,121418,Phil Brown,,,,,,,,,,,,,,,,,,,,,,
Phil Dorchester,phil dorchester,124882,Phil Dorchester,,,,,,,,,,,,,,,,,,,,,,
Phil Friedman,phil friedman,121356,Phil Friedman,,,,,,,,,,,,,,,,,,,,,,
Phil LaFon,phil lafon,5918,Phil LaFon,,,,,,,,,,,,,,,,,,,,,,
Phil Newkirk,phil newkirk,170318,Phil Newkirk,,,,,,,,,,,,,,,,,,,,,,
Philip Gooljar & Stewart Cumberland,philip gooljar stewart cumberland,34304,Philip Gooljar & Stewart Cumberland,,,,,,,,,,,,,,,,,,,,,,
Phineas I. Godwinn,phineas i godwinn,151642,Phineas I. Godwinn,,,,,,,,,,,,,,,,,,,,,,
Phoenix,phoenix,24,Phoenix,,,,,,,,,,,,,,,,,,,,,,
Pierre Lefebvre,pierre lefebvre,175420,Pierre Lefebvre,,,,,,,,,,,,,,,,,,,,,,
Pierre Martel,pierre martel,175919,Pierre Martel,,,,,,,,,,,,,,,,,,,,,,
Pierrothito,pierrothito,123735,Pierrothito,,,,,,,,,,,,,,,,,,,,,,
Piggy James,piggy james,112654,Piggy James,,,,,,,,,,,,,,,,,,,,,,
Pink & Wink,pink wink,157753,Pink & Wink,,,,,,,,,,,,,,,,,,,,,,
Piper Niven,piper niven,55155,Piper Niven,,,,,,,,,,,,,,,,,,,,,,
Pitbull #1,pitbull 1,704,Pitbull #1,,,,,,,,,,,,,,,,,,,,,,
Pitbull #2 & Tommy Dreamer,pitbull 2 tommy dreamer,6969,Pitbull #2 & Tommy Dreamer,,,,,,,,,,,,,,,,,,,,,,
Pitbull Patterson,pitbull patterson,123912,Pitbull Patterson,,,,,,,,,,,,,,,,,,,,,,
Pitbull Rex & Pitbull Spike,pitbull rex pitbull spike,10234,Pitbull Rex & Pitbull Spike,,,,,,,,,,,,,,,,,,,,,,
Poker Face & Robert Tonto,poker face robert tonto,129566,Poker Face & Robert Tonto,,,,,,,,,,,,,,,,,,,,,,
Poker Face & Scott Vantastic,poker face scott vantastic,129534,Poker Face & Scott Vantastic,,,,,,,,,,,,,,,,,,,,,,
Porkchop Cash,porkchop cash,170158,Porkchop Cash,,,,,,,,,,,,,,,,,,,,,,
Preston Cunningham Jr.,preston cunningham jr,31380,Preston Cunningham Jr.,,,,,,,,,,,,,,,,,,,,,,
Preston James & Scott Commodity,preston james scott commodity,121680,Preston James & Scott Commodity,,,,,,,,,,,,,,,,,,,,,,
Prey Of The Dead,prey of the dead,8996,Prey Of The Dead,,,,,,,,,,,,,,,,,,,,,,
Primo & Tito Colon,primo tito colon,107718,Primo & Tito Colon,,,,,,,,,,,,,,,,,,,,,,
Primo Carnera III,primo carnera iii,8451,Primo Carnera III,,,,,,,,,,,,,,,,,,,,,,
Primo Colon,primo colon,74770,Primo Colon,,,,,,,,,,,,,,,,,,,,,,
Prince Albert,prince albert,145979,Prince Albert,,,,,,,,,,,,,,,,,,,,,,
Prince Nana,prince nana,138676,Prince Nana,,,,,,,,,,,,,,,,,,,,,,
Prince Nero,prince nero,136480,Prince Nero,,,,,,,,,,,,,,,,,,,,,,
Princesa Sugehit,princesa sugehit,77396,Princesa Sugehit,,,,,,,,,,,,,,,,,,,,,,
Princess Victoria,princess victoria,175648,Princess Victoria,,,,,,,,,,,,,,,,,,,,,,
Priscilla Kelly,priscilla kelly,74426,Priscilla Kelly,,,,,,,,,,,,,,,,,,,,,,
Priscilla Zuniga,priscilla zuniga,20664,Priscilla Zuniga,,,,,,,,,,,,,,,,,,,,,,
Professor Toru Tanaka,professor toru tanaka,134094,Professor Toru Tanaka,,,,,,,,,,,,,,,,,,,,,,
Psicosis & Silver King,psicosis silver king,48431,Psicosis & Silver King,,,,,,,,,,,,,,,,,,,,,,
Psicosis & Villano V,psicosis villano v,42094,Psicosis & Villano V,,,,,,,,,,,,,,,,,,,,,,
Psychosis,psychosis,39043,Psychosis,,,,,,,,,,,,,,,,,,,,,,
Punishment Martinez,punishment martinez,20769,Punishment Martinez,,,,,,,,,,,,,,,,,,,,,,
Purple Haze,purple haze,8668,Purple Haze,,,,,,,,,,,,,,,,,,,,,,
Q. T. Marshall,q t marshall,30880,Q. T. Marshall,,,,,,,,,,,,,,,,,,,,,,
Queasy & Sleazy,queasy sleazy,157754,Queasy & Sleazy,,,,,,,,,,,,,,,,,,,,,,
Queen Sherri,queen sherri,167317,Queen Sherri,,,,,,,,,,,,,,,,,,,,,,
Queen Zelina,queen zelina,65096,Queen Zelina,,,,,,,,,,,,,,,,,,,,,,
Quincy Elliott,quincy elliott,14536,Quincy Elliott,,,,,,,,,,,,,,,,,,,,,,
Quinson Valentino,quinson valentino,125058,Quinson Valentino,,,,,,,,,,,,,,,,,,,,,,
R-Truth,r truth,16048,R-Truth,,,,,,,,,,,,,,,,,,,,,,
R. C. Haas,r c haas,138551,R. C. Haas,,,,,,,,,,,,,,,,,,,,,,
RECKONING,reckoning,68782,RECKONING,,,,,,,,,,,,,,,,,,,,,,
REDRUM,redrum,118588,REDRUM,,,,,,,,,,,,,,,,,,,,,,
Rachael Fazio,rachael fazio,28956,Rachael Fazio,,,,,,,,,,,,,,,,,,,,,,
Rachel Ellering,rachel ellering,20336,Rachel Ellering,,,,,,,,,,,,,,,,,,,,,,
Rachel Evers,rachel evers,20526,Rachel Evers,,,,,,,,,,,,,,,,,,,,,,
Rachel Levy,rachel levy,82556,Rachel Levy,,,,,,,,,,,,,,,,,,,,,,
Rad Radford,rad radford,155718,Rad Radford,,,,,,,,,,,,,,,,,,,,,,
Radomir Petkovic,radomir petkovic,30979,Radomir Petkovic,,,,,,,,,,,,,,,,,,,,,,
Ralph Mosca,ralph mosca,159980,Ralph Mosca,,,,,,,,,,,,,,,,,,,,,,
Rambo,rambo,153271,Rambo,,,,,,,,,,,,,,,,,,,,,,
Randy Anderson,randy anderson,49267,Randy Anderson,,,,,,,,,,,,,,,,,,,,,,
Randy Barber,randy barber,173988,Randy Barber,,,,,,,,,,,,,,,,,,,,,,
Randy Blackbeard,randy blackbeard,152465,Randy Blackbeard,,,,,,,,,,,,,,,,,,,,,,
Randy Brian & Steve Lombardi,randy brian steve lombardi,171054,Randy Brian & Steve Lombardi,,,,,,,,,,,,,,,,,,,,,,
Randy Fox,randy fox,165678,Randy Fox,,,,,,,,,,,,,,,,,,,,,,
Randy Hunter & Rico Federico,randy hunter rico federico,166070,Randy Hunter & Rico Federico,,,,,,,,,,,,,,,,,,,,,,
Randy Jones,randy jones,166712,Randy Jones,,,,,,,,,,,,,,,,,,,,,,
Randy Larson,randy larson,168502,Randy Larson,,,,,,,,,,,,,,,,,,,,,,
Randy Neverman,randy neverman,167374,Randy Neverman,,,,,,,,,,,,,,,,,,,,,,
Randy Orton,randy orton,34160751,Randy Orton,,Smackdown Mens,,,1980-04-01,United States,,,https://r2.thesportsdb.com/images/media/player/thumb/qdrwx21574963756.jpg,,Smackdown Mens,,thesportsdb,,,,,,,,,
Randy Reign,randy reign,84532,Randy Reign,,,,,,,,,,,,,,,,,,,,,,
Randy Rowe,randy rowe,72108,Randy Rowe,,,,,,,,,,,,,,,,,,,,,,
Randy Savage,randy savage,34168495,Randy Savage,,_Deceased Figthing,,,1952-11-15,United States,,,https://r2.thesportsdb.com/images/media/player/thumb/s5moiv1575122686.jpg,,_Deceased Figthing,,thesportsdb,,,,,,,,,
Randy Sharkey,randy sharkey,165564,Randy Sharkey,,,,,,,,,,,,,,,,,,,,,,
Randy Spear,randy spear,169130,Randy Spear,,,,,,,,,,,,,,,,,,,,,,
Randy Starr,randy starr,9762,Randy Starr,,,,,,,,,,,,,,,,,,,,,,
Randy Taylor,randy taylor,165884,Randy Taylor,,,,,,,,,,,,,,,,,,,,,,
Randy Thatcher,randy thatcher,165384,Randy Thatcher,,,,,,,,,,,,,,,,,,,,,,
Randy Tyler,randy tyler,169970,Randy Tyler,,,,,,,,,,,,,,,,,,,,,,
Ranger Ross,ranger ross,54121,Ranger Ross,,,,,,,,,,,,,,,,,,,,,,
Ranjin Singh,ranjin singh,117850,Ranjin Singh,,,,,,,,,,,,,,,,,,,,,,
Raquel Diaz & Skyler Moon,raquel diaz skyler moon,36387,Raquel Diaz & Skyler Moon,,,,,,,,,,,,,,,,,,,,,,
Raquel Gonzalez,raquel gonzalez,17155,Raquel Gonzalez,,,,,,,,,,,,,,,,,,,,,,
Raquel Rodriguez & Roxanne Perez,raquel rodriguez roxanne perez,10951,Raquel Rodriguez & Roxanne Perez,,,,,,,,,,,,,,,,,,,,,,
Rasheed Brown,rasheed brown,122378,Rasheed Brown,,,,,,,,,,,,,,,,,,,,,,
Rasta the Voodoo Man,rasta the voodoo man,10109,Rasta the Voodoo Man,,,,,,,,,,,,,,,,,,,,,,
Raul Mato,raul mato,171780,Raul Mato,,,,,,,,,,,,,,,,,,,,,,
Raven,raven,650,Raven,,,,,,,,,,,,,,,,,,,,,,
Ray Garcia,ray garcia,165026,Ray Garcia,,,,,,,,,,,,,,,,,,,,,,
Ray Hammer,ray hammer,166406,Ray Hammer,,,,,,,,,,,,,,,,,,,,,,
Ray Hudson,ray hudson,157660,Ray Hudson,,,,,,,,,,,,,,,,,,,,,,
Ray Jazikoff,ray jazikoff,71336,Ray Jazikoff,,,,,,,,,,,,,,,,,,,,,,
Ray Lyn,ray lyn,80114,Ray Lyn,,,,,,,,,,,,,,,,,,,,,,
Ray Majori,ray majori,167358,Ray Majori,,,,,,,,,,,,,,,,,,,,,,
Ray Oakley & Todd Becker,ray oakley todd becker,168230,Ray Oakley & Todd Becker,,,,,,,,,,,,,,,,,,,,,,
Ray Odyssey,ray odyssey,9036,Ray Odyssey,,,,,,,,,,,,,,,,,,,,,,
Ray Roy,ray roy,159310,Ray Roy,,,,,,,,,,,,,,,,,,,,,,
Ray Stevens,ray stevens,135143,Ray Stevens,,,,,,,,,,,,,,,,,,,,,,
Ray Traylor,ray traylor,46411,Ray Traylor,,,,,,,,,,,,,,,,,,,,,,
Ray Vance,ray vance,173792,Ray Vance,,,,,,,,,,,,,,,,,,,,,,
Ray Williams,ray williams,165388,Ray Williams,,,,,,,,,,,,,,,,,,,,,,
Raymond Clark,raymond clark,151738,Raymond Clark,,,,,,,,,,,,,,,,,,,,,,
Raymond Hammer,raymond hammer,166374,Raymond Hammer,,,,,,,,,,,,,,,,,,,,,,
Raymond Rougeau & Sivi Afi,raymond rougeau sivi afi,173742,Raymond Rougeau & Sivi Afi,,,,,,,,,,,,,,,,,,,,,,
Razor Ramon II,razor ramon ii,154082,Razor Ramon II,,,,,,,,,,,,,,,,,,,,,,
Reckless Youth,reckless youth,3935,Reckless Youth,,,,,,,,,,,,,,,,,,,,,,
Recon,recon,151892,Recon,,,,,,,,,,,,,,,,,,,,,,
Red Bastien,red bastien,135608,Red Bastien,,,,,,,,,,,,,,,,,,,,,,
Red Demon,red demon,173116,Red Demon,,,,,,,,,,,,,,,,,,,,,,
Red Fox & Royce Royal,red fox royce royal,162414,Red Fox & Royce Royal,,,,,,,,,,,,,,,,,,,,,,
Red Tyler,red tyler,158510,Red Tyler,,,,,,,,,,,,,,,,,,,,,,
Redd Dogg,redd dogg,182,Redd Dogg,,,,,,,,,,,,,,,,,,,,,,
Reggie Parks,reggie parks,173572,Reggie Parks,,,,,,,,,,,,,,,,,,,,,,
Reggie White,reggie white,48754,Reggie White,,,,,,,,,,,,,,,,,,,,,,
Reginald,reginald,67577,Reginald,,,,,,,,,,,,,,,,,,,,,,
Reina Gonzalez,reina gonzalez,18871,Reina Gonzalez,,,,,,,,,,,,,,,,,,,,,,
Reina Jubuki,reina jubuki,49864,Reina Jubuki,,,,,,,,,,,,,,,,,,,,,,
Ren Jones,ren jones,62324,Ren Jones,,,,,,,,,,,,,,,,,,,,,,
Rene Dupree & Robert Conway,rene dupree robert conway,128684,Rene Dupree & Robert Conway,,,,,,,,,,,,,,,,,,,,,,
Rene Dupree & Sylvain Grenier,rene dupree sylvain grenier,119995,Rene Dupree & Sylvain Grenier,,,,,,,,,,,,,,,,,,,,,,
Rene Goulet,rene goulet,135294,Rene Goulet,,,,,,,,,,,,,,,,,,,,,,
Renee Michelle,renee michelle,77442,Renee Michelle,,,,,,,,,,,,,,,,,,,,,,
Reno,reno,36628,Reno,,,,,,,,,,,,,,,,,,,,,,
Repo Man,repo man,161508,Repo Man,,,,,,,,,,,,,,,,,,,,,,
Reverend D-Von,reverend d von,132061,Reverend D-Von,,,,,,,,,,,,,,,,,,,,,,
Rex Farmer,rex farmer,172372,Rex Farmer,,,,,,,,,,,,,,,,,,,,,,
Rex Gibson & Rich Gibson,rex gibson rich gibson,74746,Rex Gibson & Rich Gibson,,,,,,,,,,,,,,,,,,,,,,
Rex King & Wolfie D.,rex king wolfie d,3956,Rex King & Wolfie D.,,,,,,,,,,,,,,,,,,,,,,
Rey Fenix,rey fenix,54286,Rey Fenix,,,,,,,,,,,,,,,,,,,,,,
Rey Mysterio & Sin Cara (II),rey mysterio sin cara ii,95946,Rey Mysterio & Sin Cara (II),,,,,,,,,,,,,,,,,,,,,,
Rey Mysterio & Tajiri,rey mysterio tajiri,130748,Rey Mysterio & Tajiri,,,,,,,,,,,,,,,,,,,,,,
Rey Ortiz,rey ortiz,149581,Rey Ortiz,,,,,,,,,,,,,,,,,,,,,,
Rezar & Scott Dawson,rezar scott dawson,73294,Rezar & Scott Dawson,,,,,,,,,,,,,,,,,,,,,,
Rhea Ripley,rhea ripley,14691,Rhea Ripley,,,,,,,,,,,,,,,,,,,,,,
Rhino,rhino,15,Rhino,,,,,,,,,,,,,,,,,,,,,,
Rhonda Singh,rhonda singh,38563,Rhonda Singh,,,,,,,,,,,,,,,,,,,,,,
Rhyno,rhyno,29428,Rhyno,,,,,,,,,,,,,,,,,,,,,,
Ric Boog,ric boog,21816,Ric Boog,,,,,,,,,,,,,,,,,,,,,,
Ric Flair,ric flair,36576,Ric Flair,,,,,,,,,,,,,,,,,,,,,,
Ricardo Rodriguez,ricardo rodriguez,97587,Ricardo Rodriguez,,,,,,,,,,,,,,,,,,,,,,
Rich Myers,rich myers,151484,Rich Myers,,,,,,,,,,,,,,,,,,,,,,
Rich Swann,rich swann,27175,Rich Swann,,,,,,,,,,,,,,,,,,,,,,
Rich Wise,rich wise,69446,Rich Wise,,,,,,,,,,,,,,,,,,,,,,
Richard Morton,richard morton,52898,Richard Morton,,,,,,,,,,,,,,,,,,,,,,
Richard Myers,richard myers,162262,Richard Myers,,,,,,,,,,,,,,,,,,,,,,
Richie Garvin,richie garvin,164494,Richie Garvin,,,,,,,,,,,,,,,,,,,,,,
Richie Rich,richie rich,158176,Richie Rich,,,,,,,,,,,,,,,,,,,,,,
Richie Steamboat & Trent Barreta,richie steamboat trent barreta,36193,Richie Steamboat & Trent Barreta,,,,,,,,,,,,,,,,,,,,,,
Rick Cornell,rick cornell,39046,Rick Cornell,,,,,,,,,,,,,,,,,,,,,,
Rick Gantner & Tom Stone,rick gantner tom stone,170288,Rick Gantner & Tom Stone,,,,,,,,,,,,,,,,,,,,,,
Rick Gantner & Tony Leone,rick gantner tony leone,171076,Rick Gantner & Tony Leone,,,,,,,,,,,,,,,,,,,,,,
Rick Gantner & Tony Ulysses,rick gantner tony ulysses,171046,Rick Gantner & Tony Ulysses,,,,,,,,,,,,,,,,,,,,,,
Rick Garcia,rick garcia,51426,Rick Garcia,,,,,,,,,,,,,,,,,,,,,,
Rick Hardrock,rick hardrock,54024,Rick Hardrock,,,,,,,,,,,,,,,,,,,,,,
Rick Hunter,rick hunter,171282,Rick Hunter,,,,,,,,,,,,,,,,,,,,,,
Rick Johnson,rick johnson,163190,Rick Johnson,,,,,,,,,,,,,,,,,,,,,,
Rick Keyes,rick keyes,148062,Rick Keyes,,,,,,,,,,,,,,,,,,,,,,
Rick Martel,rick martel,45576,Rick Martel,,,,,,,,,,,,,,,,,,,,,,
Rick McGraw,rick mcgraw,174680,Rick McGraw,,,,,,,,,,,,,,,,,,,,,,
Rick Michaels,rick michaels,36828,Rick Michaels,,,,,,,,,,,,,,,,,,,,,,
Rick Perez,rick perez,10272,Rick Perez,,,,,,,,,,,,,,,,,,,,,,
Rick Ramirez,rick ramirez,23362,Rick Ramirez,,,,,,,,,,,,,,,,,,,,,,
Rick Rice,rick rice,165788,Rick Rice,,,,,,,,,,,,,,,,,,,,,,
Rick Rude,rick rude,52061,Rick Rude,,,,,,,,,,,,,,,,,,,,,,
Rick Sampson,rick sampson,166504,Rick Sampson,,,,,,,,,,,,,,,,,,,,,,
Rick Santana,rick santana,157600,Rick Santana,,,,,,,,,,,,,,,,,,,,,,
Rick Sexton,rick sexton,135982,Rick Sexton,,,,,,,,,,,,,,,,,,,,,,
Rick Steiner & Scott Steiner,rick steiner scott steiner,8459,Rick Steiner & Scott Steiner,,,,,,,,,,,,,,,,,,,,,,
Rick Steiner & Sid Vicious,rick steiner sid vicious,41289,Rick Steiner & Sid Vicious,,,,,,,,,,,,,,,,,,,,,,
Rick Steiner & The Nightstalker,rick steiner the nightstalker,53076,Rick Steiner & The Nightstalker,,,,,,,,,,,,,,,,,,,,,,
Rick Stokhauser,rick stokhauser,155940,Rick Stokhauser,,,,,,,,,,,,,,,,,,,,,,
Rick Stone,rick stone,152710,Rick Stone,,,,,,,,,,,,,,,,,,,,,,
Rick Thames & Sonny Trout,rick thames sonny trout,48342,Rick Thames & Sonny Trout,,,,,,,,,,,,,,,,,,,,,,
Rick Vain,rick vain,141486,Rick Vain,,,,,,,,,,,,,,,,,,,,,,
Rick Victor,rick victor,35192,Rick Victor,,,,,,,,,,,,,,,,,,,,,,
Ricky Ataki & Stephen DeLeon,ricky ataki stephen deleon,165940,Ricky Ataki & Stephen DeLeon,,,,,,,,,,,,,,,,,,,,,,
Ricky Banderas,ricky banderas,1476,Ricky Banderas,,,,,,,,,,,,,,,,,,,,,,
Ricky Hatton,ricky hatton,113185,Ricky Hatton,,,,,,,,,,,,,,,,,,,,,,
Ricky McDaniel,ricky mcdaniel,146715,Ricky McDaniel,,,,,,,,,,,,,,,,,,,,,,
Ricky Morton,ricky morton,6904,Ricky Morton,,,,,,,,,,,,,,,,,,,,,,
Ricky Ortiz,ricky ortiz,113914,Ricky Ortiz,,,,,,,,,,,,,,,,,,,,,,
Ricky Rage,ricky rage,7098,Ricky Rage,,,,,,,,,,,,,,,,,,,,,,
Ricky Rich,ricky rich,158648,Ricky Rich,,,,,,,,,,,,,,,,,,,,,,
Ricky Saints,ricky saints,10309,Ricky Saints,,,,,,,,,,,,,,,,,,,,,,
Ricky Santana & The Cuban Assassin,ricky santana the cuban assassin,3272,Ricky Santana & The Cuban Assassin,,,,,,,,,,,,,,,,,,,,,,
Ricky Starks & Rob Barnes,ricky starks rob barnes,103636,Ricky Starks & Rob Barnes,,,,,,,,,,,,,,,,,,,,,,
Ricky Steamboat & Sivi Afi,ricky steamboat sivi afi,174165,Ricky Steamboat & Sivi Afi,,,,,,,,,,,,,,,,,,,,,,
Ricky Steamboat & Tom Zenk,ricky steamboat tom zenk,52466,Ricky Steamboat & Tom Zenk,,,,,,,,,,,,,,,,,,,,,,
Ricky Vega,ricky vega,127994,Ricky Vega,,,,,,,,,,,,,,,,,,,,,,
Rico & Steven Richards,rico steven richards,129136,Rico & Steven Richards,,,,,,,,,,,,,,,,,,,,,,
Rico Constantino,rico constantino,138146,Rico Constantino,,,,,,,,,,,,,,,,,,,,,,
Ricochet,ricochet,16341,Ricochet,,,,,,,,,,,,,,,,,,,,,,
Riddick Moss,riddick moss,19515,Riddick Moss,,,,,,,,,,,,,,,,,,,,,,
Ridge Holland,ridge holland,10913,Ridge Holland,,,,,,,,,,,,,,,,,,,,,,
Rik Bugez,rik bugez,18491,Rik Bugez,,,,,,,,,,,,,,,,,,,,,,
Rikishi,rikishi,103969,Rikishi,,,,,,,,,,,,,,,,,,,,,,
Rikki Nelson,rikki nelson,139224,Rikki Nelson,,,,,,,,,,,,,,,,,,,,,,
Riley Osborne,riley osborne,11786,Riley Osborne,,,,,,,,,,,,,,,,,,,,,,
Ringlord #1 & Ringlord #2,ringlord 1 ringlord 2,155012,Ringlord #1 & Ringlord #2,,,,,,,,,,,,,,,,,,,,,,
Ringo Ryan & Tiger Ali,ringo ryan tiger ali,80186,Ringo Ryan & Tiger Ali,,,,,,,,,,,,,,,,,,,,,,
Rinku & Saurav,rinku saurav,18297,Rinku & Saurav,,,,,,,,,,,,,,,,,,,,,,
Rinku Singh & Saurav Gurjar,rinku singh saurav gurjar,18530,Rinku Singh & Saurav Gurjar,,,,,,,,,,,,,,,,,,,,,,
Rip Oliver,rip oliver,171931,Rip Oliver,,,,,,,,,,,,,,,,,,,,,,
Rip Rogers,rip rogers,53160,Rip Rogers,,,,,,,,,,,,,,,,,,,,,,
River Rat,river rat,131448,River Rat,,,,,,,,,,,,,,,,,,,,,,
Road Warrior Hawk,road warrior hawk,9611,Road Warrior Hawk,,,,,,,,,,,,,,,,,,,,,,
Roadblock,roadblock,45462,Roadblock,,,,,,,,,,,,,,,,,,,,,,
Rob Allen & Scott Casey,rob allen scott casey,165922,Rob Allen & Scott Casey,,,,,,,,,,,,,,,,,,,,,,
Rob Begley,rob begley,124614,Rob Begley,,,,,,,,,,,,,,,,,,,,,,
Rob Cabildo,rob cabildo,104120,Rob Cabildo,,,,,,,,,,,,,,,,,,,,,,
Rob Conway,rob conway,120400,Rob Conway,,,,,,,,,,,,,,,,,,,,,,
Rob Eckos,rob eckos,117688,Rob Eckos,,,,,,,,,,,,,,,,,,,,,,
Rob Gronkowski,rob gronkowski,69966,Rob Gronkowski,,,,,,,,,,,,,,,,,,,,,,
Rob Jones & Tom Zeller,rob jones tom zeller,165588,Rob Jones & Tom Zeller,,,,,,,,,,,,,,,,,,,,,,
Rob Kellum,rob kellum,43639,Rob Kellum,,,,,,,,,,,,,,,,,,,,,,
Rob McManus,rob mcmanus,141488,Rob McManus,,,,,,,,,,,,,,,,,,,,,,
Rob Rollenbeck,rob rollenbeck,72312,Rob Rollenbeck,,,,,,,,,,,,,,,,,,,,,,
Rob Ryzin,rob ryzin,26860,Rob Ryzin,,,,,,,,,,,,,,,,,,,,,,
Rob Stone,rob stone,71861,Rob Stone,,,,,,,,,,,,,,,,,,,,,,
Rob Van Dam,rob van dam,53,Rob Van Dam,,,,,,,,,,,,,,,,,,,,,,
Rob Williams,rob williams,39714,Rob Williams,,,,,,,,,,,,,,,,,,,,,,
Robbie Dawber,robbie dawber,124176,Robbie Dawber,,,,,,,,,,,,,,,,,,,,,,
Robbie Mathews & Yanni Greeko,robbie mathews yanni greeko,102208,Robbie Mathews & Yanni Greeko,,,,,,,,,,,,,,,,,,,,,,
Robbie McAllister & Rory McAllister,robbie mcallister rory mcallister,116208,Robbie McAllister & Rory McAllister,,,,,,,,,,,,,,,,,,,,,,
Robbie McPhear,robbie mcphear,152475,Robbie McPhear,,,,,,,,,,,,,,,,,,,,,,
Robbie Rage,robbie rage,36718,Robbie Rage,,,,,,,,,,,,,,,,,,,,,,
Robbie Sampson,robbie sampson,163784,Robbie Sampson,,,,,,,,,,,,,,,,,,,,,,
Robby Backer & Sonny Pruitt,robby backer sonny pruitt,157484,Robby Backer & Sonny Pruitt,,,,,,,,,,,,,,,,,,,,,,
Robert Anthony,robert anthony,26888,Robert Anthony,,,,,,,,,,,,,,,,,,,,,,
Robert Conway & Sylvain Grenier,robert conway sylvain grenier,125372,Robert Conway & Sylvain Grenier,,,,,,,,,,,,,,,,,,,,,,
Robert Duranton,robert duranton,136318,Robert Duranton,,,,,,,,,,,,,,,,,,,,,,
Robert Fuller,robert fuller,134893,Robert Fuller,,,,,,,,,,,,,,,,,,,,,,
Robert Fury,robert fury,125052,Robert Fury,,,,,,,,,,,,,,,,,,,,,,
Robert Roode,robert roode,17030,Robert Roode,,,,,,,,,,,,,,,,,,,,,,
Robert Stone,robert stone,17344,Robert Stone,,,,,,,,,,,,,,,,,,,,,,
Roberto Gonzalez,roberto gonzalez,136052,Roberto Gonzalez,,,,,,,,,,,,,,,,,,,,,,
Roberto Soto,roberto soto,175994,Roberto Soto,,,,,,,,,,,,,,,,,,,,,,
Robin Idle,robin idle,169800,Robin Idle,,,,,,,,,,,,,,,,,,,,,,
Rock Wagner & Todd Becker,rock wagner todd becker,154840,Rock Wagner & Todd Becker,,,,,,,,,,,,,,,,,,,,,,
Rock Warner & Tom Stone,rock warner tom stone,158518,Rock Warner & Tom Stone,,,,,,,,,,,,,,,,,,,,,,
Rock Werner,rock werner,157164,Rock Werner,,,,,,,,,,,,,,,,,,,,,,
Rockabilly,rockabilly,152734,Rockabilly,,,,,,,,,,,,,,,,,,,,,,
Rockin' Rebel,rockin rebel,9223,Rockin' Rebel,,,,,,,,,,,,,,,,,,,,,,
Rockin' Robin,rockin robin,169351,Rockin' Robin,,,,,,,,,,,,,,,,,,,,,,
Rocky,rocky,18654,Rocky,,,,,,,,,,,,,,,,,,,,,,
Rod Begnaud,rod begnaud,149913,Rod Begnaud,,,,,,,,,,,,,,,,,,,,,,
Rod Bell,rod bell,153210,Rod Bell,,,,,,,,,,,,,,,,,,,,,,
Rod Price,rod price,1882,Rod Price,,,,,,,,,,,,,,,,,,,,,,
Rod Steel,rod steel,138888,Rod Steel,,,,,,,,,,,,,,,,,,,,,,
Roddy Piper,roddy piper,40121,Roddy Piper,,,,,,,,,,,,,,,,,,,,,,
Roderick Strong,roderick strong,16454,Roderick Strong,,,,,,,,,,,,,,,,,,,,,,
Rodney Anoui,rodney anoui,156364,Rodney Anoui,,,,,,,,,,,,,,,,,,,,,,
Rodney Mack,rodney mack,126400,Rodney Mack,,,,,,,,,,,,,,,,,,,,,,
Rodrageous,rodrageous,143077,Rodrageous,,,,,,,,,,,,,,,,,,,,,,
Roger Boone,roger boone,48952,Roger Boone,,,,,,,,,,,,,,,,,,,,,,
Roger Dupree,roger dupree,137054,Roger Dupree,,,,,,,,,,,,,,,,,,,,,,
Roger Kirby,roger kirby,174120,Roger Kirby,,,,,,,,,,,,,,,,,,,,,,
Rolling Thunder,rolling thunder,8454,Rolling Thunder,,,,,,,,,,,,,,,,,,,,,,
Roman Cornell,roman cornell,114074,Roman Cornell,,,,,,,,,,,,,,,,,,,,,,
Roman Reigns,roman reigns,34160752,Roman Reigns,,Smackdown Mens,,,1985-05-25,United States,,,https://r2.thesportsdb.com/images/media/player/thumb/28le291574973222.jpg,,Smackdown Mens,,thesportsdb,,,,,,,,,
Romeo Bliss,romeo bliss,143414,Romeo Bliss,,,,,,,,,,,,,,,,,,,,,,
Ron Bass,ron bass,169581,Ron Bass,,,,,,,,,,,,,,,,,,,,,,
Ron Cumberland,ron cumberland,165150,Ron Cumberland,,,,,,,,,,,,,,,,,,,,,,
Ron Cumberledge,ron cumberledge,158512,Ron Cumberledge,,,,,,,,,,,,,,,,,,,,,,
Ron Fuller,ron fuller,135003,Ron Fuller,,,,,,,,,,,,,,,,,,,,,,
Ron Garvin,ron garvin,167241,Ron Garvin,,,,,,,,,,,,,,,,,,,,,,
Ron Killings,ron killings,116686,Ron Killings,,,,,,,,,,,,,,,,,,,,,,
Ron Mickolajoka,ron mickolajoka,134235,Ron Mickolajoka,,,,,,,,,,,,,,,,,,,,,,
Ron Neal,ron neal,160612,Ron Neal,,,,,,,,,,,,,,,,,,,,,,
Ron Powers,ron powers,49284,Ron Powers,,,,,,,,,,,,,,,,,,,,,,
Ron Preston & Tommy Stevenson,ron preston tommy stevenson,161554,Ron Preston & Tommy Stevenson,,,,,,,,,,,,,,,,,,,,,,
Ron Reed,ron reed,136572,Ron Reed,,,,,,,,,,,,,,,,,,,,,,
Ron Sanders,ron sanders,135744,Ron Sanders,,,,,,,,,,,,,,,,,,,,,,
Ron Shaw,ron shaw,173992,Ron Shaw,,,,,,,,,,,,,,,,,,,,,,
Ron Simmons,ron simmons,8721,Ron Simmons,,,,,,,,,,,,,,,,,,,,,,
Ron Studd,ron studd,49938,Ron Studd,,,,,,,,,,,,,,,,,,,,,,
Ron Waterman,ron waterman,133598,Ron Waterman,,,,,,,,,,,,,,,,,,,,,,
Ronda Rousey,ronda rousey,60684,Ronda Rousey,,,,,,,,,,,,,,,,,,,,,,
Ronnie Etchison,ronnie etchison,136090,Ronnie Etchison,,,,,,,,,,,,,,,,,,,,,,
Ronnie Garvin,ronnie garvin,166745,Ronnie Garvin,,,,,,,,,,,,,,,,,,,,,,
Ronnie Vegas,ronnie vegas,52058,Ronnie Vegas,,,,,,,,,,,,,,,,,,,,,,
Ronny Fails,ronny fails,168956,Ronny Fails,,,,,,,,,,,,,,,,,,,,,,
Rory Fargo,rory fargo,113656,Rory Fargo,,,,,,,,,,,,,,,,,,,,,,
Rory Fox,rory fox,117618,Rory Fox,,,,,,,,,,,,,,,,,,,,,,
Rory McGregor,rory mcgregor,127452,Rory McGregor,,,,,,,,,,,,,,,,,,,,,,
Rosa Mendes,rosa mendes,92412,Rosa Mendes,,,,,,,,,,,,,,,,,,,,,,
Rosemary,rosemary,12500,Rosemary,,,,,,,,,,,,,,,,,,,,,,
Ross Browner,ross browner,169620,Ross Browner,,,,,,,,,,,,,,,,,,,,,,
Ross Sacala,ross sacala,144407,Ross Sacala,,,,,,,,,,,,,,,,,,,,,,
Roy Johnson,roy johnson,78539,Roy Johnson,,,,,,,,,,,,,,,,,,,,,,
Roy Raymond,roy raymond,152186,Roy Raymond,,,,,,,,,,,,,,,,,,,,,,
Ru Feng,ru feng,16272,Ru Feng,,,,,,,,,,,,,,,,,,,,,,
Ruben Iglesias,ruben iglesias,67280,Ruben Iglesias,,,,,,,,,,,,,,,,,,,,,,
Ruby Riot & Sarah Logan,ruby riot sarah logan,25475,Ruby Riot & Sarah Logan,,,,,,,,,,,,,,,,,,,,,,
Ruckus,ruckus,146192,Ruckus,,,,,,,,,,,,,,,,,,,,,,
Rudi Flores,rudi flores,162016,Rudi Flores,,,,,,,,,,,,,,,,,,,,,,
Rudi Gonzalez,rudi gonzalez,160882,Rudi Gonzalez,,,,,,,,,,,,,,,,,,,,,,
Rudy Boy Gonzales,rudy boy gonzales,53612,Rudy Boy Gonzales,,,,,,,,,,,,,,,,,,,,,,
Rudy Cooper,rudy cooper,127490,Rudy Cooper,,,,,,,,,,,,,,,,,,,,,,
Rudy Diamond & Steve Regal,rudy diamond steve regal,173888,Rudy Diamond & Steve Regal,,,,,,,,,,,,,,,,,,,,,,
Rudy Rude,rudy rude,142908,Rudy Rude,,,,,,,,,,,,,,,,,,,,,,
Rudy Ryder,rudy ryder,172856,Rudy Ryder,,,,,,,,,,,,,,,,,,,,,,
Rugged Russian #1 & Rugged Russian #2,rugged russian 1 rugged russian 2,135328,Rugged Russian #1 & Rugged Russian #2,,,,,,,,,,,,,,,,,,,,,,
Rusev,rusev,10942,Rusev,,,,,,,,,,,,,,,,,,,,,,
Russ Greenberg,russ greenberg,156406,Russ Greenberg,,,,,,,,,,,,,,,,,,,,,,
Russ McCullough,russ mccullough,139572,Russ McCullough,,,,,,,,,,,,,,,,,,,,,,
Russ Taylor,russ taylor,72382,Russ Taylor,,,,,,,,,,,,,,,,,,,,,,
Russell Simpson,russell simpson,120714,Russell Simpson,,,,,,,,,,,,,,,,,,,,,,
Rusty Brooks,rusty brooks,169806,Rusty Brooks,,,,,,,,,,,,,,,,,,,,,,
Rusty Riddle,rusty riddle,168238,Rusty Riddle,,,,,,,,,,,,,,,,,,,,,,
Rusty Thomas,rusty thomas,159970,Rusty Thomas,,,,,,,,,,,,,,,,,,,,,,
Rutherford P.S. Hayes & Willard Fillmore,rutherford p s hayes willard fillmore,104398,Rutherford P.S. Hayes & Willard Fillmore,,,,,,,,,,,,,,,,,,,,,,
Ryan Braddock,ryan braddock,115648,Ryan Braddock,,,,,,,,,,,,,,,,,,,,,,
Ryan Gingell,ryan gingell,70720,Ryan Gingell,,,,,,,,,,,,,,,,,,,,,,
Ryan Mitchell,ryan mitchell,55594,Ryan Mitchell,,,,,,,,,,,,,,,,,,,,,,
Ryan O'Reilly,ryan o reilly,118624,Ryan O'Reilly,,,,,,,,,,,,,,,,,,,,,,
Ryan Scott,ryan scott,159078,Ryan Scott,,,,,,,,,,,,,,,,,,,,,,
Ryan Taylor,ryan taylor,115784,Ryan Taylor,,,,,,,,,,,,,,,,,,,,,,
Ryan Wilson,ryan wilson,119243,Ryan Wilson,,,,,,,,,,,,,,,,,,,,,,
Ryback,ryback,32937,Ryback,,,,,,,,,,,,,,,,,,,,,,
SLAPJACK,slapjack,67792,SLAPJACK,,,,,,,,,,,,,,,,,,,,,,
Saba Simba,saba simba,166315,Saba Simba,,,,,,,,,,,,,,,,,,,,,,
Sable,sable,127208,Sable,,,,,,,,,,,,,,,,,,,,,,
Sabu,sabu,1287,Sabu,,,,,,,,,,,,,,,,,,,,,,
Sage Beckett,sage beckett,24481,Sage Beckett,,,,,,,,,,,,,,,,,,,,,,
Sage Miller & Victoria Gonzalez,sage miller victoria gonzalez,26521,Sage Miller & Victoria Gonzalez,,,,,,,,,,,,,,,,,,,,,,
Sakie Hasegawa,sakie hasegawa,159206,Sakie Hasegawa,,,,,,,,,,,,,,,,,,,,,,
Sakoda,sakoda,127180,Sakoda,,,,,,,,,,,,,,,,,,,,,,
Sal Bellomo,sal bellomo,9599,Sal Bellomo,,,,,,,,,,,,,,,,,,,,,,
Sal E. Graziano,sal e graziano,113,Sal E. Graziano,,,,,,,,,,,,,,,,,,,,,,
Sal Sergio,sal sergio,66040,Sal Sergio,,,,,,,,,,,,,,,,,,,,,,
Salvatore Bellomo,salvatore bellomo,7557,Salvatore Bellomo,,,,,,,,,,,,,,,,,,,,,,
Salvatore Sincere,salvatore sincere,152313,Salvatore Sincere,,,,,,,,,,,,,,,,,,,,,,
Sam Cody,sam cody,173142,Sam Cody,,,,,,,,,,,,,,,,,,,,,,
Sam Fatu,sam fatu,5024,Sam Fatu,,,,,,,,,,,,,,,,,,,,,,
Sam Gradwell,sam gradwell,78517,Sam Gradwell,,,,,,,,,,,,,,,,,,,,,,
Sam Houston,sam houston,53471,Sam Houston,,,,,,,,,,,,,,,,,,,,,,
Sam Smothers,sam smothers,64916,Sam Smothers,,,,,,,,,,,,,,,,,,,,,,
Sam Steel,sam steel,165410,Sam Steel,,,,,,,,,,,,,,,,,,,,,,
Samantha De Martin,samantha de martin,19112,Samantha De Martin,,,,,,,,,,,,,,,,,,,,,,
Sami Callihan,sami callihan,102528,Sami Callihan,,,,,,,,,,,,,,,,,,,,,,
Sami Zayn,sami zayn,30280,Sami Zayn,,,,,,,,,,,,,,,,,,,,,,
Samir Singh & Sunil Singh,samir singh sunil singh,19216,Samir Singh & Sunil Singh,,,,,,,,,,,,,,,,,,,,,,
Sammy Guevara & Tony Guevara,sammy guevara tony guevara,89704,Sammy Guevara & Tony Guevara,,,,,,,,,,,,,,,,,,,,,,
Sammy Sane,sammy sane,35622,Sammy Sane,,,,,,,,,,,,,,,,,,,,,,
Sammy Savard,sammy savard,115316,Sammy Savard,,,,,,,,,,,,,,,,,,,,,,
Sammy Silk,sammy silk,7336,Sammy Silk,,,,,,,,,,,,,,,,,,,,,,
Samoa Joe,samoa joe,17509,Samoa Joe,,,,,,,,,,,,,,,,,,,,,,
Samuel Shaw,samuel shaw,20688,Samuel Shaw,,,,,,,,,,,,,,,,,,,,,,
Samula,samula,175410,Samula,,,,,,,,,,,,,,,,,,,,,,
Sandy Beach,sandy beach,163690,Sandy Beach,,,,,,,,,,,,,,,,,,,,,,
Santa Claus,santa claus,70927,Santa Claus,,,,,,,,,,,,,,,,,,,,,,
Santana Garrett,santana garrett,18256,Santana Garrett,,,,,,,,,,,,,,,,,,,,,,
Santiago Acosta,santiago acosta,136960,Santiago Acosta,,,,,,,,,,,,,,,,,,,,,,
Santina,santina,114319,Santina,,,,,,,,,,,,,,,,,,,,,,
Santino Claus,santino claus,112842,Santino Claus,,,,,,,,,,,,,,,,,,,,,,
Santino Marella,santino marella,11156,Santino Marella,,,,,,,,,,,,,,,,,,,,,,
Santos Escobar,santos escobar,16436,Santos Escobar,,,,,,,,,,,,,,,,,,,,,,
Sapphire,sapphire,166916,Sapphire,,,,,,,,,,,,,,,,,,,,,,
Sarah Baer,sarah baer,14438,Sarah Baer,,,,,,,,,,,,,,,,,,,,,,
Sarah Bridges,sarah bridges,27012,Sarah Bridges,,,,,,,,,,,,,,,,,,,,,,
Sarah Dobson,sarah dobson,30892,Sarah Dobson,,,,,,,,,,,,,,,,,,,,,,
Sarah Logan & Tamina,sarah logan tamina,71416,Sarah Logan & Tamina,,,,,,,,,,,,,,,,,,,,,,
Sarah Pierce,sarah pierce,79678,Sarah Pierce,,,,,,,,,,,,,,,,,,,,,,
Sarray,sarray,16508,Sarray,,,,,,,,,,,,,,,,,,,,,,
Sasha Banks,sasha banks,18268,Sasha Banks,,,,,,,,,,,,,,,,,,,,,,
Savio Vega,savio vega,150926,Savio Vega,,,,,,,,,,,,,,,,,,,,,,
Savion Truitt,savion truitt,65400,Savion Truitt,,,,,,,,,,,,,,,,,,,,,,
Sawyer Fulton,sawyer fulton,25618,Sawyer Fulton,,,,,,,,,,,,,,,,,,,,,,
Saxon Huxley,saxon huxley,78514,Saxon Huxley,,,,,,,,,,,,,,,,,,,,,,
Scarlett,scarlett,60996,Scarlett,,,,,,,,,,,,,,,,,,,,,,
Scoot Andrews,scoot andrews,127284,Scoot Andrews,,,,,,,,,,,,,,,,,,,,,,
Scott Allen,scott allen,163680,Scott Allen,,,,,,,,,,,,,,,,,,,,,,
Scott Armstrong,scott armstrong,39730,Scott Armstrong,,,,,,,,,,,,,,,,,,,,,,
Scott Atami,scott atami,160834,Scott Atami,,,,,,,,,,,,,,,,,,,,,,
Scott Avery,scott avery,158736,Scott Avery,,,,,,,,,,,,,,,,,,,,,,
Scott Baizo,scott baizo,164474,Scott Baizo,,,,,,,,,,,,,,,,,,,,,,
Scott Carlson,scott carlson,165456,Scott Carlson,,,,,,,,,,,,,,,,,,,,,,
Scott Casey & Sivi Afi,scott casey sivi afi,171848,Scott Casey & Sivi Afi,,,,,,,,,,,,,,,,,,,,,,
Scott Casey & Stephen DeLeon,scott casey stephen deleon,169366,Scott Casey & Stephen DeLeon,,,,,,,,,,,,,,,,,,,,,,
Scott Casey & Steve Douglas,scott casey steve douglas,172526,Scott Casey & Steve Douglas,,,,,,,,,,,,,,,,,,,,,,
Scott Colontonio,scott colontonio,163146,Scott Colontonio,,,,,,,,,,,,,,,,,,,,,,
Scott Colton & Tom Fuller,scott colton tom fuller,168208,Scott Colton & Tom Fuller,,,,,,,,,,,,,,,,,,,,,,
Scott D'Amore,scott d amore,1288,Scott D'Amore,,,,,,,,,,,,,,,,,,,,,,
Scott Dane,scott dane,161014,Scott Dane,,,,,,,,,,,,,,,,,,,,,,
Scott Despres,scott despres,160574,Scott Despres,,,,,,,,,,,,,,,,,,,,,,
Scott Fowler,scott fowler,121384,Scott Fowler,,,,,,,,,,,,,,,,,,,,,,
Scott Fulton,scott fulton,166680,Scott Fulton,,,,,,,,,,,,,,,,,,,,,,
Scott Hall,scott hall,114,Scott Hall,,,,,,,,,,,,,,,,,,,,,,
Scott Hawkins,scott hawkins,168496,Scott Hawkins,,,,,,,,,,,,,,,,,,,,,,
Scott Hen,scott hen,163820,Scott Hen,,,,,,,,,,,,,,,,,,,,,,
Scott Hudson,scott hudson,170062,Scott Hudson,,,,,,,,,,,,,,,,,,,,,,
Scott King,scott king,152322,Scott King,,,,,,,,,,,,,,,,,,,,,,
Scott McGhee,scott mcghee,173776,Scott McGhee,,,,,,,,,,,,,,,,,,,,,,
Scott Moretti,scott moretti,165492,Scott Moretti,,,,,,,,,,,,,,,,,,,,,,
Scott Neuhardt,scott neuhardt,150644,Scott Neuhardt,,,,,,,,,,,,,,,,,,,,,,
Scott Norton,scott norton,40906,Scott Norton,,,,,,,,,,,,,,,,,,,,,,
Scott Palmantonio,scott palmantonio,167178,Scott Palmantonio,,,,,,,,,,,,,,,,,,,,,,
Scott Powers,scott powers,159486,Scott Powers,,,,,,,,,,,,,,,,,,,,,,
Scott Putski,scott putski,41624,Scott Putski,,,,,,,,,,,,,,,,,,,,,,
Scott Reid,scott reid,115490,Scott Reid,,,,,,,,,,,,,,,,,,,,,,
Scott Sandlin,scott sandlin,52858,Scott Sandlin,,,,,,,,,,,,,,,,,,,,,,
Scott Steiner & Test,scott steiner test,128460,Scott Steiner & Test,,,,,,,,,,,,,,,,,,,,,,
Scott Stevens,scott stevens,149196,Scott Stevens,,,,,,,,,,,,,,,,,,,,,,
Scott Summers & Super Ninja,scott summers super ninja,10163,Scott Summers & Super Ninja,,,,,,,,,,,,,,,,,,,,,,
Scott Taylor,scott taylor,6834,Scott Taylor,,,,,,,,,,,,,,,,,,,,,,
Scott Vick,scott vick,125536,Scott Vick,,,,,,,,,,,,,,,,,,,,,,
Scott Vito,scott vito,160776,Scott Vito,,,,,,,,,,,,,,,,,,,,,,
Scott Warton,scott warton,1942,Scott Warton,,,,,,,,,,,,,,,,,,,,,,
Scott Wright,scott wright,121506,Scott Wright,,,,,,,,,,,,,,,,,,,,,,
Scotty 2 Hotty & Shannon Moore,scotty 2 hotty shannon moore,124990,Scotty 2 Hotty & Shannon Moore,,,,,,,,,,,,,,,,,,,,,,
Scotty Anton,scotty anton,227,Scotty Anton,,,,,,,,,,,,,,,,,,,,,,
Scotty Charisma & Xavier,scotty charisma xavier,119530,Scotty Charisma & Xavier,,,,,,,,,,,,,,,,,,,,,,
Scotty Flamingo,scotty flamingo,52510,Scotty Flamingo,,,,,,,,,,,,,,,,,,,,,,
Scotty Goldman,scotty goldman,115132,Scotty Goldman,,,,,,,,,,,,,,,,,,,,,,
Scotty Matthews,scotty matthews,122746,Scotty Matthews,,,,,,,,,,,,,,,,,,,,,,
Scotty Riggs,scotty riggs,40306,Scotty Riggs,,,,,,,,,,,,,,,,,,,,,,
Scotty Sabre,scotty sabre,123374,Scotty Sabre,,,,,,,,,,,,,,,,,,,,,,
Scotty Williams,scotty williams,163758,Scotty Williams,,,,,,,,,,,,,,,,,,,,,,
Scotty Zappa,scotty zappa,39192,Scotty Zappa,,,,,,,,,,,,,,,,,,,,,,
Sean Alexander,sean alexander,119212,Sean Alexander,,,,,,,,,,,,,,,,,,,,,,
Sean Dakota,sean dakota,161372,Sean Dakota,,,,,,,,,,,,,,,,,,,,,,
Sean Evans,sean evans,125402,Sean Evans,,,,,,,,,,,,,,,,,,,,,,
Sean Gallagher,sean gallagher,16302,Sean Gallagher,,,,,,,,,,,,,,,,,,,,,,
Sean Legacy,sean legacy,10534,Sean Legacy,,,,,,,,,,,,,,,,,,,,,,
Sean Maluta,sean maluta,19206,Sean Maluta,,,,,,,,,,,,,,,,,,,,,,
Sean Morley,sean morley,151729,Sean Morley,,,,,,,,,,,,,,,,,,,,,,
Sean O'Haire & Shannon Moore,sean o haire shannon moore,128949,Sean O'Haire & Shannon Moore,,,,,,,,,,,,,,,,,,,,,,
Sean Patrick,sean patrick,122688,Sean Patrick,,,,,,,,,,,,,,,,,,,,,,
Sean Reynolds,sean reynolds,119532,Sean Reynolds,,,,,,,,,,,,,,,,,,,,,,
Sean Spencer,sean spencer,164476,Sean Spencer,,,,,,,,,,,,,,,,,,,,,,
Sebastian McCauley,sebastian mccauley,126188,Sebastian McCauley,,,,,,,,,,,,,,,,,,,,,,
Seiji Sakaguchi,seiji sakaguchi,134067,Seiji Sakaguchi,,,,,,,,,,,,,,,,,,,,,,
Sensai,sensai,120269,Sensai,,,,,,,,,,,,,,,,,,,,,,
Sensational Sherri,sensational sherri,160813,Sensational Sherri,,,,,,,,,,,,,,,,,,,,,,
Serena Deeb,serena deeb,77394,Serena Deeb,,,,,,,,,,,,,,,,,,,,,,
Sergeant Slaughter,sergeant slaughter,101678,Sergeant Slaughter,,,,,,,,,,,,,,,,,,,,,,
Seth James,seth james,121976,Seth James,,,,,,,,,,,,,,,,,,,,,,
Seth Rollins,seth rollins,34160755,Seth Rollins,,Raw Mens,,,1986-05-28,United States,,,https://r2.thesportsdb.com/images/media/player/thumb/7i7wbo1576234893.jpg,,Raw Mens,,thesportsdb,,,,,,,,,
Seth Skyfire,seth skyfire,125358,Seth Skyfire,,,,,,,,,,,,,,,,,,,,,,
Seven & Slash,seven slash,143326,Seven & Slash,,,,,,,,,,,,,,,,,,,,,,
Sexton Hardcastle,sexton hardcastle,152504,Sexton Hardcastle,,,,,,,,,,,,,,,,,,,,,,
Sgt. Buddy Lee Parker,sgt buddy lee parker,40744,Sgt. Buddy Lee Parker,,,,,,,,,,,,,,,,,,,,,,
Sgt. Craig Pittman,sgt craig pittman,48764,Sgt. Craig Pittman,,,,,,,,,,,,,,,,,,,,,,
Sgt. Slaughter,sgt slaughter,162748,Sgt. Slaughter,,,,,,,,,,,,,,,,,,,,,,
Shad Gaspard,shad gaspard,111945,Shad Gaspard,,,,,,,,,,,,,,,,,,,,,,
Shadow #2,shadow 2,172112,Shadow #2,,,,,,,,,,,,,,,,,,,,,,
Shaggy 2 Dope & Violent J,shaggy 2 dope violent j,37590,Shaggy 2 Dope & Violent J,,,,,,,,,,,,,,,,,,,,,,
Shamus Young,shamus young,65976,Shamus Young,,,,,,,,,,,,,,,,,,,,,,
Shane Ballard & Shannon Ballard,shane ballard shannon ballard,145784,Shane Ballard & Shannon Ballard,,,,,,,,,,,,,,,,,,,,,,
Shane Croft,shane croft,162420,Shane Croft,,,,,,,,,,,,,,,,,,,,,,
Shane Douglas,shane douglas,3379,Shane Douglas,,,,,,,,,,,,,,,,,,,,,,
Shane Helms,shane helms,36567,Shane Helms,,,,,,,,,,,,,,,,,,,,,,
Shane McMahon,shane mcmahon,61722,Shane McMahon,,,,,,,,,,,,,,,,,,,,,,
Shane Strickland,shane strickland,20891,Shane Strickland,,,,,,,,,,,,,,,,,,,,,,
Shane Thorne,shane thorne,18202,Shane Thorne,,,,,,,,,,,,,,,,,,,,,,
Shanghai Pierce,shanghai pierce,51788,Shanghai Pierce,,,,,,,,,,,,,,,,,,,,,,
Shaniqua,shaniqua,128761,Shaniqua,,,,,,,,,,,,,,,,,,,,,,
Shanky,shanky,60468,Shanky,,,,,,,,,,,,,,,,,,,,,,
Shark Tsichiya,shark tsichiya,5949,Shark Tsichiya,,,,,,,,,,,,,,,,,,,,,,
Shawn Bennett,shawn bennett,63739,Shawn Bennett,,,,,,,,,,,,,,,,,,,,,,
Shawn Dakota,shawn dakota,155304,Shawn Dakota,,,,,,,,,,,,,,,,,,,,,,
Shawn Donavan,shawn donavan,70888,Shawn Donavan,,,,,,,,,,,,,,,,,,,,,,
Shawn Hernandez,shawn hernandez,142118,Shawn Hernandez,,,,,,,,,,,,,,,,,,,,,,
Shawn Hill,shawn hill,138883,Shawn Hill,,,,,,,,,,,,,,,,,,,,,,
Shawn Michaels,shawn michaels,34168489,Shawn Michaels,,_Retired WWE,,,1965-07-22,United States,,,https://r2.thesportsdb.com/images/media/player/thumb/2469zw1575122607.jpg,,_Retired WWE,,thesportsdb,,,,,,,,,
Shawn Osborne,shawn osborne,122096,Shawn Osborne,,,,,,,,,,,,,,,,,,,,,,
Shawn Riddick,shawn riddick,123938,Shawn Riddick,,,,,,,,,,,,,,,,,,,,,,
Shawn Spears,shawn spears,10922,Shawn Spears,,,,,,,,,,,,,,,,,,,,,,
Shawn Stasiak & Tommy Dreamer,shawn stasiak tommy dreamer,139314,Shawn Stasiak & Tommy Dreamer,,,,,,,,,,,,,,,,,,,,,,
Shawn Summers,shawn summers,151284,Shawn Summers,,,,,,,,,,,,,,,,,,,,,,
Shayna Baszler,shayna baszler,12906,Shayna Baszler,,,,,,,,,,,,,,,,,,,,,,
Shazza McKenzie,shazza mckenzie,24066,Shazza McKenzie,,,,,,,,,,,,,,,,,,,,,,
Sheamus,sheamus,10551,Sheamus,,,,,,,,,,,,,,,,,,,,,,
Sheik Shawn Davari,sheik shawn davari,129382,Sheik Shawn Davari,,,,,,,,,,,,,,,,,,,,,,
Shelton Benjamin,shelton benjamin,61823,Shelton Benjamin,,,,,,,,,,,,,,,,,,,,,,
Sherdell Taylor,sherdell taylor,155458,Sherdell Taylor,,,,,,,,,,,,,,,,,,,,,,
Sherri Martel,sherri martel,9832,Sherri Martel,,,,,,,,,,,,,,,,,,,,,,
Shiima Nobunaga,shiima nobunaga,44062,Shiima Nobunaga,,,,,,,,,,,,,,,,,,,,,,
Shiloh Hill,shiloh hill,10310,Shiloh Hill,,,,,,,,,,,,,,,,,,,,,,
Shinjiro Otani,shinjiro otani,51329,Shinjiro Otani,,,,,,,,,,,,,,,,,,,,,,
Shinobi,shinobi,127762,Shinobi,,,,,,,,,,,,,,,,,,,,,,
Shinsuke Nakamura,shinsuke nakamura,16131,Shinsuke Nakamura,,,,,,,,,,,,,,,,,,,,,,
Shohei Baba,shohei baba,136434,Shohei Baba,,,,,,,,,,,,,,,,,,,,,,
Short Sleeve Sampson,short sleeve sampson,123911,Short Sleeve Sampson,,,,,,,,,,,,,,,,,,,,,,
Shorty G,shorty g,69142,Shorty G,,,,,,,,,,,,,,,,,,,,,,
Shotzi,shotzi,11916,Shotzi,,,,,,,,,,,,,,,,,,,,,,
Sick Boy,sick boy,41678,Sick Boy,,,,,,,,,,,,,,,,,,,,,,
Sid,sid,3134,Sid,,,,,,,,,,,,,,,,,,,,,,
Sid Curtis & Tommy Morrison,sid curtis tommy morrison,160366,Sid Curtis & Tommy Morrison,,,,,,,,,,,,,,,,,,,,,,
Sierra St. Pierre,sierra st pierre,16784,Sierra St. Pierre,,,,,,,,,,,,,,,,,,,,,,
Sika,sika,171148,Sika,,,,,,,,,,,,,,,,,,,,,,
Silas Young,silas young,112476,Silas Young,,,,,,,,,,,,,,,,,,,,,,
Silver King #1 & Silver King #2,silver king 1 silver king 2,52924,Silver King #1 & Silver King #2,,,,,,,,,,,,,,,,,,,,,,
Silver King & Villano IV & Villano V,silver king villano iv villano v,40266,Silver King & Villano IV & Villano V,,,,,,,,,,,,,,,,,,,,,,
Sim Snuka,sim snuka,114912,Sim Snuka,,,,,,,,,,,,,,,,,,,,,,
Simon Dean,simon dean,121532,Simon Dean,,,,,,,,,,,,,,,,,,,,,,
Simon Diamond & Spanish Angel,simon diamond spanish angel,2724,Simon Diamond & Spanish Angel,,,,,,,,,,,,,,,,,,,,,,
Simon Diamond & Swinger,simon diamond swinger,47,Simon Diamond & Swinger,,,,,,,,,,,,,,,,,,,,,,
Simon Diamond & Tony DeVito,simon diamond tony devito,2270,Simon Diamond & Tony DeVito,,,,,,,,,,,,,,,,,,,,,,
Sin Cara Azul,sin cara azul,107769,Sin Cara Azul,,,,,,,,,,,,,,,,,,,,,,
Sin Cara Negro,sin cara negro,107818,Sin Cara Negro,,,,,,,,,,,,,,,,,,,,,,
Sir Charles,sir charles,164505,Sir Charles,,,,,,,,,,,,,,,,,,,,,,
Sir Mo,sir mo,155680,Sir Mo,,,,,,,,,,,,,,,,,,,,,,
Sir Richard Michaels,sir richard michaels,9909,Sir Richard Michaels,,,,,,,,,,,,,,,,,,,,,,
Sirena Linton,sirena linton,10522,Sirena Linton,,,,,,,,,,,,,,,,,,,,,,
Sister Sherri,sister sherri,49767,Sister Sherri,,,,,,,,,,,,,,,,,,,,,,
Skandor Akbar,skandor akbar,134464,Skandor Akbar,,,,,,,,,,,,,,,,,,,,,,
Skinner,skinner,161624,Skinner,,,,,,,,,,,,,,,,,,,,,,
Skip Sheffield,skip sheffield,106581,Skip Sheffield,,,,,,,,,,,,,,,,,,,,,,
Skull Crusher,skull crusher,147938,Skull Crusher,,,,,,,,,,,,,,,,,,,,,,
Skull Von Crush,skull von crush,2827,Skull Von Crush,,,,,,,,,,,,,,,,,,,,,,
Sky Low Low & Sonny Boy Cassidy,sky low low sonny boy cassidy,175804,Sky Low Low & Sonny Boy Cassidy,,,,,,,,,,,,,,,,,,,,,,
Skylar Raye,skylar raye,10328,Skylar Raye,,,,,,,,,,,,,,,,,,,,,,
Skylor Clinton & Vincent Winey,skylor clinton vincent winey,12614,Skylor Clinton & Vincent Winey,,,,,,,,,,,,,,,,,,,,,,
Slam Master J.,slam master j,112441,Slam Master J.,,,,,,,,,,,,,,,,,,,,,,
Slam Shady,slam shady,127814,Slam Shady,,,,,,,,,,,,,,,,,,,,,,
Slate Randall,slate randall,34388,Slate Randall,,,,,,,,,,,,,,,,,,,,,,
Slater Vain,slater vain,129628,Slater Vain,,,,,,,,,,,,,,,,,,,,,,
Sloane Jacobs,sloane jacobs,16204,Sloane Jacobs,,,,,,,,,,,,,,,,,,,,,,
Smasher Sloan,smasher sloan,135290,Smasher Sloan,,,,,,,,,,,,,,,,,,,,,,
Sniper,sniper,151956,Sniper,,,,,,,,,,,,,,,,,,,,,,
Snitsky,snitsky,115570,Snitsky,,,,,,,,,,,,,,,,,,,,,,
Snoop Dogg,snoop dogg,61723,Snoop Dogg,,,,,,,,,,,,,,,,,,,,,,
Sofia Cortez,sofia cortez,36454,Sofia Cortez,,,,,,,,,,,,,,,,,,,,,,
Sol Ruca,sol ruca,10420,Sol Ruca,,,,,,,,,,,,,,,,,,,,,,
Solo Sikoa,solo sikoa,16309,Solo Sikoa,,,,,,,,,,,,,,,,,,,,,,
Solomon Crowe,solomon crowe,31379,Solomon Crowe,,,,,,,,,,,,,,,,,,,,,,
Soner Dursun,soner dursun,71280,Soner Dursun,,,,,,,,,,,,,,,,,,,,,,
Sonny Austin,sonny austin,167448,Sonny Austin,,,,,,,,,,,,,,,,,,,,,,
Sonny Blaze,sonny blaze,163348,Sonny Blaze,,,,,,,,,,,,,,,,,,,,,,
Sonny Boy Hayes & The Tahiti Kid,sonny boy hayes the tahiti kid,135302,Sonny Boy Hayes & The Tahiti Kid,,,,,,,,,,,,,,,,,,,,,,
Sonny King,sonny king,135100,Sonny King,,,,,,,,,,,,,,,,,,,,,,
Sonny Rogers,sonny rogers,52326,Sonny Rogers,,,,,,,,,,,,,,,,,,,,,,
Sonny Trout & Tommy Stevenson,sonny trout tommy stevenson,163694,Sonny Trout & Tommy Stevenson,,,,,,,,,,,,,,,,,,,,,,
Sonoko Kato,sonoko kato,49732,Sonoko Kato,,,,,,,,,,,,,,,,,,,,,,
Sonya Deville,sonya deville,16134,Sonya Deville,,,,,,,,,,,,,,,,,,,,,,
Spanish Angel & Tony DeVito,spanish angel tony devito,58,Spanish Angel & Tony DeVito,,,,,,,,,,,,,,,,,,,,,,
Spanish Angel & Vito LoGrasso,spanish angel vito lograsso,2056,Spanish Angel & Vito LoGrasso,,,,,,,,,,,,,,,,,,,,,,
Spanky,spanky,128648,Spanky,,,,,,,,,,,,,,,,,,,,,,
Sparky Plugg,sparky plugg,158165,Sparky Plugg,,,,,,,,,,,,,,,,,,,,,,
Special Delivery Jones,special delivery jones,133864,Special Delivery Jones,,,,,,,,,,,,,,,,,,,,,,
Spellbinder,spellbinder,153762,Spellbinder,,,,,,,,,,,,,,,,,,,,,,
Spice,spice,40099,Spice,,,,,,,,,,,,,,,,,,,,,,
Spider #1 & Spider #2,spider 1 spider 2,9482,Spider #1 & Spider #2,,,,,,,,,,,,,,,,,,,,,,
Spike Dudley,spike dudley,16,Spike Dudley,,,,,,,,,,,,,,,,,,,,,,
Spike Gray,spike gray,159900,Spike Gray,,,,,,,,,,,,,,,,,,,,,,
Spike Jones,spike jones,162336,Spike Jones,,,,,,,,,,,,,,,,,,,,,,
Spiros Arion,spiros arion,133918,Spiros Arion,,,,,,,,,,,,,,,,,,,,,,
Spiros Gekko,spiros gekko,8003,Spiros Gekko,,,,,,,,,,,,,,,,,,,,,,
Spyder,spyder,41044,Spyder,,,,,,,,,,,,,,,,,,,,,,
Stacey Ervin Jr.,stacey ervin jr,21363,Stacey Ervin Jr.,,,,,,,,,,,,,,,,,,,,,,
Stacie Cullen,stacie cullen,76328,Stacie Cullen,,,,,,,,,,,,,,,,,,,,,,
Stacy Coates,stacy coates,76290,Stacy Coates,,,,,,,,,,,,,,,,,,,,,,
Stacy Keibler,stacy keibler,123924,Stacy Keibler,,,,,,,,,,,,,,,,,,,,,,
Staff Sergeant Jose,staff sergeant jose,120517,Staff Sergeant Jose,,,,,,,,,,,,,,,,,,,,,,
Stan Stasiak,stan stasiak,34168627,Stan Stasiak,,_Deceased Figthing,,,1937-04-13,Canada,,,https://r2.thesportsdb.com/images/media/player/thumb/hqiktx1575320310.jpg,,_Deceased Figthing,,thesportsdb,,,,,,,,,
Stardust,stardust,83862,Stardust,,,,,,,,,,,,,,,,,,,,,,
Starla Saxton,starla saxton,150604,Starla Saxton,,,,,,,,,,,,,,,,,,,,,,
Stephan DeLeon,stephan deleon,165874,Stephan DeLeon,,,,,,,,,,,,,,,,,,,,,,
Stephanie McMahon,stephanie mcmahon,93071,Stephanie McMahon,,,,,,,,,,,,,,,,,,,,,,
Stephanie Vaquer,stephanie vaquer,11426,Stephanie Vaquer,,,,,,,,,,,,,,,,,,,,,,
Stephen Azure,stephen azure,66980,Stephen Azure,,,,,,,,,,,,,,,,,,,,,,
Sterling James Keenan,sterling james keenan,118854,Sterling James Keenan,,,,,,,,,,,,,,,,,,,,,,
Steve Armstrong,steve armstrong,38880,Steve Armstrong,,,,,,,,,,,,,,,,,,,,,,
Steve Blackman,steve blackman,141229,Steve Blackman,,,,,,,,,,,,,,,,,,,,,,
Steve Bradley,steve bradley,133330,Steve Bradley,,,,,,,,,,,,,,,,,,,,,,
Steve Casey,steve casey,152902,Steve Casey,,,,,,,,,,,,,,,,,,,,,,
Steve Collins,steve collins,9571,Steve Collins,,,,,,,,,,,,,,,,,,,,,,
Steve Corino,steve corino,71,Steve Corino,,,,,,,,,,,,,,,,,,,,,,
Steve Cutler & Tucker Knight,steve cutler tucker knight,30882,Steve Cutler & Tucker Knight,,,,,,,,,,,,,,,,,,,,,,
Steve Cutler & Wesley Blake,steve cutler wesley blake,18529,Steve Cutler & Wesley Blake,,,,,,,,,,,,,,,,,,,,,,
Steve DiSalvo,steve disalvo,167750,Steve DiSalvo,,,,,,,,,,,,,,,,,,,,,,
Steve Diloni,steve diloni,167734,Steve Diloni,,,,,,,,,,,,,,,,,,,,,,
Steve Doll,steve doll,50768,Steve Doll,,,,,,,,,,,,,,,,,,,,,,
Steve Dupree,steve dupree,164864,Steve Dupree,,,,,,,,,,,,,,,,,,,,,,
Steve Gatorwolf,steve gatorwolf,167728,Steve Gatorwolf,,,,,,,,,,,,,,,,,,,,,,
Steve Gillespie,steve gillespie,153165,Steve Gillespie,,,,,,,,,,,,,,,,,,,,,,
Steve Irby,steve irby,74884,Steve Irby,,,,,,,,,,,,,,,,,,,,,,
Steve Keirn,steve keirn,134105,Steve Keirn,,,,,,,,,,,,,,,,,,,,,,
Steve King,steve king,134060,Steve King,,,,,,,,,,,,,,,,,,,,,,
Steve Lewington,steve lewington,122344,Steve Lewington,,,,,,,,,,,,,,,,,,,,,,
Steve Lombardi & Tom Stone,steve lombardi tom stone,172090,Steve Lombardi & Tom Stone,,,,,,,,,,,,,,,,,,,,,,
Steve Lummly,steve lummly,145033,Steve Lummly,,,,,,,,,,,,,,,,,,,,,,
Steve Lumpkin,steve lumpkin,141448,Steve Lumpkin,,,,,,,,,,,,,,,,,,,,,,
Steve Madison,steve madison,119320,Steve Madison,,,,,,,,,,,,,,,,,,,,,,
Steve May,steve may,162460,Steve May,,,,,,,,,,,,,,,,,,,,,,
Steve Nixon,steve nixon,3160,Steve Nixon,,,,,,,,,,,,,,,,,,,,,,
Steve O,steve o,175987,Steve O,,,,,,,,,,,,,,,,,,,,,,
Steve Pardee,steve pardee,175600,Steve Pardee,,,,,,,,,,,,,,,,,,,,,,
Steve Ramsey,steve ramsey,153380,Steve Ramsey,,,,,,,,,,,,,,,,,,,,,,
Steve Reese,steve reese,169738,Steve Reese,,,,,,,,,,,,,,,,,,,,,,
Steve Richter,steve richter,165274,Steve Richter,,,,,,,,,,,,,,,,,,,,,,
Steve Rivers,steve rivers,153166,Steve Rivers,,,,,,,,,,,,,,,,,,,,,,
Steve Rizzono,steve rizzono,155628,Steve Rizzono,,,,,,,,,,,,,,,,,,,,,,
Steve Sharkey,steve sharkey,169384,Steve Sharkey,,,,,,,,,,,,,,,,,,,,,,
Steve Skyfire,steve skyfire,784,Steve Skyfire,,,,,,,,,,,,,,,,,,,,,,
Steve Smith,steve smith,158868,Steve Smith,,,,,,,,,,,,,,,,,,,,,,
Steve Somerset,steve somerset,66904,Steve Somerset,,,,,,,,,,,,,,,,,,,,,,
Steve Stanlee,steve stanlee,136140,Steve Stanlee,,,,,,,,,,,,,,,,,,,,,,
Steve Stone,steve stone,169422,Steve Stone,,,,,,,,,,,,,,,,,,,,,,
Steve Travis,steve travis,133865,Steve Travis,,,,,,,,,,,,,,,,,,,,,,
Steve Vega,steve vega,161432,Steve Vega,,,,,,,,,,,,,,,,,,,,,,
Steve Williams,steve williams,6747,Steve Williams,,,,,,,,,,,,,,,,,,,,,,
Steven Dunn,steven dunn,151453,Steven Dunn,,,,,,,,,,,,,,,,,,,,,,
Steven Lee,steven lee,126304,Steven Lee,,,,,,,,,,,,,,,,,,,,,,
Steven Regal,steven regal,39368,Steven Regal,,,,,,,,,,,,,,,,,,,,,,
Steven Richards & Test,steven richards test,132075,Steven Richards & Test,,,,,,,,,,,,,,,,,,,,,,
Steven Richards & Tommy Dreamer,steven richards tommy dreamer,138493,Steven Richards & Tommy Dreamer,,,,,,,,,,,,,,,,,,,,,,
Steven Richards & Victoria,steven richards victoria,129032,Steven Richards & Victoria,,,,,,,,,,,,,,,,,,,,,,
Stevie Ray,stevie ray,37204,Stevie Ray,,,,,,,,,,,,,,,,,,,,,,
Stevie Richards,stevie richards,5545,Stevie Richards,,,,,,,,,,,,,,,,,,,,,,
Stevie Turner,stevie turner,11996,Stevie Turner,,,,,,,,,,,,,,,,,,,,,,
Sting,sting,36575,Sting,,,,,,,,,,,,,,,,,,,,,,
Storm Grayson,storm grayson,65460,Storm Grayson,,,,,,,,,,,,,,,,,,,,,,
Stormin Norman,stormin norman,9318,Stormin Norman,,,,,,,,,,,,,,,,,,,,,,
Strong Kobayashi,strong kobayashi,134038,Strong Kobayashi,,,,,,,,,,,,,,,,,,,,,,
Stu Sanders,stu sanders,117024,Stu Sanders,,,,,,,,,,,,,,,,,,,,,,
Stymie Richards,stymie richards,170840,Stymie Richards,,,,,,,,,,,,,,,,,,,,,,
Suicide Kid,suicide kid,150720,Suicide Kid,,,,,,,,,,,,,,,,,,,,,,
Sumito,sumito,150079,Sumito,,,,,,,,,,,,,,,,,,,,,,
Summer Rae,summer rae,34204,Summer Rae,,,,,,,,,,,,,,,,,,,,,,
Summer Sorrell,summer sorrell,11268,Summer Sorrell,,,,,,,,,,,,,,,,,,,,,,
Sumo Fuji,sumo fuji,45758,Sumo Fuji,,,,,,,,,,,,,,,,,,,,,,
Super Assassin #1 & Super Assassin #2,super assassin 1 super assassin 2,51406,Super Assassin #1 & Super Assassin #2,,,,,,,,,,,,,,,,,,,,,,
Super Calo,super calo,1564,Super Calo,,,,,,,,,,,,,,,,,,,,,,
Super Crazy,super crazy,5,Super Crazy,,,,,,,,,,,,,,,,,,,,,,
Super Destroyer #1,super destroyer 1,9869,Super Destroyer #1,,,,,,,,,,,,,,,,,,,,,,
Super Giant Ninja,super giant ninja,51266,Super Giant Ninja,,,,,,,,,,,,,,,,,,,,,,
Super Leather,super leather,2759,Super Leather,,,,,,,,,,,,,,,,,,,,,,
Super Loco,super loco,148664,Super Loco,,,,,,,,,,,,,,,,,,,,,,
Superstar Billy Graham,superstar billy graham,34310515,Superstar Billy Graham,,_Retired Boxing,,,1943-06-07,United States,,,https://r2.thesportsdb.com/images/media/player/thumb/eqyssg1740005884.jpg,,_Retired Boxing,,thesportsdb,,,,,,,,,
Susan Green,susan green,134480,Susan Green,,,,,,,,,,,,,,,,,,,,,,
Susan Starr,susan starr,175643,Susan Starr,,,,,,,,,,,,,,,,,,,,,,
Swede Hanson,swede hanson,174874,Swede Hanson,,,,,,,,,,,,,,,,,,,,,,
Sweet Daddy Siki,sweet daddy siki,136260,Sweet Daddy Siki,,,,,,,,,,,,,,,,,,,,,,
Sweet T.,sweet t,99706,Sweet T.,,,,,,,,,,,,,,,,,,,,,,
Sylvan,sylvan,118860,Sylvan,,,,,,,,,,,,,,,,,,,,,,
Sylvester Lefort,sylvester lefort,33774,Sylvester Lefort,,,,,,,,,,,,,,,,,,,,,,
Sylvester Terkay,sylvester terkay,120265,Sylvester Terkay,,,,,,,,,,,,,,,,,,,,,,
Syxx,syxx,47777,Syxx,,,,,,,,,,,,,,,,,,,,,,
T. C. Carter,t c carter,52696,T. C. Carter,,,,,,,,,,,,,,,,,,,,,,
T. J. Dalton,t j dalton,120756,T. J. Dalton,,,,,,,,,,,,,,,,,,,,,,
T. J. Perkins,t j perkins,27292,T. J. Perkins,,,,,,,,,,,,,,,,,,,,,,
T. K. Cooper,t k cooper,79030,T. K. Cooper,,,,,,,,,,,,,,,,,,,,,,
T. L. Hopper,t l hopper,153410,T. L. Hopper,,,,,,,,,,,,,,,,,,,,,,
T. Rantula,t rantula,48770,T. Rantula,,,,,,,,,,,,,,,,,,,,,,
TAKA Michinoku,taka michinoku,3039,TAKA Michinoku,,,,,,,,,,,,,,,,,,,,,,
TJP,tjp,24143,TJP,,,,,,,,,,,,,,,,,,,,,,
Talia,talia,124748,Talia,,,,,,,,,,,,,,,,,,,,,,
Tam Pong,tam pong,44893,Tam Pong,,,,,,,,,,,,,,,,,,,,,,
Tamina Snuka,tamina snuka,34400,Tamina Snuka,,,,,,,,,,,,,,,,,,,,,,
Tammy Lynn Sytch,tammy lynn sytch,38660,Tammy Lynn Sytch,,,,,,,,,,,,,,,,,,,,,,
Tamyra Mensah-Stock,tamyra mensah stock,12991,Tamyra Mensah-Stock,,,,,,,,,,,,,,,,,,,,,,
Tank Abbott,tank abbott,37816,Tank Abbott,,,,,,,,,,,,,,,,,,,,,,
Tank Meloche,tank meloche,138808,Tank Meloche,,,,,,,,,,,,,,,,,,,,,,
Tank Morgan,tank morgan,135980,Tank Morgan,,,,,,,,,,,,,,,,,,,,,,
Tank Patton,tank patton,134040,Tank Patton,,,,,,,,,,,,,,,,,,,,,,
Tarzan Goto,tarzan goto,7609,Tarzan Goto,,,,,,,,,,,,,,,,,,,,,,
Tarzan Tyler,tarzan tyler,135281,Tarzan Tyler,,,,,,,,,,,,,,,,,,,,,,
Tatanka,tatanka,120297,Tatanka,,,,,,,,,,,,,,,,,,,,,,
Tate Wilder,tate wilder,10331,Tate Wilder,,,,,,,,,,,,,,,,,,,,,,
Tatiana,tatiana,14852,Tatiana,,,,,,,,,,,,,,,,,,,,,,
Tatsumi Fujinami,tatsumi fujinami,10219,Tatsumi Fujinami,,,,,,,,,,,,,,,,,,,,,,
Tatum Paxley,tatum paxley,10357,Tatum Paxley,,,,,,,,,,,,,,,,,,,,,,
Tatyanna Dumas,tatyanna dumas,10386,Tatyanna Dumas,,,,,,,,,,,,,,,,,,,,,,
Tavion Heights,tavion heights,10316,Tavion Heights,,,,,,,,,,,,,,,,,,,,,,
Taynara,taynara,18532,Taynara,,,,,,,,,,,,,,,,,,,,,,
Taz,taz,990,Taz,,,,,,,,,,,,,,,,,,,,,,
Tazz,tazz,121937,Tazz,,,,,,,,,,,,,,,,,,,,,,
Ted Adams,ted adams,134082,Ted Adams,,,,,,,,,,,,,,,,,,,,,,
Ted Arcidi,ted arcidi,173931,Ted Arcidi,,,,,,,,,,,,,,,,,,,,,,
Ted DiBiase,ted dibiase,72099,Ted DiBiase,,,,,,,,,,,,,,,,,,,,,,
Ted Grizzly,ted grizzly,174540,Ted Grizzly,,,,,,,,,,,,,,,,,,,,,,
Ted Lewin,ted lewin,136334,Ted Lewin,,,,,,,,,,,,,,,,,,,,,,
Ted Miller,ted miller,158764,Ted Miller,,,,,,,,,,,,,,,,,,,,,,
Ted Oates,ted oates,166124,Ted Oates,,,,,,,,,,,,,,,,,,,,,,
Ted Sweet,ted sweet,120128,Ted Sweet,,,,,,,,,,,,,,,,,,,,,,
Teddy Goodz,teddy goodz,65012,Teddy Goodz,,,,,,,,,,,,,,,,,,,,,,
Teddy Hart,teddy hart,125038,Teddy Hart,,,,,,,,,,,,,,,,,,,,,,
Teddy Long,teddy long,105937,Teddy Long,,,,,,,,,,,,,,,,,,,,,,
Tegan Nox,tegan nox,14234,Tegan Nox,,,,,,,,,,,,,,,,,,,,,,
Tehuti Miles,tehuti miles,18420,Tehuti Miles,,,,,,,,,,,,,,,,,,,,,,
Tenilla Price,tenilla price,23226,Tenilla Price,,,,,,,,,,,,,,,,,,,,,,
Tennessee & Texas,tennessee texas,124950,Tennessee & Texas,,,,,,,,,,,,,,,,,,,,,,
Tensai,tensai,34672,Tensai,,,,,,,,,,,,,,,,,,,,,,
Terra Ryzing,terra ryzing,52042,Terra Ryzing,,,,,,,,,,,,,,,,,,,,,,
Terrance Taylor,terrance taylor,52983,Terrance Taylor,,,,,,,,,,,,,,,,,,,,,,
Terrence Baylock,terrence baylock,166166,Terrence Baylock,,,,,,,,,,,,,,,,,,,,,,
Terri,terri,132701,Terri,,,,,,,,,,,,,,,,,,,,,,
Terry Allen,terry allen,150496,Terry Allen,,,,,,,,,,,,,,,,,,,,,,
Terry Austin,terry austin,159792,Terry Austin,,,,,,,,,,,,,,,,,,,,,,
Terry Daniels,terry daniels,163900,Terry Daniels,,,,,,,,,,,,,,,,,,,,,,
Terry Davis,terry davis,163198,Terry Davis,,,,,,,,,,,,,,,,,,,,,,
Terry Dukes,terry dukes,150906,Terry Dukes,,,,,,,,,,,,,,,,,,,,,,
Terry Funk,terry funk,5966,Terry Funk,,,,,,,,,,,,,,,,,,,,,,
Terry Gibbs,terry gibbs,170688,Terry Gibbs,,,,,,,,,,,,,,,,,,,,,,
Terry Gordy,terry gordy,7376,Terry Gordy,,,,,,,,,,,,,,,,,,,,,,
Terry Gunn,terry gunn,176024,Terry Gunn,,,,,,,,,,,,,,,,,,,,,,
Terry Quick,terry quick,50714,Terry Quick,,,,,,,,,,,,,,,,,,,,,,
Terry Stubbs,terry stubbs,159478,Terry Stubbs,,,,,,,,,,,,,,,,,,,,,,
Terry Taylor,terry taylor,10054,Terry Taylor,,,,,,,,,,,,,,,,,,,,,,
Terry Thomas,terry thomas,159428,Terry Thomas,,,,,,,,,,,,,,,,,,,,,,
Terry Turtle & Tom Turtle,terry turtle tom turtle,161553,Terry Turtle & Tom Turtle,,,,,,,,,,,,,,,,,,,,,,
Terry Zeller,terry zeller,161390,Terry Zeller,,,,,,,,,,,,,,,,,,,,,,
Tesha Price,tesha price,74416,Tesha Price,,,,,,,,,,,,,,,,,,,,,,
Tessa Blanchard,tessa blanchard,29606,Tessa Blanchard,,,,,,,,,,,,,,,,,,,,,,
Test & Tori,test tori,148667,Test & Tori,,,,,,,,,,,,,,,,,,,,,,
Tex Slazenger,tex slazenger,51990,Tex Slazenger,,,,,,,,,,,,,,,,,,,,,,
Texas Hangman #1 & Texas Hangman #2,texas hangman 1 texas hangman 2,42084,Texas Hangman #1 & Texas Hangman #2,,,,,,,,,,,,,,,,,,,,,,
Texas Outlaw #1,texas outlaw 1,39602,Texas Outlaw #1,,,,,,,,,,,,,,,,,,,,,,
Texas Red,texas red,133922,Texas Red,,,,,,,,,,,,,,,,,,,,,,
The 1-2-3 Kid,the 1 2 3 kid,155216,The 1-2-3 Kid,,,,,,,,,,,,,,,,,,,,,,
The Arachnoid,the arachnoid,155780,The Arachnoid,,,,,,,,,,,,,,,,,,,,,,
The Artist Formerly Known As Prince Iaukea,the artist formerly known as prince iaukea,37954,The Artist Formerly Known As Prince Iaukea,,,,,,,,,,,,,,,,,,,,,,
The Assassin,the assassin,173191,The Assassin,,,,,,,,,,,,,,,,,,,,,,
The Australian,the australian,47272,The Australian,,,,,,,,,,,,,,,,,,,,,,
The Austrian Menace,the austrian menace,10698,The Austrian Menace,,,,,,,,,,,,,,,,,,,,,,
The Back Stabber & Tommy Greco,the back stabber tommy greco,49738,The Back Stabber & Tommy Greco,,,,,,,,,,,,,,,,,,,,,,
The Barbarian,the barbarian,38728,The Barbarian,,,,,,,,,,,,,,,,,,,,,,
The Beast,the beast,136087,The Beast,,,,,,,,,,,,,,,,,,,,,,
The Belfast Bruiser,the belfast bruiser,50862,The Belfast Bruiser,,,,,,,,,,,,,,,,,,,,,,
The Berzerker,the berzerker,161838,The Berzerker,,,,,,,,,,,,,,,,,,,,,,
The Big Show,the big show,32938,The Big Show,,,,,,,,,,,,,,,,,,,,,,
The Big Valbowski,the big valbowski,132149,The Big Valbowski,,,,,,,,,,,,,,,,,,,,,,
The Black Phantom,the black phantom,152058,The Black Phantom,,,,,,,,,,,,,,,,,,,,,,
The Blacktop Bully,the blacktop bully,40524,The Blacktop Bully,,,,,,,,,,,,,,,,,,,,,,
The Blue Angel,the blue angel,170443,The Blue Angel,,,,,,,,,,,,,,,,,,,,,,
The Blue Boy,the blue boy,56,The Blue Boy,,,,,,,,,,,,,,,,,,,,,,
The Blue Phantom,the blue phantom,158112,The Blue Phantom,,,,,,,,,,,,,,,,,,,,,,
The Boogeyman,the boogeyman,115056,The Boogeyman,,,,,,,,,,,,,,,,,,,,,,
The Booty Man,the booty man,50337,The Booty Man,,,,,,,,,,,,,,,,,,,,,,
The Boss,the boss,52086,The Boss,,,,,,,,,,,,,,,,,,,,,,
The Bouncer,the bouncer,10220,The Bouncer,,,,,,,,,,,,,,,,,,,,,,
The Bounty Hunter,the bounty hunter,49852,The Bounty Hunter,,,,,,,,,,,,,,,,,,,,,,
The British Bulldog,the british bulldog,46493,The British Bulldog,,,,,,,,,,,,,,,,,,,,,,
The Brooklyn Brawler,the brooklyn brawler,98732,The Brooklyn Brawler,,,,,,,,,,,,,,,,,,,,,,
The Calgary Kid,the calgary kid,113875,The Calgary Kid,,,,,,,,,,,,,,,,,,,,,,
The Canadian Wolfman,the canadian wolfman,9879,The Canadian Wolfman,,,,,,,,,,,,,,,,,,,,,,
The Cannonball Kid,the cannonball kid,161082,The Cannonball Kid,,,,,,,,,,,,,,,,,,,,,,
The Caribbean Kid,the caribbean kid,155293,The Caribbean Kid,,,,,,,,,,,,,,,,,,,,,,
The Carolina Panther,the carolina panther,112790,The Carolina Panther,,,,,,,,,,,,,,,,,,,,,,
The Cedman,the cedman,151972,The Cedman,,,,,,,,,,,,,,,,,,,,,,
The Cheetah Kid,the cheetah kid,48392,The Cheetah Kid,,,,,,,,,,,,,,,,,,,,,,
The Colossal King,the colossal king,9804,The Colossal King,,,,,,,,,,,,,,,,,,,,,,
The Comet Kid,the comet kid,162659,The Comet Kid,,,,,,,,,,,,,,,,,,,,,,
The Conquistador,the conquistador,73984,The Conquistador,,,,,,,,,,,,,,,,,,,,,,
The Crusher,the crusher,136516,The Crusher,,,,,,,,,,,,,,,,,,,,,,
The Dark Ninja,the dark ninja,8300,The Dark Ninja,,,,,,,,,,,,,,,,,,,,,,
The Dark Patriot,the dark patriot,9953,The Dark Patriot,,,,,,,,,,,,,,,,,,,,,,
The Demon Hellstorm,the demon hellstorm,8674,The Demon Hellstorm,,,,,,,,,,,,,,,,,,,,,,
The Designated Hitman,the designated hitman,174216,The Designated Hitman,,,,,,,,,,,,,,,,,,,,,,
The Diamond Studd,the diamond studd,53186,The Diamond Studd,,,,,,,,,,,,,,,,,,,,,,
The Disciple,the disciple,40782,The Disciple,,,,,,,,,,,,,,,,,,,,,,
The Dog,the dog,38908,The Dog,,,,,,,,,,,,,,,,,,,,,,
The Dragon,the dragon,164873,The Dragon,,,,,,,,,,,,,,,,,,,,,,
The Dublin Destroyer & Vince Sola,the dublin destroyer vince sola,163344,The Dublin Destroyer & Vince Sola,,,,,,,,,,,,,,,,,,,,,,
The Equalizer,the equalizer,4698,The Equalizer,,,,,,,,,,,,,,,,,,,,,,
The Executioner,the executioner,134613,The Executioner,,,,,,,,,,,,,,,,,,,,,,
The Fabulous Moolah,the fabulous moolah,129499,The Fabulous Moolah,,,,,,,,,,,,,,,,,,,,,,
The Fiend,the fiend,68842,The Fiend,,,,,,,,,,,,,,,,,,,,,,
The Franchise,the franchise,37170,The Franchise,,,,,,,,,,,,,,,,,,,,,,
The Genius,the genius,165886,The Genius,,,,,,,,,,,,,,,,,,,,,,
The Giant,the giant,43890,The Giant,,,,,,,,,,,,,,,,,,,,,,
The Gobbledy Gooker,the gobbledy gooker,68963,The Gobbledy Gooker,,,,,,,,,,,,,,,,,,,,,,
The Godfather,the godfather,133631,The Godfather,,,,,,,,,,,,,,,,,,,,,,
The Golden Terror,the golden terror,134052,The Golden Terror,,,,,,,,,,,,,,,,,,,,,,
The Goon,the goon,154200,The Goon,,,,,,,,,,,,,,,,,,,,,,
The Great Goliath,the great goliath,135068,The Great Goliath,,,,,,,,,,,,,,,,,,,,,,
The Great Hussein,the great hussein,176410,The Great Hussein,,,,,,,,,,,,,,,,,,,,,,
The Great Kabuki,the great kabuki,164408,The Great Kabuki,,,,,,,,,,,,,,,,,,,,,,
The Great Khali,the great khali,34523,The Great Khali,,,,,,,,,,,,,,,,,,,,,,
The Great Mortimer,the great mortimer,136663,The Great Mortimer,,,,,,,,,,,,,,,,,,,,,,
The Great Muta,the great muta,37610,The Great Muta,,,,,,,,,,,,,,,,,,,,,,
The Great Sasuke,the great sasuke,5402,The Great Sasuke,,,,,,,,,,,,,,,,,,,,,,
The Great Scott,the great scott,136761,The Great Scott,,,,,,,,,,,,,,,,,,,,,,
The Great Yatsu,the great yatsu,175983,The Great Yatsu,,,,,,,,,,,,,,,,,,,,,,
The Guardian Angel,the guardian angel,51781,The Guardian Angel,,,,,,,,,,,,,,,,,,,,,,
The Gypsy,the gypsy,27492,The Gypsy,,,,,,,,,,,,,,,,,,,,,,
The Haiti Kid & The Hillbilly Kid,the haiti kid the hillbilly kid,134293,The Haiti Kid & The Hillbilly Kid,,,,,,,,,,,,,,,,,,,,,,
The Hangman,the hangman,176060,The Hangman,,,,,,,,,,,,,,,,,,,,,,
The Hater,the hater,47811,The Hater,,,,,,,,,,,,,,,,,,,,,,
The Hellraiser,the hellraiser,730,The Hellraiser,,,,,,,,,,,,,,,,,,,,,,
The Hurricane,the hurricane,112730,The Hurricane,,,,,,,,,,,,,,,,,,,,,,
The Interrogator,the interrogator,152387,The Interrogator,,,,,,,,,,,,,,,,,,,,,,
The Irish Assassin,the irish assassin,152055,The Irish Assassin,,,,,,,,,,,,,,,,,,,,,,
The Iron Sheik,the iron sheik,142139,The Iron Sheik,,,,,,,,,,,,,,,,,,,,,,
The Jackyl,the jackyl,152193,The Jackyl,,,,,,,,,,,,,,,,,,,,,,
The Jet,the jet,131545,The Jet,,,,,,,,,,,,,,,,,,,,,,
The KISS Demon,the kiss demon,38200,The KISS Demon,,,,,,,,,,,,,,,,,,,,,,
The Kamikaze Kid,the kamikaze kid,161152,The Kamikaze Kid,,,,,,,,,,,,,,,,,,,,,,
The Kat,the kat,142586,The Kat,,,,,,,,,,,,,,,,,,,,,,
The King of the Bayou,the king of the bayou,87464,The King of the Bayou,,,,,,,,,,,,,,,,,,,,,,
The Lumberjack,the lumberjack,9783,The Lumberjack,,,,,,,,,,,,,,,,,,,,,,
The Machine,the machine,39624,The Machine,,,,,,,,,,,,,,,,,,,,,,
The Maestro,the maestro,38800,The Maestro,,,,,,,,,,,,,,,,,,,,,,
The Magnificent Maurice,the magnificent maurice,135676,The Magnificent Maurice,,,,,,,,,,,,,,,,,,,,,,
The Man With No Name,the man with no name,51672,The Man With No Name,,,,,,,,,,,,,,,,,,,,,,
The Masked Superstar,the masked superstar,9992,The Masked Superstar,,,,,,,,,,,,,,,,,,,,,,
The Mauler,the mauler,50767,The Mauler,,,,,,,,,,,,,,,,,,,,,,
The Mercenary,the mercenary,150372,The Mercenary,,,,,,,,,,,,,,,,,,,,,,
The Metal Maniac,the metal maniac,9934,The Metal Maniac,,,,,,,,,,,,,,,,,,,,,,
The Missing Link,the missing link,50692,The Missing Link,,,,,,,,,,,,,,,,,,,,,,
The Miz,the miz,34719,The Miz,,,,,,,,,,,,,,,,,,,,,,
The Motor City Madman,the motor city madman,54184,The Motor City Madman,,,,,,,,,,,,,,,,,,,,,,
The Mountie,the mountie,162508,The Mountie,,,,,,,,,,,,,,,,,,,,,,
The New Jersey Devil,the new jersey devil,8686,The New Jersey Devil,,,,,,,,,,,,,,,,,,,,,,
The Ox,the ox,135986,The Ox,,,,,,,,,,,,,,,,,,,,,,
The Pittsburgh Penguin,the pittsburgh penguin,131007,The Pittsburgh Penguin,,,,,,,,,,,,,,,,,,,,,,
The Predator,the predator,161840,The Predator,,,,,,,,,,,,,,,,,,,,,,
The Prisoner,the prisoner,52464,The Prisoner,,,,,,,,,,,,,,,,,,,,,,
The Prodigette,the prodigette,320,The Prodigette,,,,,,,,,,,,,,,,,,,,,,
The Prodigy,the prodigy,13,The Prodigy,,,,,,,,,,,,,,,,,,,,,,
The Prototype,the prototype,133513,The Prototype,,,,,,,,,,,,,,,,,,,,,,
The Punisher,the punisher,50938,The Punisher,,,,,,,,,,,,,,,,,,,,,,
The Puppers Cluckers Chicken,the puppers cluckers chicken,82544,The Puppers Cluckers Chicken,,,,,,,,,,,,,,,,,,,,,,
The Rambler,the rambler,27536,The Rambler,,,,,,,,,,,,,,,,,,,,,,
The Red Rooster,the red rooster,167334,The Red Rooster,,,,,,,,,,,,,,,,,,,,,,
The Renegade,the renegade,44258,The Renegade,,,,,,,,,,,,,,,,,,,,,,
The Ringmaster,the ringmaster,155453,The Ringmaster,,,,,,,,,,,,,,,,,,,,,,
The Ripper,the ripper,112878,The Ripper,,,,,,,,,,,,,,,,,,,,,,
The Roadie,the roadie,156523,The Roadie,,,,,,,,,,,,,,,,,,,,,,
The Rock,the rock,84271,The Rock,,,,,,,,,,,,,,,,,,,,,,
The Royal Spider,the royal spider,155786,The Royal Spider,,,,,,,,,,,,,,,,,,,,,,
The Samoan Warrior,the samoan warrior,10002,The Samoan Warrior,,,,,,,,,,,,,,,,,,,,,,
The Sandman,the sandman,18,The Sandman,,,,,,,,,,,,,,,,,,,,,,
The Shark Attack Kid,the shark attack kid,8130,The Shark Attack Kid,,,,,,,,,,,,,,,,,,,,,,
The Sheik,the sheik,135194,The Sheik,,,,,,,,,,,,,,,,,,,,,,
The Shockmaster,the shockmaster,52253,The Shockmaster,,,,,,,,,,,,,,,,,,,,,,
The Shooting Star,the shooting star,55325,The Shooting Star,,,,,,,,,,,,,,,,,,,,,,
The Spider,the spider,9994,The Spider,,,,,,,,,,,,,,,,,,,,,,
The Spoiler,the spoiler,135162,The Spoiler,,,,,,,,,,,,,,,,,,,,,,
The Stalker,the stalker,154208,The Stalker,,,,,,,,,,,,,,,,,,,,,,
The Sultan,the sultan,152278,The Sultan,,,,,,,,,,,,,,,,,,,,,,
The Swagger Soaring Eagle,the swagger soaring eagle,110490,The Swagger Soaring Eagle,,,,,,,,,,,,,,,,,,,,,,
The Terrorist,the terrorist,8604,The Terrorist,,,,,,,,,,,,,,,,,,,,,,
The Texas Tornado,the texas tornado,163064,The Texas Tornado,,,,,,,,,,,,,,,,,,,,,,
The Tiger,the tiger,174691,The Tiger,,,,,,,,,,,,,,,,,,,,,,
The U. K. Kid,the u k kid,105328,The U. K. Kid,,,,,,,,,,,,,,,,,,,,,,
The Ultimate Warrior,the ultimate warrior,154877,The Ultimate Warrior,,,,,,,,,,,,,,,,,,,,,,
The Undertaker,the undertaker,34160763,The Undertaker,,_Retired WWE,,,1965-03-24,United States,,,https://r2.thesportsdb.com/images/media/player/thumb/0cb4l91575122490.jpg,,_Retired WWE,,thesportsdb,,,,,,,,,
The Velveteen Dream,the velveteen dream,17940,The Velveteen Dream,,,,,,,,,,,,,,,,,,,,,,
The Viking,the viking,166091,The Viking,,,,,,,,,,,,,,,,,,,,,,
The WCW Halloween Phantom,the wcw halloween phantom,53231,The WCW Halloween Phantom,,,,,,,,,,,,,,,,,,,,,,
The Wall,the wall,36758,The Wall,,,,,,,,,,,,,,,,,,,,,,
The Wanderer,the wanderer,27518,The Wanderer,,,,,,,,,,,,,,,,,,,,,,
The War Machine #1 & The War Machine #2,the war machine 1 the war machine 2,156484,The War Machine #1 & The War Machine #2,,,,,,,,,,,,,,,,,,,,,,
The Warlord,the warlord,9878,The Warlord,,,,,,,,,,,,,,,,,,,,,,
The Warrior,the warrior,44724,The Warrior,,,,,,,,,,,,,,,,,,,,,,
The Yellow Dog,the yellow dog,53342,The Yellow Dog,,,,,,,,,,,,,,,,,,,,,,
The Yeti,the yeti,87466,The Yeti,,,,,,,,,,,,,,,,,,,,,,
The Zombie,the zombie,121910,The Zombie,,,,,,,,,,,,,,,,,,,,,,
Thea Hail,thea hail,10356,Thea Hail,,,,,,,,,,,,,,,,,,,,,,
Thea Trinidad,thea trinidad,28660,Thea Trinidad,,,,,,,,,,,,,,,,,,,,,,
Theodore Long,theodore long,123473,Theodore Long,,,,,,,,,,,,,,,,,,,,,,
This Guy,this guy,35120,This Guy,,,,,,,,,,,,,,,,,,,,,,
Thomas Rich,thomas rich,53056,Thomas Rich,,,,,,,,,,,,,,,,,,,,,,
Thunder Justice Keck,thunder justice keck,13264,Thunder Justice Keck,,,,,,,,,,,,,,,,,,,,,,
Thunder Keck,thunder keck,12976,Thunder Keck,,,,,,,,,,,,,,,,,,,,,,
Thunderbolt Patterson,thunderbolt patterson,135719,Thunderbolt Patterson,,,,,,,,,,,,,,,,,,,,,,
Tian Bing,tian bing,22886,Tian Bing,,,,,,,,,,,,,,,,,,,,,,
Tiana Caffey,tiana caffey,15318,Tiana Caffey,,,,,,,,,,,,,,,,,,,,,,
Tiffany Stratton,tiffany stratton,13856,Tiffany Stratton,,,,,,,,,,,,,,,,,,,,,,
Tiger Ali Singh,tiger ali singh,143598,Tiger Ali Singh,,,,,,,,,,,,,,,,,,,,,,
Tiger Chung Lee,tiger chung lee,171540,Tiger Chung Lee,,,,,,,,,,,,,,,,,,,,,,
Tiger Jackson,tiger jackson,160057,Tiger Jackson,,,,,,,,,,,,,,,,,,,,,,
Tiger Mask IV,tiger mask iv,5466,Tiger Mask IV,,,,,,,,,,,,,,,,,,,,,,
Tigra,tigra,9957,Tigra,,,,,,,,,,,,,,,,,,,,,,
Tiller Bucktrot,tiller bucktrot,15044,Tiller Bucktrot,,,,,,,,,,,,,,,,,,,,,,
Tim Arson,tim arson,121930,Tim Arson,,,,,,,,,,,,,,,,,,,,,,
Tim Cheeks,tim cheeks,48330,Tim Cheeks,,,,,,,,,,,,,,,,,,,,,,
Tim Gange,tim gange,71234,Tim Gange,,,,,,,,,,,,,,,,,,,,,,
Tim Horner,tim horner,47924,Tim Horner,,,,,,,,,,,,,,,,,,,,,,
Tim Jergen & Tom Bennett,tim jergen tom bennett,167286,Tim Jergen & Tom Bennett,,,,,,,,,,,,,,,,,,,,,,
Tim Lowery,tim lowery,146486,Tim Lowery,,,,,,,,,,,,,,,,,,,,,,
Tim McNeany,tim mcneany,140920,Tim McNeany,,,,,,,,,,,,,,,,,,,,,,
Tim Patterson,tim patterson,146254,Tim Patterson,,,,,,,,,,,,,,,,,,,,,,
Tim Sawyer,tim sawyer,169478,Tim Sawyer,,,,,,,,,,,,,,,,,,,,,,
Tim Storm,tim storm,119050,Tim Storm,,,,,,,,,,,,,,,,,,,,,,
Timothy Flowers,timothy flowers,150080,Timothy Flowers,,,,,,,,,,,,,,,,,,,,,,
Timothy Thatcher,timothy thatcher,17488,Timothy Thatcher,,,,,,,,,,,,,,,,,,,,,,
Timothy Well,timothy well,157550,Timothy Well,,,,,,,,,,,,,,,,,,,,,,
Tina Stock,tina stock,76742,Tina Stock,,,,,,,,,,,,,,,,,,,,,,
Tino Piscitelli,tino piscitelli,30778,Tino Piscitelli,,,,,,,,,,,,,,,,,,,,,,
Tino Sabbatelli,tino sabbatelli,18492,Tino Sabbatelli,,,,,,,,,,,,,,,,,,,,,,
Tio Samoa,tio samoa,171778,Tio Samoa,,,,,,,,,,,,,,,,,,,,,,
Tito Santana,tito santana,39837,Tito Santana,,,,,,,,,,,,,,,,,,,,,,
Titus Dunning,titus dunning,155906,Titus Dunning,,,,,,,,,,,,,,,,,,,,,,
Titus O'Neil,titus o neil,33776,Titus O'Neil,,,,,,,,,,,,,,,,,,,,,,
Tod Gordon,tod gordon,7262,Tod Gordon,,,,,,,,,,,,,,,,,,,,,,
Todd Bocker,todd bocker,154868,Todd Bocker,,,,,,,,,,,,,,,,,,,,,,
Todd Champion,todd champion,52962,Todd Champion,,,,,,,,,,,,,,,,,,,,,,
Todd Griffith,todd griffith,46856,Todd Griffith,,,,,,,,,,,,,,,,,,,,,,
Todd Hansen,todd hansen,125235,Todd Hansen,,,,,,,,,,,,,,,,,,,,,,
Todd Henson,todd henson,123302,Todd Henson,,,,,,,,,,,,,,,,,,,,,,
Todd Mata,todd mata,158194,Todd Mata,,,,,,,,,,,,,,,,,,,,,,
Todd Morton,todd morton,51116,Todd Morton,,,,,,,,,,,,,,,,,,,,,,
Todd Perri,todd perri,39200,Todd Perri,,,,,,,,,,,,,,,,,,,,,,
Todd Smith,todd smith,121206,Todd Smith,,,,,,,,,,,,,,,,,,,,,,
Todd Stone,todd stone,123736,Todd Stone,,,,,,,,,,,,,,,,,,,,,,
Todd Webb,todd webb,158544,Todd Webb,,,,,,,,,,,,,,,,,,,,,,
Todd Wimbelton,todd wimbelton,858,Todd Wimbelton,,,,,,,,,,,,,,,,,,,,,,
Tokyo Magnum,tokyo magnum,44380,Tokyo Magnum,,,,,,,,,,,,,,,,,,,,,,
Tom Bennett & Tom Stone,tom bennett tom stone,165624,Tom Bennett & Tom Stone,,,,,,,,,,,,,,,,,,,,,,
Tom Branden,tom branden,135720,Tom Branden,,,,,,,,,,,,,,,,,,,,,,
Tom Brandi,tom brandi,151730,Tom Brandi,,,,,,,,,,,,,,,,,,,,,,
Tom Burante,tom burante,168760,Tom Burante,,,,,,,,,,,,,,,,,,,,,,
Tom Burton,tom burton,51538,Tom Burton,,,,,,,,,,,,,,,,,,,,,,
Tom Dixon,tom dixon,170598,Tom Dixon,,,,,,,,,,,,,,,,,,,,,,
Tom Evans,tom evans,799,Tom Evans,,,,,,,,,,,,,,,,,,,,,,
Tom Gerhardt,tom gerhardt,39458,Tom Gerhardt,,,,,,,,,,,,,,,,,,,,,,
Tom Horn,tom horn,171750,Tom Horn,,,,,,,,,,,,,,,,,,,,,,
Tom Howard,tom howard,45542,Tom Howard,,,,,,,,,,,,,,,,,,,,,,
Tom Italy,tom italy,161600,Tom Italy,,,,,,,,,,,,,,,,,,,,,,
Tom James,tom james,113868,Tom James,,,,,,,,,,,,,,,,,,,,,,
Tom Jones,tom jones,161558,Tom Jones,,,,,,,,,,,,,,,,,,,,,,
Tom King,tom king,166266,Tom King,,,,,,,,,,,,,,,,,,,,,,
Tom Knox,tom knox,156162,Tom Knox,,,,,,,,,,,,,,,,,,,,,,
Tom Landel,tom landel,166140,Tom Landel,,,,,,,,,,,,,,,,,,,,,,
Tom Laxton,tom laxton,173366,Tom Laxton,,,,,,,,,,,,,,,,,,,,,,
Tom Magee,tom magee,168734,Tom Magee,,,,,,,,,,,,,,,,,,,,,,
Tom Marquez,tom marquez,2,Tom Marquez,,,,,,,,,,,,,,,,,,,,,,
Tom Mores,tom mores,154422,Tom Mores,,,,,,,,,,,,,,,,,,,,,,
Tom O'Sullivan,tom o sullivan,147336,Tom O'Sullivan,,,,,,,,,,,,,,,,,,,,,,
Tom Prichard,tom prichard,6181,Tom Prichard,,,,,,,,,,,,,,,,,,,,,,
Tom Smith,tom smith,158718,Tom Smith,,,,,,,,,,,,,,,,,,,,,,
Tom Stark,tom stark,169030,Tom Stark,,,,,,,,,,,,,,,,,,,,,,
Tom Stone & Tony Leone,tom stone tony leone,167228,Tom Stone & Tony Leone,,,,,,,,,,,,,,,,,,,,,,
Tom Torres,tom torres,156174,Tom Torres,,,,,,,,,,,,,,,,,,,,,,
Tom Walsh,tom walsh,170170,Tom Walsh,,,,,,,,,,,,,,,,,,,,,,
Tomas Marin,tomas marin,134814,Tomas Marin,,,,,,,,,,,,,,,,,,,,,,
Tombstone,tombstone,49514,Tombstone,,,,,,,,,,,,,,,,,,,,,,
Tommaso Ciampa,tommaso ciampa,10731,Tommaso Ciampa,,,,,,,,,,,,,,,,,,,,,,
Tommaso Whitney,tommaso whitney,123298,Tommaso Whitney,,,,,,,,,,,,,,,,,,,,,,
Tommy Bonds,tommy bonds,50980,Tommy Bonds,,,,,,,,,,,,,,,,,,,,,,
Tommy Causey,tommy causey,169522,Tommy Causey,,,,,,,,,,,,,,,,,,,,,,
Tommy Drake,tommy drake,130912,Tommy Drake,,,,,,,,,,,,,,,,,,,,,,
Tommy Dreamer & Too Cold Scorpio,tommy dreamer too cold scorpio,4994,Tommy Dreamer & Too Cold Scorpio,,,,,,,,,,,,,,,,,,,,,,
Tommy Durante,tommy durante,169258,Tommy Durante,,,,,,,,,,,,,,,,,,,,,,
Tommy End,tommy end,28178,Tommy End,,,,,,,,,,,,,,,,,,,,,,
Tommy Knight,tommy knight,162026,Tommy Knight,,,,,,,,,,,,,,,,,,,,,,
Tommy Landell,tommy landell,166168,Tommy Landell,,,,,,,,,,,,,,,,,,,,,,
Tommy O'Toole,tommy o toole,136816,Tommy O'Toole,,,,,,,,,,,,,,,,,,,,,,
Tommy Rich,tommy rich,4283,Tommy Rich,,,,,,,,,,,,,,,,,,,,,,
Tommy Rogers,tommy rogers,3623,Tommy Rogers,,,,,,,,,,,,,,,,,,,,,,
Tommy Roy,tommy roy,161094,Tommy Roy,,,,,,,,,,,,,,,,,,,,,,
Tommy Sharpe,tommy sharpe,173064,Tommy Sharpe,,,,,,,,,,,,,,,,,,,,,,
Tommy Suede,tommy suede,129173,Tommy Suede,,,,,,,,,,,,,,,,,,,,,,
Tommy Ulysses,tommy ulysses,170372,Tommy Ulysses,,,,,,,,,,,,,,,,,,,,,,
Toni Storm,toni storm,17661,Toni Storm,,,,,,,,,,,,,,,,,,,,,,
Tony Altimore,tony altimore,134422,Tony Altimore,,,,,,,,,,,,,,,,,,,,,,
Tony Anthony,tony anthony,151424,Tony Anthony,,,,,,,,,,,,,,,,,,,,,,
Tony Atlas,tony atlas,52514,Tony Atlas,,,,,,,,,,,,,,,,,,,,,,
Tony Briggs,tony briggs,32968,Tony Briggs,,,,,,,,,,,,,,,,,,,,,,
Tony Burton,tony burton,166288,Tony Burton,,,,,,,,,,,,,,,,,,,,,,
Tony Cantellis,tony cantellis,135285,Tony Cantellis,,,,,,,,,,,,,,,,,,,,,,
Tony Carr,tony carr,46402,Tony Carr,,,,,,,,,,,,,,,,,,,,,,
Tony Chimel,tony chimel,147741,Tony Chimel,,,,,,,,,,,,,,,,,,,,,,
Tony D'Angelo,tony d angelo,11169,Tony D'Angelo,,,,,,,,,,,,,,,,,,,,,,
Tony DeMoro,tony demoro,161638,Tony DeMoro,,,,,,,,,,,,,,,,,,,,,,
Tony DeVito & Tony Ulysses,tony devito tony ulysses,163094,Tony DeVito & Tony Ulysses,,,,,,,,,,,,,,,,,,,,,,
Tony DiMauro,tony dimauro,160760,Tony DiMauro,,,,,,,,,,,,,,,,,,,,,,
Tony Diamond,tony diamond,165056,Tony Diamond,,,,,,,,,,,,,,,,,,,,,,
Tony Drake,tony drake,122204,Tony Drake,,,,,,,,,,,,,,,,,,,,,,
Tony Garea,tony garea,133920,Tony Garea,,,,,,,,,,,,,,,,,,,,,,
Tony Haste,tony haste,156502,Tony Haste,,,,,,,,,,,,,,,,,,,,,,
Tony Isner,tony isner,72076,Tony Isner,,,,,,,,,,,,,,,,,,,,,,
Tony Johnson,tony johnson,155004,Tony Johnson,,,,,,,,,,,,,,,,,,,,,,
Tony Jones,tony jones,119016,Tony Jones,,,,,,,,,,,,,,,,,,,,,,
Tony Manousos,tony manousos,136525,Tony Manousos,,,,,,,,,,,,,,,,,,,,,,
Tony Marino,tony marino,135471,Tony Marino,,,,,,,,,,,,,,,,,,,,,,
Tony Mello,tony mello,53356,Tony Mello,,,,,,,,,,,,,,,,,,,,,,
Tony Montana,tony montana,168036,Tony Montana,,,,,,,,,,,,,,,,,,,,,,
Tony Nardo,tony nardo,173440,Tony Nardo,,,,,,,,,,,,,,,,,,,,,,
Tony Nero,tony nero,136006,Tony Nero,,,,,,,,,,,,,,,,,,,,,,
Tony Nese,tony nese,17980,Tony Nese,,,,,,,,,,,,,,,,,,,,,,
Tony Newberry,tony newberry,136139,Tony Newberry,,,,,,,,,,,,,,,,,,,,,,
Tony Outter,tony outter,159322,Tony Outter,,,,,,,,,,,,,,,,,,,,,,
Tony Pena,tony pena,49748,Tony Pena,,,,,,,,,,,,,,,,,,,,,,
Tony Richter,tony richter,165298,Tony Richter,,,,,,,,,,,,,,,,,,,,,,
Tony Rocco,tony rocco,175534,Tony Rocco,,,,,,,,,,,,,,,,,,,,,,
Tony Roy,tony roy,153374,Tony Roy,,,,,,,,,,,,,,,,,,,,,,
Tony Russo,tony russo,133888,Tony Russo,,,,,,,,,,,,,,,,,,,,,,
Tony Salantri,tony salantri,128730,Tony Salantri,,,,,,,,,,,,,,,,,,,,,,
Tony Simon,tony simon,136504,Tony Simon,,,,,,,,,,,,,,,,,,,,,,
Tony Squire,tony squire,165840,Tony Squire,,,,,,,,,,,,,,,,,,,,,,
Tony Stetson,tony stetson,8548,Tony Stetson,,,,,,,,,,,,,,,,,,,,,,
Tony Suber,tony suber,169286,Tony Suber,,,,,,,,,,,,,,,,,,,,,,
Tony Ulysses & Troy Durham,tony ulysses troy durham,166538,Tony Ulysses & Troy Durham,,,,,,,,,,,,,,,,,,,,,,
Tony Webb,tony webb,160086,Tony Webb,,,,,,,,,,,,,,,,,,,,,,
Tony Williams,tony williams,151970,Tony Williams,,,,,,,,,,,,,,,,,,,,,,
Top Dolla,top dolla,60654,Top Dolla,,,,,,,,,,,,,,,,,,,,,,
Top Gun,top gun,49232,Top Gun,,,,,,,,,,,,,,,,,,,,,,
Tor Kamata,tor kamata,134274,Tor Kamata,,,,,,,,,,,,,,,,,,,,,,
Torrie Wilson,torrie wilson,37532,Torrie Wilson,,,,,,,,,,,,,,,,,,,,,,
Toshi Uematsu,toshi uematsu,48987,Toshi Uematsu,,,,,,,,,,,,,,,,,,,,,,
Tracy Canel,tracy canel,159054,Tracy Canel,,,,,,,,,,,,,,,,,,,,,,
Tracy Smothers,tracy smothers,1602,Tracy Smothers,,,,,,,,,,,,,,,,,,,,,,
Travis & Troy,travis troy,155050,Travis & Troy,,,,,,,,,,,,,,,,,,,,,,
Travis Bane,travis bane,129415,Travis Bane,,,,,,,,,,,,,,,,,,,,,,
Travis Banks,travis banks,19092,Travis Banks,,,,,,,,,,,,,,,,,,,,,,
Travis Horn,travis horn,70962,Travis Horn,,,,,,,,,,,,,,,,,,,,,,
Travis Tomko,travis tomko,127917,Travis Tomko,,,,,,,,,,,,,,,,,,,,,,
Travis Tyler,travis tyler,34126,Travis Tyler,,,,,,,,,,,,,,,,,,,,,,
Trent Beretta,trent beretta,109793,Trent Beretta,,,,,,,,,,,,,,,,,,,,,,
Trent Knight,trent knight,168388,Trent Knight,,,,,,,,,,,,,,,,,,,,,,
Trent Newman,trent newman,71036,Trent Newman,,,,,,,,,,,,,,,,,,,,,,
Trent Seven,trent seven,18880,Trent Seven,,,,,,,,,,,,,,,,,,,,,,
Trent Young,trent young,9808,Trent Young,,,,,,,,,,,,,,,,,,,,,,
Trevor Allen,trevor allen,47970,Trevor Allen,,,,,,,,,,,,,,,,,,,,,,
Trevor Blanchard,trevor blanchard,44778,Trevor Blanchard,,,,,,,,,,,,,,,,,,,,,,
Trevor Lee,trevor lee,20760,Trevor Lee,,,,,,,,,,,,,,,,,,,,,,
Trevor Murdoch,trevor murdoch,109498,Trevor Murdoch,,,,,,,,,,,,,,,,,,,,,,
Trey Baxter,trey baxter,17436,Trey Baxter,,,,,,,,,,,,,,,,,,,,,,
Trey Bearhill,trey bearhill,13488,Trey Bearhill,,,,,,,,,,,,,,,,,,,,,,
Trey Conveyer & Virgil,trey conveyer virgil,159432,Trey Conveyer & Virgil,,,,,,,,,,,,,,,,,,,,,,
Trey Miguel,trey miguel,10756,Trey Miguel,,,,,,,,,,,,,,,,,,,,,,
Trick Williams,trick williams,10439,Trick Williams,,,,,,,,,,,,,,,,,,,,,,
Trill London,trill london,11326,Trill London,,,,,,,,,,,,,,,,,,,,,,
Triple A,triple a,41020,Triple A,,,,,,,,,,,,,,,,,,,,,,
Triple H,triple h,34160760,Triple H,,WWE Mens,,,1969-07-27,United States,,,https://r2.thesportsdb.com/images/media/player/thumb/4pfiey1575122188.jpg,,WWE Mens,,thesportsdb,,,,,,,,,
Tripp Bradshaw,tripp bradshaw,80082,Tripp Bradshaw,,,,,,,,,,,,,,,,,,,,,,
Trish Adora,trish adora,22936,Trish Adora,,,,,,,,,,,,,,,,,,,,,,
Trish Stratus,trish stratus,55452,Trish Stratus,,,,,,,,,,,,,,,,,,,,,,
Troy Hasty,troy hasty,156448,Troy Hasty,,,,,,,,,,,,,,,,,,,,,,
Troy McClain,troy mcclain,33878,Troy McClain,,,,,,,,,,,,,,,,,,,,,,
Truth Martini,truth martini,129734,Truth Martini,,,,,,,,,,,,,,,,,,,,,,
Tully Blanchard,tully blanchard,8942,Tully Blanchard,,,,,,,,,,,,,,,,,,,,,,
Turbo,turbo,151349,Turbo,,,,,,,,,,,,,,,,,,,,,,
Ty Dalton,ty dalton,120330,Ty Dalton,,,,,,,,,,,,,,,,,,,,,,
Ty Wheeler,ty wheeler,131596,Ty Wheeler,,,,,,,,,,,,,,,,,,,,,,
Tye Dillinger,tye dillinger,23587,Tye Dillinger,,,,,,,,,,,,,,,,,,,,,,
Tygress,tygress,37531,Tygress,,,,,,,,,,,,,,,,,,,,,,
Tyler Bate,tyler bate,13918,Tyler Bate,,,,,,,,,,,,,,,,,,,,,,
Tyler Black,tyler black,111175,Tyler Black,,,,,,,,,,,,,,,,,,,,,,
Tyler Breeze,tyler breeze,10884,Tyler Breeze,,,,,,,,,,,,,,,,,,,,,,
Tyler Reks,tyler reks,104026,Tyler Reks,,,,,,,,,,,,,,,,,,,,,,
Tyler Rust,tyler rust,17569,Tyler Rust,,,,,,,,,,,,,,,,,,,,,,
Typhoon,typhoon,158943,Typhoon,,,,,,,,,,,,,,,,,,,,,,
Tyra Mae Steele,tyra mae steele,10374,Tyra Mae Steele,,,,,,,,,,,,,,,,,,,,,,
Tyriek Igwe & Tyson Dupont,tyriek igwe tyson dupont,10392,Tyriek Igwe & Tyson Dupont,,,,,,,,,,,,,,,,,,,,,,
Tyrone Knox,tyrone knox,157486,Tyrone Knox,,,,,,,,,,,,,,,,,,,,,,
Tyson Dean,tyson dean,73888,Tyson Dean,,,,,,,,,,,,,,,,,,,,,,
Tyson Dux,tyson dux,83370,Tyson Dux,,,,,,,,,,,,,,,,,,,,,,
Tyson Fury,tyson fury,71373,Tyson Fury,,,,,,,,,,,,,,,,,,,,,,
Tyson Kidd,tyson kidd,32922,Tyson Kidd,,,,,,,,,,,,,,,,,,,,,,
Tyson Moody,tyson moody,130079,Tyson Moody,,,,,,,,,,,,,,,,,,,,,,
Tyson T-Bone & Wolfgang,tyson t bone wolfgang,23466,Tyson T-Bone & Wolfgang,,,,,,,,,,,,,,,,,,,,,,
Tyson Tomko,tyson tomko,122578,Tyson Tomko,,,,,,,,,,,,,,,,,,,,,,
Tzuki,tzuki,122686,Tzuki,,,,,,,,,,,,,,,,,,,,,,
Ubas,ubas,6022,Ubas,,,,,,,,,,,,,,,,,,,,,,
Uganda,uganda,1638,Uganda,,,,,,,,,,,,,,,,,,,,,,
Uhaa Nation,uhaa nation,32039,Uhaa Nation,,,,,,,,,,,,,,,,,,,,,,
Ulf Herman,ulf herman,3736,Ulf Herman,,,,,,,,,,,,,,,,,,,,,,
Ultimate Dragon,ultimate dragon,49569,Ultimate Dragon,,,,,,,,,,,,,,,,,,,,,,
Ultimo Dragon,ultimo dragon,45529,Ultimo Dragon,,,,,,,,,,,,,,,,,,,,,,
Umaga,umaga,114316,Umaga,,,,,,,,,,,,,,,,,,,,,,
Uncle Elmer,uncle elmer,174296,Uncle Elmer,,,,,,,,,,,,,,,,,,,,,,
Uncle Howdy,uncle howdy,57593,Uncle Howdy,,,,,,,,,,,,,,,,,,,,,,
Uncle Sam,uncle sam,85820,Uncle Sam,,,,,,,,,,,,,,,,,,,,,,
Uncle Zebekiah,uncle zebekiah,154772,Uncle Zebekiah,,,,,,,,,,,,,,,,,,,,,,
Unknown Male Wrestler,unknown male wrestler,9632,Unknown Male Wrestler,,,,,,,,,,,,,,,,,,,,,,
Unknown Participants,unknown participants,3240,Unknown Participants,,,,,,,,,,,,,,,,,,,,,,
Uriah Connors & Vincent Winey,uriah connors vincent winey,12686,Uriah Connors & Vincent Winey,,,,,,,,,,,,,,,,,,,,,,
Uriel Ealy,uriel ealy,24238,Uriel Ealy,,,,,,,,,,,,,,,,,,,,,,
V. K. Wallstreet,v k wallstreet,47044,V. K. Wallstreet,,,,,,,,,,,,,,,,,,,,,,
Vader,vader,51637,Vader,,,,,,,,,,,,,,,,,,,,,,
Val Venis,val venis,117172,Val Venis,,,,,,,,,,,,,,,,,,,,,,
Valentina Feroz & Yulisa Leon,valentina feroz yulisa leon,14662,Valentina Feroz & Yulisa Leon,,,,,,,,,,,,,,,,,,,,,,
Valhalla,valhalla,59178,Valhalla,,,,,,,,,,,,,,,,,,,,,,
Van Hammer,van hammer,39387,Van Hammer,,,,,,,,,,,,,,,,,,,,,,
Van Van Horne,van van horne,171086,Van Van Horne,,,,,,,,,,,,,,,,,,,,,,
Vance Archer,vance archer,110802,Vance Archer,,,,,,,,,,,,,,,,,,,,,,
Vanessa Borne,vanessa borne,18964,Vanessa Borne,,,,,,,,,,,,,,,,,,,,,,
Vanessa Floyd,vanessa floyd,75670,Vanessa Floyd,,,,,,,,,,,,,,,,,,,,,,
Veer,veer,66664,Veer,,,,,,,,,,,,,,,,,,,,,,
Velvet McIntyre,velvet mcintyre,172196,Velvet McIntyre,,,,,,,,,,,,,,,,,,,,,,
Vennis DeMarco,vennis demarco,150636,Vennis DeMarco,,,,,,,,,,,,,,,,,,,,,,
Vern Siebert,vern siebert,165366,Vern Siebert,,,,,,,,,,,,,,,,,,,,,,
Verne Gagne,verne gagne,134197,Verne Gagne,,,,,,,,,,,,,,,,,,,,,,
Vernon White,vernon white,153674,Vernon White,,,,,,,,,,,,,,,,,,,,,,
Veronica Lane,veronica lane,34338,Veronica Lane,,,,,,,,,,,,,,,,,,,,,,
Vic Capri,vic capri,143082,Vic Capri,,,,,,,,,,,,,,,,,,,,,,
Vic D. Vine,vic d vine,124578,Vic D. Vine,,,,,,,,,,,,,,,,,,,,,,
Vic Grimes,vic grimes,832,Vic Grimes,,,,,,,,,,,,,,,,,,,,,,
Vicki Williams,vicki williams,133996,Vicki Williams,,,,,,,,,,,,,,,,,,,,,,
Vickie Guerrero,vickie guerrero,93844,Vickie Guerrero,,,,,,,,,,,,,,,,,,,,,,
Victor Camille & Will Flores,victor camille will flores,119996,Victor Camille & Will Flores,,,,,,,,,,,,,,,,,,,,,,
Victor Orchant,victor orchant,22690,Victor Orchant,,,,,,,,,,,,,,,,,,,,,,
Victor Reed,victor reed,162560,Victor Reed,,,,,,,,,,,,,,,,,,,,,,
Victor Reeves,victor reeves,162544,Victor Reeves,,,,,,,,,,,,,,,,,,,,,,
Victor Rivera,victor rivera,133874,Victor Rivera,,,,,,,,,,,,,,,,,,,,,,
Viko Batomango,viko batomango,119756,Viko Batomango,,,,,,,,,,,,,,,,,,,,,,
Vin Grier,vin grier,155404,Vin Grier,,,,,,,,,,,,,,,,,,,,,,
Vince Russo,vince russo,37599,Vince Russo,,,,,,,,,,,,,,,,,,,,,,
Vince Vicallo,vince vicallo,132108,Vince Vicallo,,,,,,,,,,,,,,,,,,,,,,
Vincent Goodnight,vincent goodnight,144172,Vincent Goodnight,,,,,,,,,,,,,,,,,,,,,,
Vincente Pometti,vincente pometti,135452,Vincente Pometti,,,,,,,,,,,,,,,,,,,,,,
Vinnie Valentino,vinnie valentino,171889,Vinnie Valentino,,,,,,,,,,,,,,,,,,,,,,
Vinnie Vegas,vinnie vegas,52474,Vinnie Vegas,,,,,,,,,,,,,,,,,,,,,,
Vinny Pacifico,vinny pacifico,17284,Vinny Pacifico,,,,,,,,,,,,,,,,,,,,,,
Violet Payne,violet payne,22926,Violet Payne,,,,,,,,,,,,,,,,,,,,,,
Virgil the Kentucky Butcher,virgil the kentucky butcher,135780,Virgil the Kentucky Butcher,,,,,,,,,,,,,,,,,,,,,,
Virginia Ferry,virginia ferry,17470,Virginia Ferry,,,,,,,,,,,,,,,,,,,,,,
Viscera,viscera,119422,Viscera,,,,,,,,,,,,,,,,,,,,,,
Vito Cruz,vito cruz,164946,Vito Cruz,,,,,,,,,,,,,,,,,,,,,,
Vito DeNucci,vito denucci,138842,Vito DeNucci,,,,,,,,,,,,,,,,,,,,,,
Vito Krus,vito krus,162986,Vito Krus,,,,,,,,,,,,,,,,,,,,,,
Vittorio Apollo,vittorio apollo,136205,Vittorio Apollo,,,,,,,,,,,,,,,,,,,,,,
Vivian St. John & Winona Littleheart,vivian st john winona littleheart,134150,Vivian St. John & Winona Littleheart,,,,,,,,,,,,,,,,,,,,,,
Vladimir Markoff,vladimir markoff,10050,Vladimir Markoff,,,,,,,,,,,,,,,,,,,,,,
Von Wagner,von wagner,13316,Von Wagner,,,,,,,,,,,,,,,,,,,,,,
Vordell Walker,vordell walker,92522,Vordell Walker,,,,,,,,,,,,,,,,,,,,,,
W. D. Wellington,w d wellington,171566,W. D. Wellington,,,,,,,,,,,,,,,,,,,,,,
W. T. Gates,w t gates,129678,W. T. Gates,,,,,,,,,,,,,,,,,,,,,,
W. T. Jones,w t jones,162118,W. T. Jones,,,,,,,,,,,,,,,,,,,,,,
WALTER,walter,17193,WALTER,,,,,,,,,,,,,,,,,,,,,,
Wade Barrett,wade barrett,35669,Wade Barrett,,,,,,,,,,,,,,,,,,,,,,
Wahoo McDaniel,wahoo mcdaniel,51673,Wahoo McDaniel,,,,,,,,,,,,,,,,,,,,,,
Waldo Von Erich,waldo von erich,134649,Waldo Von Erich,,,,,,,,,,,,,,,,,,,,,,
Walt Snow,walt snow,157888,Walt Snow,,,,,,,,,,,,,,,,,,,,,,
Warren Bianchi,warren bianchi,163580,Warren Bianchi,,,,,,,,,,,,,,,,,,,,,,
Wavell Starr,wavell starr,121676,Wavell Starr,,,,,,,,,,,,,,,,,,,,,,
Waylon Mercy,waylon mercy,156167,Waylon Mercy,,,,,,,,,,,,,,,,,,,,,,
Wayne Bloom,wayne bloom,46162,Wayne Bloom,,,,,,,,,,,,,,,,,,,,,,
Wayne Bradley,wayne bradley,155614,Wayne Bradley,,,,,,,,,,,,,,,,,,,,,,
Wayne Kostyal,wayne kostyal,117764,Wayne Kostyal,,,,,,,,,,,,,,,,,,,,,,
Weasel,weasel,274,Weasel,,,,,,,,,,,,,,,,,,,,,,
Wellington Wilkins Jr.,wellington wilkins jr,151507,Wellington Wilkins Jr.,,,,,,,,,,,,,,,,,,,,,,
Wendi Richter,wendi richter,174614,Wendi Richter,,,,,,,,,,,,,,,,,,,,,,
Wendy Choo,wendy choo,10888,Wendy Choo,,,,,,,,,,,,,,,,,,,,,,
Wes Adams,wes adams,120196,Wes Adams,,,,,,,,,,,,,,,,,,,,,,
Wes Hutchins,wes hutchins,135920,Wes Hutchins,,,,,,,,,,,,,,,,,,,,,,
Wes Lee,wes lee,11154,Wes Lee,,,,,,,,,,,,,,,,,,,,,,
White Shadow,white shadow,161410,White Shadow,,,,,,,,,,,,,,,,,,,,,,
Who,who,154654,Who,,,,,,,,,,,,,,,,,,,,,,
Wild Red Berry,wild red berry,136184,Wild Red Berry,,,,,,,,,,,,,,,,,,,,,,
Wildman Austin,wildman austin,141522,Wildman Austin,,,,,,,,,,,,,,,,,,,,,,
Will Sasso,will sasso,43504,Will Sasso,,,,,,,,,,,,,,,,,,,,,,
Willem Ruska,willem ruska,134068,Willem Ruska,,,,,,,,,,,,,,,,,,,,,,
William Ford,william ford,166158,William Ford,,,,,,,,,,,,,,,,,,,,,,
William Regal,william regal,34824,William Regal,,,,,,,,,,,,,,,,,,,,,,
William Tabb,william tabb,174006,William Tabb,,,,,,,,,,,,,,,,,,,,,,
William Worthy,william worthy,46428,William Worthy,,,,,,,,,,,,,,,,,,,,,,
Willie Bath,willie bath,136792,Willie Bath,,,,,,,,,,,,,,,,,,,,,,
Willie Choke,willie choke,153604,Willie Choke,,,,,,,,,,,,,,,,,,,,,,
Willie Farkus,willie farkus,135634,Willie Farkus,,,,,,,,,,,,,,,,,,,,,,
Willington Wilkins,willington wilkins,171738,Willington Wilkins,,,,,,,,,,,,,,,,,,,,,,
Winbies #1 & Winbies #2,winbies 1 winbies 2,145007,Winbies #1 & Winbies #2,,,,,,,,,,,,,,,,,,,,,,
Wing Kanemura,wing kanemura,5945,Wing Kanemura,,,,,,,,,,,,,,,,,,,,,,
Wolf & Yar,wolf yar,6584,Wolf & Yar,,,,,,,,,,,,,,,,,,,,,,
Wolf Hawkfield,wolf hawkfield,4035,Wolf Hawkfield,,,,,,,,,,,,,,,,,,,,,,
Wolfman Farkus,wolfman farkus,134711,Wolfman Farkus,,,,,,,,,,,,,,,,,,,,,,
Woody Lee,woody lee,171078,Woody Lee,,,,,,,,,,,,,,,,,,,,,,
Wrath,wrath,42749,Wrath,,,,,,,,,,,,,,,,,,,,,,
Wren Sinclair,wren sinclair,10402,Wren Sinclair,,,,,,,,,,,,,,,,,,,,,,
Wyatt Lara,wyatt lara,119408,Wyatt Lara,,,,,,,,,,,,,,,,,,,,,,
X-Pac,x pac,133526,X-Pac,,,,,,,,,,,,,,,,,,,,,,
Xanta Klaus,xanta klaus,155793,Xanta Klaus,,,,,,,,,,,,,,,,,,,,,,
Xavier Woods,xavier woods,34120,Xavier Woods,,,,,,,,,,,,,,,,,,,,,,
Xia Li,xia li,14078,Xia Li,,,,,,,,,,,,,,,,,,,,,,
Xyon Quinn,xyon quinn,15271,Xyon Quinn,,,,,,,,,,,,,,,,,,,,,,
Yoshi Kwan,yoshi kwan,52348,Yoshi Kwan,,,,,,,,,,,,,,,,,,,,,,
Yoshi Tatsu,yoshi tatsu,34345,Yoshi Tatsu,,,,,,,,,,,,,,,,,,,,,,
Yoshiaki Yatsu,yoshiaki yatsu,176127,Yoshiaki Yatsu,,,,,,,,,,,,,,,,,,,,,,
Yoshihiro Tajiri,yoshihiro tajiri,6,Yoshihiro Tajiri,,,,,,,,,,,,,,,,,,,,,,
Yoshiki Inamura,yoshiki inamura,11072,Yoshiki Inamura,,,,,,,,,,,,,,,,,,,,,,
Young Dragon #1 & Young Dragon #2,young dragon 1 young dragon 2,9074,Young Dragon #1 & Young Dragon #2,,,,,,,,,,,,,,,,,,,,,,
Yuji Nagata,yuji nagata,45523,Yuji Nagata,,,,,,,,,,,,,,,,,,,,,,
Yuji Yasuraoka,yuji yasuraoka,48744,Yuji Yasuraoka,,,,,,,,,,,,,,,,,,,,,,
Yukihiro Kanemura,yukihiro kanemura,856,Yukihiro Kanemura,,,,,,,,,,,,,,,,,,,,,,
Yukon Eric,yukon eric,133980,Yukon Eric,,,,,,,,,,,,,,,,,,,,,,
Yukon Pierre,yukon pierre,133904,Yukon Pierre,,,,,,,,,,,,,,,,,,,,,,
Z-Man,z man,53013,Z-Man,,,,,,,,,,,,,,,,,,,,,,
ZZ Loupe,zz loupe,30289,ZZ Loupe,,,,,,,,,,,,,,,,,,,,,,
Zac Evans,zac evans,78138,Zac Evans,,,,,,,,,,,,,,,,,,,,,,
Zach Gowen,zach gowen,129146,Zach Gowen,,,,,,,,,,,,,,,,,,,,,,
Zachary Wentz,zachary wentz,10690,Zachary Wentz,,,,,,,,,,,,,,,,,,,,,,
Zack Gibson,zack gibson,22960,Zack Gibson,,,,,,,,,,,,,,,,,,,,,,
Zack Ryder,zack ryder,30655,Zack Ryder,,,,,,,,,,,,,,,,,,,,,,
Zack Sabre Jr.,zack sabre jr,82160,Zack Sabre Jr.,,,,,,,,,,,,,,,,,,,,,,
Zan Panzer,zan panzer,53256,Zan Panzer,,,,,,,,,,,,,,,,,,,,,,
Zane Morris,zane morris,143866,Zane Morris,,,,,,,,,,,,,,,,,,,,,,
Zara Zakher,zara zakher,55700,Zara Zakher,,,,,,,,,,,,,,,,,,,,,,
Zaria,zaria,10542,Zaria,,,,,,,,,,,,,,,,,,,,,,
Zatara,zatara,74418,Zatara,,,,,,,,,,,,,,,,,,,,,,
Zayda Ramier,zayda ramier,17656,Zayda Ramier,,,,,,,,,,,,,,,,,,,,,,
Zayda Steel,zayda steel,54884,Zayda Steel,,,,,,,,,,,,,,,,,,,,,,
Zeb Colter,zeb colter,99822,Zeb Colter,,,,,,,,,,,,,,,,,,,,,,
Zeda,zeda,24482,Zeda,,,,,,,,,,,,,,,,,,,,,,
Zelina Vega,zelina vega,24090,Zelina Vega,,,,,,,,,,,,,,,,,,,,,,
Zena Sterling,zena sterling,10342,Zena Sterling,,,,,,,,,,,,,,,,,,,,,,
Zero,zero,49809,Zero,,,,,,,,,,,,,,,,,,,,,,
Zeuxis,zeuxis,74390,Zeuxis,,,,,,,,,,,,,,,,,,,,,,
Zip,zip,154520,Zip,,,,,,,,,,,,,,,,,,,,,,
Zodiac,zodiac,51341,Zodiac,,,,,,,,,,,,,,,,,,,,,,
Zoey Stark,zoey stark,15214,Zoey Stark,,,,,,,,,,,,,,,,,,,,,,
Zokre,zokre,118988,Zokre,,,,,,,,,,,,,,,,,,,,,,
ma.çé & mån.sôör,ma ce man soor,61482,ma.çé & mån.sôör,,,,,,,,,,,,,,,,,,,,,,
